order_id,customer_id,order_date,status,region_code
1,335,2023-11-12 15:45:05,DELIVERED,WEST
2,448,2025-10-06 11:46:25,PLACED,SOUTH
3,57,2023-05-14 22:14:45,DELIVERED,EAST
4,141,2025-10-19 05:58:12,SHIPPED,NORTH
5,266,2024-06-22 14:06:14,DELIVERED,SOUTH
6,31,2024-02-22 12:15:58,CANCELLED,EAST
7,591,2024-02-27 12:10:17,DELIVERED,NORTH
8,581,2025-03-04 11:19:43,DELIVERED,SOUTH
9,119,2024-02-01 07:25:00,DELIVERED,SOUTH
10,251,04-01-2023,DELIVERED,NORTH
11,37,2024-08-17 22:30:34,CANCELLED,CENTRAL
12,427,2025-10-15 14:23:26,DELIVERED,EAST
13,54,2023-05-01 23:50:25,SHIPPED,SOUTH
14,71,2025-03-12 05:27:11,CANCELLED,WEST
15,9,2024-04-27 15:39:09,SHIPPED,EAST
16,249,2025-05-25 20:14:19,DELIVERED,WEST
17,560,2025-02-05 09:49:08,SHIPPED,SOUTH
18,10,28-09-2024,PLACED,EAST
19,315,2025-10-18 02:03:49,SHIPPED,NORTH
20,146,2024-01-05 23:31:53,PLACED,EAST
21,382,2023-12-26 13:55:22,RETURNED,WEST
22,404,2023-05-12 21:23:29,DELIVERED,NORTH
23,243,2023-04-07 18:04:24,DELIVERED,EAST
24,335,2024-05-04 08:23:00,DELIVERED,EAST
25,599,29-12-2023,SHIPPED,NORTH
26,124,2023-09-13 08:20:36,DELIVERED,CENTRAL
27,123,2023-11-19 13:14:22,SHIPPED,NORTH
28,42,2025-12-01 17:58:42,CANCELLED,SOUTH
29,365,2024-05-24 05:02:00,DELIVERED,WEST
30,179,2025-11-17 23:13:34,RETURNED,NORTH
31,97,2024-12-03 11:16:53,SHIPPED,WEST
32,228,2023-08-06 03:51:44,SHIPPED,SOUTH
33,87,2024-09-14 06:46:20,DELIVERED,CENTRAL
34,455,27-04-2023,PLACED,SOUTH
35,52,2024-05-30 01:04:33,RETURNED,SOUTH
36,31,2024-11-03 21:14:24,DELIVERED,WEST
37,282,2023-09-26 10:43:11,DELIVERED,EAST
38,252,19-08-2023,DELIVERED,EAST
39,393,2025-05-05 11:09:41,DELIVERED,SOUTH
40,557,2025-09-25 07:49:21,RETURNED,NORTH
41,353,2024-07-11 20:40:11,DELIVERED,CENTRAL
42,,2024-08-26 07:54:12,SHIPPED,CENTRAL
43,543,12-03-2024,DELIVERED,EAST
44,247,2023-12-28 14:00:03,DELIVERED,EAST
45,590,2023-03-28 20:25:32,DELIVERED,WEST
46,368,2023-09-27 20:27:14,PLACED,CENTRAL
47,146,2025-12-24 06:47:59,RETURNED,CENTRAL
48,39,2025-02-03 15:32:32,PLACED,NORTH
49,1,2025-07-23 15:36:52,RETURNED,EAST
50,182,2023-11-09 23:08:11,PLACED,EAST
51,114,2023-08-18 11:06:11,CANCELLED,CENTRAL
52,406,2023-04-23 16:10:27,SHIPPED,CENTRAL
53,448,2024-04-13 18:37:13,DELIVERED,WEST
54,366,2023-09-28 14:44:46,DELIVERED,SOUTH
55,302,2023-09-30 09:34:57,SHIPPED,SOUTH
56,401,2023-01-03 19:01:50,PLACED,CENTRAL
57,227,2025-07-24 18:40:38,SHIPPED,CENTRAL
58,244,2025-02-09 19:07:11,RETURNED,EAST
59,344,2023-09-18 19:17:47,PLACED,WEST
60,263,2023-11-22 17:35:48,DELIVERED,NORTH
61,171,2023-03-16 19:04:02,DELIVERED,WEST
62,491,2024-08-11 07:25:41,DELIVERED,CENTRAL
63,35,2025-12-03 11:11:48,PLACED,EAST
64,175,2024-02-10 15:32:47,SHIPPED,WEST
65,96,2023-04-27 12:17:34,DELIVERED,EAST
66,442,2025-08-11 06:20:00,DELIVERED,SOUTH
67,211,2024-11-05 12:09:49,DELIVERED,SOUTH
68,272,2025-05-10 18:48:31,DELIVERED,EAST
69,503,30-05-2023,PLACED,SOUTH
70,492,2023-01-06 22:15:17,PLACED,SOUTH
71,84,2023-11-18 11:45:59,CANCELLED,WEST
72,272,2024-04-24 00:14:52,DELIVERED,NORTH
73,379,2024-08-25 00:03:29,DELIVERED,SOUTH
74,276,2024-02-14 00:23:06,PLACED,CENTRAL
75,353,2025-12-17 22:19:08,DELIVERED,CENTRAL
76,397,2025-07-05 02:35:43,DELIVERED,CENTRAL
77,587,2025-04-11 21:25:27,DELIVERED,SOUTH
78,36,2023-05-03 15:39:27,DELIVERED,CENTRAL
79,151,2025-03-13 20:20:56,RETURNED,NORTH
80,217,2024-11-28 13:24:53,SHIPPED,SOUTH
81,207,19-10-2024,CANCELLED,SOUTH
82,69,2024-02-05 14:42:01,DELIVERED,NORTH
83,533,2024-09-09 06:28:04,RETURNED,WEST
84,536,2023-01-20 04:57:20,SHIPPED,WEST
85,103,2023-08-21 11:04:12,DELIVERED,NORTH
86,353,2023-06-06 21:11:47,DELIVERED,WEST
87,39,2025-10-14 04:15:13,DELIVERED,SOUTH
88,412,2023-08-12 11:12:58,DELIVERED,NORTH
89,,2024-05-29 22:59:41,RETURNED,WEST
90,311,01-08-2024,DELIVERED,EAST
91,234,2025-02-02 16:53:33,DELIVERED,SOUTH
92,427,2024-11-19 08:21:39,DELIVERED,CENTRAL
93,417,2023-10-19 22:45:01,DELIVERED,WEST
94,163,2024-08-03 20:22:58,DELIVERED,NORTH
95,537,2025-02-26 06:41:50,PLACED,CENTRAL
96,60,2023-10-27 10:44:31,PLACED,SOUTH
97,281,2023-03-20 12:59:11,CANCELLED,EAST
98,32,2025-02-23 16:28:34,DELIVERED,SOUTH
99,486,2025-07-11 19:33:01,DELIVERED,CENTRAL
100,93,2024-06-18 18:31:59,PLACED,EAST
101,220,2023-03-19 03:07:30,DELIVERED,SOUTH
102,526,2025-11-18 18:18:36,CANCELLED,NORTH
103,178,25-11-2025,CANCELLED,CENTRAL
104,313,2023-12-14 14:45:05,DELIVERED,EAST
105,224,2024-08-07 20:01:19,DELIVERED,WEST
106,105,2025-03-19 18:47:15,DELIVERED,NORTH
107,575,2025-10-25 22:24:03,DELIVERED,CENTRAL
108,345,2024-04-08 15:59:20,DELIVERED,EAST
109,306,2024-03-06 03:01:06,SHIPPED,SOUTH
110,414,2024-01-09 07:06:38,DELIVERED,EAST
111,266,2023-02-09 13:02:28,DELIVERED,WEST
112,195,2023-02-24 20:47:16,DELIVERED,EAST
113,488,2023-12-12 10:18:02,DELIVERED,EAST
114,186,2023-09-22 01:33:43,PLACED,EAST
115,573,2023-07-18 18:06:11,RETURNED,SOUTH
116,229,2024-06-05 09:17:06,DELIVERED,EAST
117,475,2024-05-29 16:23:53,DELIVERED,NORTH
118,73,2025-09-12 12:01:29,CANCELLED,WEST
119,543,2025-02-16 11:08:56,DELIVERED,EAST
120,420,2023-08-23 05:25:41,CANCELLED,CENTRAL
121,185,2024-12-11 19:29:58,DELIVERED,NORTH
122,60,2025-09-07 06:36:24,DELIVERED,NORTH
123,163,2023-11-22 06:20:25,DELIVERED,WEST
124,440,2023-05-17 18:25:09,DELIVERED,WEST
125,,2025-01-11 14:46:20,DELIVERED,SOUTH
126,544,2023-01-22 20:49:58,PLACED,SOUTH
127,353,2023-01-07 09:44:51,SHIPPED,EAST
128,67,2024-08-18 19:47:53,DELIVERED,NORTH
129,537,2024-03-27 18:50:45,DELIVERED,EAST
130,502,2025-12-02 21:01:11,DELIVERED,EAST
131,414,2023-09-14 03:18:09,SHIPPED,NORTH
132,,2023-07-23 19:42:21,SHIPPED,CENTRAL
133,385,2024-07-23 11:31:11,DELIVERED,EAST
134,111,26-08-2025,PLACED,NORTH
135,561,2023-06-29 20:57:27,DELIVERED,EAST
136,10,2023-08-26 20:59:31,DELIVERED,EAST
137,141,2023-06-06 20:48:05,CANCELLED,WEST
138,290,2023-06-12 23:29:10,DELIVERED,NORTH
139,270,2025-02-12 05:03:26,RETURNED,CENTRAL
140,41,2024-07-10 00:17:35,DELIVERED,CENTRAL
141,241,2023-11-19 15:23:34,PLACED,NORTH
142,506,2023-05-19 06:15:58,RETURNED,SOUTH
143,263,05-03-2025,DELIVERED,SOUTH
144,179,2024-04-04 20:30:24,CANCELLED,NORTH
145,119,2024-07-13 13:46:33,CANCELLED,NORTH
146,175,13-03-2023,DELIVERED,EAST
147,96,2024-11-10 23:10:47,CANCELLED,EAST
148,468,2023-10-12 01:51:58,CANCELLED,EAST
149,171,2025-12-07 17:25:36,SHIPPED,NORTH
150,107,2023-04-02 02:29:45,RETURNED,WEST
151,186,2025-01-19 19:25:21,DELIVERED,CENTRAL
152,134,2024-07-11 01:32:11,RETURNED,WEST
153,65,2023-06-25 10:36:51,DELIVERED,EAST
154,591,2023-01-20 04:49:19,SHIPPED,CENTRAL
155,98,2025-11-06 13:36:27,DELIVERED,WEST
156,395,2024-01-22 03:37:19,CANCELLED,SOUTH
157,12,2025-05-17 08:34:54,DELIVERED,SOUTH
158,77,2024-12-30 00:21:34,DELIVERED,WEST
159,229,2024-05-29 00:39:13,DELIVERED,CENTRAL
160,455,2024-09-18 11:15:21,DELIVERED,CENTRAL
161,510,2025-02-13 07:47:31,SHIPPED,NORTH
162,94,02-10-2024,RETURNED,CENTRAL
163,212,2025-09-17 09:08:38,RETURNED,WEST
164,466,2024-07-18 10:23:21,DELIVERED,EAST
165,373,2025-08-20 18:15:06,SHIPPED,WEST
166,299,2025-10-20 13:57:17,DELIVERED,CENTRAL
167,505,2025-12-26 16:02:17,CANCELLED,SOUTH
168,193,2024-09-27 16:28:58,RETURNED,NORTH
169,196,2024-09-02 08:14:34,SHIPPED,EAST
170,127,05-10-2024,DELIVERED,WEST
171,511,2025-07-04 11:17:56,DELIVERED,NORTH
172,600,2023-03-17 10:52:50,RETURNED,WEST
173,132,2023-10-03 06:35:08,DELIVERED,NORTH
174,394,2025-07-21 21:58:42,RETURNED,WEST
175,352,2025-12-11 18:51:01,DELIVERED,EAST
176,525,2023-07-27 04:27:44,CANCELLED,EAST
177,567,2025-04-30 23:41:12,SHIPPED,SOUTH
178,136,2025-08-27 14:39:15,DELIVERED,SOUTH
179,361,2025-12-14 13:49:35,DELIVERED,CENTRAL
180,547,2025-06-05 10:56:01,CANCELLED,EAST
181,26,2024-10-18 03:42:18,SHIPPED,WEST
182,165,07-11-2025,DELIVERED,EAST
183,303,2023-08-16 11:14:45,DELIVERED,SOUTH
184,576,2023-02-20 04:28:09,DELIVERED,SOUTH
185,295,2025-05-21 21:40:58,RETURNED,NORTH
186,321,2024-08-25 01:05:04,PLACED,CENTRAL
187,454,2024-01-26 10:40:35,RETURNED,SOUTH
188,560,2025-12-30 14:28:32,SHIPPED,CENTRAL
189,77,2023-10-28 14:07:03,RETURNED,SOUTH
190,,2025-03-09 05:35:57,DELIVERED,EAST
191,6,2023-07-22 01:13:54,DELIVERED,EAST
192,53,29-08-2023,CANCELLED,CENTRAL
193,367,2024-04-12 19:51:55,DELIVERED,NORTH
194,534,2024-05-08 18:38:33,DELIVERED,NORTH
195,95,2023-09-05 13:45:45,SHIPPED,EAST
196,301,2023-11-28 10:24:23,RETURNED,SOUTH
197,10,2025-08-18 11:10:17,DELIVERED,NORTH
198,250,2024-11-23 07:40:45,DELIVERED,NORTH
199,117,2024-05-13 13:23:56,DELIVERED,WEST
200,384,15-03-2024,CANCELLED,CENTRAL
201,198,2024-11-23 03:33:54,DELIVERED,EAST
202,551,2023-05-30 01:30:54,PLACED,CENTRAL
203,219,2023-04-12 16:57:59,CANCELLED,WEST
204,446,2023-11-16 08:33:42,DELIVERED,NORTH
205,39,27-08-2023,PLACED,NORTH
206,589,2023-10-04 12:01:43,RETURNED,SOUTH
207,444,2024-09-25 05:39:05,PLACED,EAST
208,,2025-11-11 22:23:46,PLACED,CENTRAL
209,367,28-06-2025,SHIPPED,CENTRAL
210,449,2025-12-01 11:24:35,DELIVERED,WEST
211,226,23-10-2025,DELIVERED,SOUTH
212,306,2025-04-27 18:04:58,RETURNED,EAST
213,127,2023-01-18 07:42:35,PLACED,NORTH
214,88,2025-07-15 20:54:23,SHIPPED,EAST
215,525,2024-06-18 03:43:07,SHIPPED,SOUTH
216,118,2023-12-09 23:34:19,DELIVERED,SOUTH
217,563,2025-05-31 06:12:09,DELIVERED,WEST
218,101,2023-04-24 15:01:38,DELIVERED,SOUTH
219,241,2025-01-26 19:46:29,DELIVERED,NORTH
220,462,2023-04-19 10:39:49,DELIVERED,EAST
221,581,2024-04-19 20:24:29,CANCELLED,EAST
222,227,2024-10-27 08:27:25,DELIVERED,WEST
223,492,2024-07-12 10:36:34,DELIVERED,WEST
224,84,2024-04-19 12:48:50,CANCELLED,EAST
225,79,2023-08-06 11:38:25,CANCELLED,NORTH
226,593,2025-02-26 20:58:40,DELIVERED,WEST
227,557,2023-11-27 12:17:35,DELIVERED,CENTRAL
228,298,2023-08-19 21:26:21,DELIVERED,SOUTH
229,11,2025-03-03 21:32:18,CANCELLED,SOUTH
230,144,2025-08-11 20:55:13,SHIPPED,WEST
231,150,2025-05-29 19:19:43,RETURNED,WEST
232,65,2023-03-04 18:57:37,DELIVERED,EAST
233,370,2023-03-08 12:00:51,DELIVERED,WEST
234,,2024-12-07 06:20:10,SHIPPED,EAST
235,270,2025-03-20 22:11:26,DELIVERED,CENTRAL
236,80,2023-09-28 01:35:27,DELIVERED,CENTRAL
237,354,2023-12-13 06:17:11,DELIVERED,WEST
238,451,27-07-2025,SHIPPED,SOUTH
239,192,2025-03-10 07:29:20,DELIVERED,SOUTH
240,339,2023-07-03 19:40:13,DELIVERED,NORTH
241,421,2025-01-13 19:30:13,SHIPPED,NORTH
242,525,2023-07-18 15:54:09,CANCELLED,NORTH
243,185,17-08-2023,RETURNED,CENTRAL
244,291,2025-07-20 01:40:04,SHIPPED,NORTH
245,175,2025-07-31 04:55:27,CANCELLED,SOUTH
246,187,2025-07-22 08:53:27,DELIVERED,CENTRAL
247,465,2024-02-15 22:02:47,DELIVERED,CENTRAL
248,17,2023-12-24 00:04:44,DELIVERED,SOUTH
249,99,2025-02-22 11:53:09,DELIVERED,SOUTH
250,545,2025-08-12 23:28:22,DELIVERED,CENTRAL
251,553,2023-05-25 18:22:25,CANCELLED,NORTH
252,380,2025-11-20 02:31:35,DELIVERED,NORTH
253,391,2024-10-28 08:38:55,DELIVERED,EAST
254,261,2025-12-18 07:08:31,DELIVERED,WEST
255,419,2023-05-11 04:56:45,SHIPPED,EAST
256,8,2023-01-12 01:13:55,DELIVERED,WEST
257,110,2025-12-04 09:48:08,DELIVERED,SOUTH
258,434,2025-06-28 08:10:56,DELIVERED,CENTRAL
259,209,2024-03-04 01:38:29,DELIVERED,WEST
260,569,2025-05-16 03:26:35,DELIVERED,WEST
261,408,2024-04-21 08:51:20,CANCELLED,SOUTH
262,166,2025-10-21 03:50:46,SHIPPED,NORTH
263,54,2024-09-14 05:59:34,DELIVERED,SOUTH
264,149,14-09-2025,RETURNED,WEST
265,380,2024-11-07 08:02:50,DELIVERED,NORTH
266,534,2024-08-20 00:42:43,DELIVERED,EAST
267,180,17-07-2025,DELIVERED,WEST
268,531,2023-11-10 08:11:27,SHIPPED,EAST
269,174,2025-07-20 07:32:09,DELIVERED,NORTH
270,283,14-10-2025,DELIVERED,WEST
271,16,2024-09-05 20:00:11,RETURNED,NORTH
272,597,2025-05-03 18:17:57,DELIVERED,EAST
273,466,2024-03-05 12:57:35,DELIVERED,WEST
274,573,2024-02-10 14:47:36,DELIVERED,NORTH
275,264,2024-06-12 02:50:49,CANCELLED,CENTRAL
276,387,2025-06-12 01:35:50,DELIVERED,CENTRAL
277,470,2024-01-13 21:53:03,CANCELLED,WEST
278,392,2023-02-12 11:42:28,DELIVERED,SOUTH
279,362,2023-12-24 04:25:00,DELIVERED,CENTRAL
280,96,2025-12-24 16:24:33,DELIVERED,WEST
281,488,15-06-2024,DELIVERED,EAST
282,195,2025-06-10 05:33:24,DELIVERED,WEST
283,212,2023-12-31 20:15:59,SHIPPED,SOUTH
284,110,2024-01-23 21:19:13,RETURNED,NORTH
285,7,2025-11-15 20:06:07,RETURNED,CENTRAL
286,589,2025-01-19 05:09:07,DELIVERED,EAST
287,591,2025-03-05 00:26:35,PLACED,SOUTH
288,515,2024-10-19 09:08:23,DELIVERED,EAST
289,124,2025-12-02 04:33:33,DELIVERED,CENTRAL
290,389,06-12-2025,SHIPPED,CENTRAL
291,562,2024-07-15 17:30:42,SHIPPED,EAST
292,189,2025-01-02 05:01:43,DELIVERED,WEST
293,411,2024-10-13 00:55:02,DELIVERED,EAST
294,235,2025-06-06 15:41:54,DELIVERED,NORTH
295,201,2024-01-02 07:27:14,CANCELLED,SOUTH
296,,2023-08-21 07:33:20,DELIVERED,WEST
297,499,2025-09-06 16:24:36,DELIVERED,EAST
298,168,01-06-2025,SHIPPED,NORTH
299,461,2024-01-31 00:36:23,DELIVERED,EAST
300,264,2024-07-13 17:12:10,PLACED,EAST
301,204,2023-07-08 08:03:40,DELIVERED,CENTRAL
302,292,2025-10-05 09:21:21,DELIVERED,EAST
303,81,2025-03-03 22:45:04,DELIVERED,WEST
304,172,2024-12-21 09:55:50,DELIVERED,EAST
305,74,2025-08-09 04:34:35,SHIPPED,NORTH
306,274,2023-12-21 12:34:53,DELIVERED,CENTRAL
307,372,2024-02-26 08:51:43,DELIVERED,CENTRAL
308,24,2024-11-30 11:58:40,DELIVERED,SOUTH
309,82,2025-10-25 09:59:22,SHIPPED,SOUTH
310,485,2023-06-10 00:27:56,PLACED,CENTRAL
311,107,2024-09-08 17:41:58,DELIVERED,EAST
312,317,2023-05-11 23:21:06,SHIPPED,SOUTH
313,540,2024-03-17 10:49:20,PLACED,SOUTH
314,488,2025-10-27 18:54:17,RETURNED,WEST
315,139,2025-04-19 18:26:17,SHIPPED,CENTRAL
316,578,2025-07-17 07:33:13,DELIVERED,WEST
317,494,2025-09-20 11:20:28,SHIPPED,CENTRAL
318,267,2023-05-20 02:48:57,DELIVERED,SOUTH
319,140,2023-01-01 03:26:34,DELIVERED,EAST
320,489,11-04-2025,PLACED,EAST
321,8,2024-10-30 15:47:29,DELIVERED,CENTRAL
322,256,2024-10-01 14:37:32,DELIVERED,SOUTH
323,270,2025-09-30 12:16:57,DELIVERED,NORTH
324,279,2024-01-08 03:30:42,DELIVERED,EAST
325,71,2025-04-06 08:19:10,SHIPPED,SOUTH
326,279,2023-06-21 10:22:58,DELIVERED,CENTRAL
327,,13-05-2024,PLACED,CENTRAL
328,449,2023-06-08 21:01:55,SHIPPED,NORTH
329,431,23-08-2023,DELIVERED,EAST
330,33,2025-02-13 05:32:25,PLACED,EAST
331,74,15-08-2023,DELIVERED,CENTRAL
332,391,2023-10-26 13:26:52,SHIPPED,NORTH
333,254,2024-01-22 17:59:22,SHIPPED,NORTH
334,485,2023-05-26 23:05:38,DELIVERED,WEST
335,44,2024-04-29 20:16:49,DELIVERED,CENTRAL
336,370,2024-01-29 12:11:00,CANCELLED,NORTH
337,445,2023-12-05 07:44:03,PLACED,EAST
338,249,2024-03-04 21:45:20,RETURNED,NORTH
339,159,2025-06-21 16:07:17,DELIVERED,EAST
340,347,2024-01-22 09:02:16,PLACED,NORTH
341,110,2025-09-28 07:29:38,DELIVERED,SOUTH
342,356,2024-05-07 00:54:23,DELIVERED,WEST
343,138,2023-02-03 04:05:28,CANCELLED,EAST
344,556,2025-01-23 21:22:29,SHIPPED,WEST
345,480,2023-10-17 21:56:55,CANCELLED,EAST
346,71,2025-07-19 00:24:21,SHIPPED,CENTRAL
347,465,2024-04-04 07:28:32,DELIVERED,NORTH
348,20,2025-02-24 23:28:17,CANCELLED,CENTRAL
349,552,2025-08-21 10:37:54,SHIPPED,WEST
350,290,2025-11-27 08:26:37,DELIVERED,EAST
351,69,2024-05-15 05:55:37,CANCELLED,NORTH
352,,2023-07-21 14:20:07,DELIVERED,NORTH
353,398,03-06-2023,DELIVERED,WEST
354,,2025-12-25 10:52:54,DELIVERED,SOUTH
355,504,21-04-2023,DELIVERED,NORTH
356,426,19-09-2025,DELIVERED,EAST
357,42,2023-04-01 13:34:56,CANCELLED,NORTH
358,100,2023-05-02 01:38:28,DELIVERED,NORTH
359,255,2025-04-05 21:45:38,DELIVERED,CENTRAL
360,109,2023-10-05 21:47:48,DELIVERED,CENTRAL
361,107,2024-12-13 14:20:35,DELIVERED,SOUTH
362,162,2025-05-04 08:11:55,RETURNED,CENTRAL
363,564,2024-11-19 04:41:26,CANCELLED,EAST
364,332,2024-10-02 13:16:19,SHIPPED,CENTRAL
365,261,2025-04-27 14:25:14,RETURNED,EAST
366,,2024-11-26 04:00:04,RETURNED,NORTH
367,310,14-07-2025,DELIVERED,NORTH
368,283,2023-12-11 16:32:09,DELIVERED,CENTRAL
369,39,2025-06-05 12:03:09,DELIVERED,WEST
370,256,2023-08-04 00:13:53,DELIVERED,SOUTH
371,223,2024-04-11 12:05:10,DELIVERED,NORTH
372,591,2025-01-19 14:08:26,DELIVERED,NORTH
373,391,11-04-2024,DELIVERED,NORTH
374,427,2024-06-03 10:56:58,CANCELLED,NORTH
375,12,2023-12-19 04:38:50,PLACED,WEST
376,154,25-03-2025,DELIVERED,EAST
377,403,2023-12-09 23:54:55,DELIVERED,WEST
378,297,2025-06-12 15:03:19,SHIPPED,WEST
379,51,2024-06-06 05:15:29,DELIVERED,CENTRAL
380,134,2023-05-13 03:58:28,DELIVERED,SOUTH
381,201,2023-11-04 18:01:16,DELIVERED,CENTRAL
382,441,2025-03-25 09:22:26,DELIVERED,EAST
383,434,2025-06-13 19:30:59,DELIVERED,EAST
384,313,2024-05-13 05:59:34,RETURNED,SOUTH
385,150,2025-08-15 06:23:01,PLACED,WEST
386,88,2023-12-29 17:07:23,DELIVERED,NORTH
387,295,2024-01-13 13:29:51,DELIVERED,NORTH
388,340,2023-06-22 20:44:39,DELIVERED,SOUTH
389,265,2023-11-26 03:17:03,DELIVERED,CENTRAL
390,386,2023-08-08 13:48:49,RETURNED,CENTRAL
391,291,29-03-2025,DELIVERED,SOUTH
392,9,2025-08-17 23:23:48,DELIVERED,NORTH
393,369,2024-02-26 11:11:02,PLACED,NORTH
394,521,2025-10-05 19:48:08,RETURNED,NORTH
395,191,2025-01-22 21:30:52,DELIVERED,SOUTH
396,41,2024-12-12 10:57:55,RETURNED,SOUTH
397,161,2024-04-18 16:31:19,DELIVERED,NORTH
398,514,2024-06-30 16:16:14,CANCELLED,EAST
399,31,2025-08-30 03:13:49,RETURNED,CENTRAL
400,141,2023-12-17 10:19:57,DELIVERED,NORTH
401,233,2025-03-19 21:46:05,SHIPPED,WEST
402,338,2023-08-26 06:54:04,DELIVERED,WEST
403,208,2023-11-18 04:28:11,DELIVERED,SOUTH
404,149,2025-03-24 16:53:01,RETURNED,CENTRAL
405,122,08-05-2024,DELIVERED,SOUTH
406,424,2023-08-15 01:29:03,DELIVERED,WEST
407,193,2025-09-16 07:23:30,SHIPPED,NORTH
408,274,2023-02-10 16:44:25,DELIVERED,CENTRAL
409,27,2023-12-25 16:59:56,PLACED,EAST
410,481,2025-01-10 09:01:07,SHIPPED,EAST
411,198,2024-08-24 21:33:59,PLACED,SOUTH
412,228,2023-01-24 07:46:19,DELIVERED,SOUTH
413,450,2023-04-13 17:44:27,DELIVERED,CENTRAL
414,438,2024-05-19 16:59:12,DELIVERED,WEST
415,321,2025-08-02 09:16:17,DELIVERED,WEST
416,40,2025-06-07 11:15:42,SHIPPED,CENTRAL
417,,2024-12-10 18:28:56,DELIVERED,SOUTH
418,,2024-09-06 13:27:15,DELIVERED,WEST
419,451,2025-09-06 16:16:55,CANCELLED,WEST
420,56,2024-03-20 03:40:06,RETURNED,CENTRAL
421,513,2024-12-21 03:28:33,SHIPPED,NORTH
422,139,2025-06-28 11:04:22,DELIVERED,WEST
423,207,01-12-2024,PLACED,WEST
424,168,2024-05-18 10:23:00,PLACED,NORTH
425,394,2024-11-29 02:47:14,DELIVERED,CENTRAL
426,175,2023-09-06 09:29:30,DELIVERED,EAST
427,149,2025-10-21 13:04:23,DELIVERED,SOUTH
428,457,2023-03-21 16:59:37,DELIVERED,EAST
429,4,2023-07-02 14:43:47,DELIVERED,CENTRAL
430,557,2023-01-19 23:08:18,DELIVERED,NORTH
431,488,2025-02-05 13:46:32,DELIVERED,WEST
432,,2023-05-04 08:25:47,DELIVERED,CENTRAL
433,51,2025-09-03 13:13:38,SHIPPED,SOUTH
434,34,2025-10-11 19:55:38,CANCELLED,CENTRAL
435,112,2024-04-08 14:42:26,RETURNED,WEST
436,587,2023-09-08 15:00:47,SHIPPED,CENTRAL
437,37,2024-12-08 08:13:28,DELIVERED,NORTH
438,70,2024-05-16 11:40:15,CANCELLED,WEST
439,282,2023-04-11 20:36:42,DELIVERED,EAST
440,60,2025-03-26 00:13:42,DELIVERED,NORTH
441,295,2025-09-04 02:01:18,DELIVERED,WEST
442,363,2024-05-06 15:32:55,DELIVERED,SOUTH
443,505,2025-02-10 03:01:07,CANCELLED,SOUTH
444,2,2023-12-28 12:29:29,PLACED,NORTH
445,213,2025-08-29 14:51:59,RETURNED,CENTRAL
446,218,05-10-2024,DELIVERED,NORTH
447,316,2025-12-07 21:42:02,DELIVERED,EAST
448,342,2024-05-18 04:45:21,DELIVERED,EAST
449,,2025-06-02 18:55:56,SHIPPED,SOUTH
450,486,2024-06-08 23:11:56,DELIVERED,NORTH
451,550,2025-01-17 23:27:15,DELIVERED,EAST
452,534,2024-10-05 01:17:19,DELIVERED,EAST
453,214,2025-11-19 13:02:24,DELIVERED,CENTRAL
454,32,03-07-2024,RETURNED,EAST
455,399,2025-08-31 06:01:02,DELIVERED,SOUTH
456,33,2024-04-23 21:33:51,DELIVERED,EAST
457,310,2025-02-11 03:31:56,DELIVERED,SOUTH
458,207,2023-09-29 20:56:53,DELIVERED,NORTH
459,158,2023-02-08 17:38:08,DELIVERED,SOUTH
460,336,2025-01-21 01:08:25,DELIVERED,SOUTH
461,136,2023-06-02 15:05:01,DELIVERED,SOUTH
462,119,2024-12-14 14:29:44,DELIVERED,NORTH
463,90,2023-03-10 09:33:21,DELIVERED,EAST
464,320,2023-03-13 16:12:55,DELIVERED,NORTH
465,206,2024-04-29 21:31:50,DELIVERED,SOUTH
466,121,2025-04-06 20:40:49,SHIPPED,EAST
467,574,2024-03-01 01:55:21,SHIPPED,CENTRAL
468,145,2025-04-22 18:56:11,DELIVERED,EAST
469,347,24-09-2023,DELIVERED,CENTRAL
470,52,22-07-2023,DELIVERED,NORTH
471,457,2023-05-14 18:46:14,DELIVERED,CENTRAL
472,547,2024-05-31 06:14:18,RETURNED,NORTH
473,480,2024-12-24 10:22:53,DELIVERED,NORTH
474,482,2025-11-29 07:11:18,RETURNED,SOUTH
475,373,2023-08-12 06:19:57,SHIPPED,WEST
476,333,2025-10-30 07:43:51,DELIVERED,WEST
477,473,2023-04-12 12:59:28,DELIVERED,SOUTH
478,106,2024-06-25 13:19:32,CANCELLED,WEST
479,310,2023-06-16 04:33:06,DELIVERED,CENTRAL
480,562,2025-07-06 08:46:34,RETURNED,SOUTH
481,442,19-08-2024,DELIVERED,WEST
482,80,2024-06-15 14:10:18,CANCELLED,CENTRAL
483,569,2023-06-27 14:15:54,CANCELLED,NORTH
484,112,2023-10-01 16:14:34,DELIVERED,CENTRAL
485,63,2024-08-11 14:49:35,SHIPPED,NORTH
486,1,2023-08-04 19:11:28,DELIVERED,SOUTH
487,592,2024-12-04 16:06:37,SHIPPED,WEST
488,312,2025-11-24 16:47:14,DELIVERED,WEST
489,523,2024-06-18 19:06:55,CANCELLED,WEST
490,55,01-04-2024,DELIVERED,NORTH
491,32,2024-07-12 01:36:38,DELIVERED,SOUTH
492,392,2025-07-05 18:54:14,DELIVERED,WEST
493,143,2025-04-26 19:30:05,DELIVERED,SOUTH
494,129,2024-07-13 16:30:21,PLACED,SOUTH
495,499,04-10-2025,RETURNED,WEST
496,426,2023-07-30 22:05:12,CANCELLED,WEST
497,185,2025-12-16 06:02:15,DELIVERED,WEST
498,232,2025-05-07 13:55:00,DELIVERED,SOUTH
499,243,2023-01-12 13:00:36,DELIVERED,CENTRAL
500,,2025-04-28 10:33:14,DELIVERED,NORTH
501,82,2025-12-30 23:55:33,DELIVERED,SOUTH
502,287,2025-03-28 17:54:52,DELIVERED,WEST
503,484,2025-03-24 00:09:19,DELIVERED,NORTH
504,55,2025-04-17 14:43:44,DELIVERED,EAST
505,481,2023-01-17 18:02:03,DELIVERED,CENTRAL
506,302,2024-10-16 00:37:05,SHIPPED,EAST
507,578,2025-12-15 17:23:07,PLACED,EAST
508,299,2025-01-05 00:42:11,PLACED,CENTRAL
509,285,2025-01-23 01:10:11,SHIPPED,EAST
510,115,2024-03-12 11:23:34,SHIPPED,CENTRAL
511,379,2025-07-08 06:47:21,DELIVERED,SOUTH
512,541,2025-12-24 14:46:51,DELIVERED,NORTH
513,158,2023-05-12 02:42:52,DELIVERED,WEST
514,451,2024-10-03 11:48:45,SHIPPED,SOUTH
515,119,20-06-2024,SHIPPED,NORTH
516,546,2024-09-11 10:17:01,DELIVERED,SOUTH
517,446,2024-08-28 22:52:54,DELIVERED,NORTH
518,543,2024-11-28 05:14:44,PLACED,NORTH
519,443,2025-04-05 08:03:06,RETURNED,CENTRAL
520,101,2024-02-28 10:54:50,DELIVERED,EAST
521,248,2024-08-30 15:16:09,DELIVERED,CENTRAL
522,185,2025-03-18 17:13:39,DELIVERED,EAST
523,422,11-11-2025,DELIVERED,NORTH
524,291,2025-11-30 21:16:32,SHIPPED,EAST
525,223,2023-02-06 19:37:03,DELIVERED,CENTRAL
526,385,2023-07-06 09:04:15,CANCELLED,CENTRAL
527,260,2023-10-15 00:40:23,DELIVERED,EAST
528,284,2023-04-28 14:49:44,DELIVERED,WEST
529,166,2025-11-03 01:09:23,DELIVERED,NORTH
530,62,2023-04-07 21:58:12,RETURNED,EAST
531,206,2024-02-16 03:25:15,DELIVERED,CENTRAL
532,442,2025-09-29 17:21:25,DELIVERED,SOUTH
533,106,2023-06-15 01:16:34,PLACED,NORTH
534,20,2025-06-06 13:16:08,SHIPPED,WEST
535,,21-09-2025,DELIVERED,WEST
536,4,2025-12-23 11:56:58,DELIVERED,CENTRAL
537,72,2025-02-01 05:51:21,SHIPPED,CENTRAL
538,494,2024-08-20 04:21:38,DELIVERED,NORTH
539,57,2024-07-11 13:26:42,DELIVERED,NORTH
540,297,2024-06-12 06:27:35,SHIPPED,SOUTH
541,307,2023-03-03 02:22:21,CANCELLED,WEST
542,449,2025-09-06 15:06:28,SHIPPED,SOUTH
543,245,27-10-2023,DELIVERED,WEST
544,461,2025-04-19 17:14:27,PLACED,NORTH
545,416,2023-03-29 01:51:41,SHIPPED,NORTH
546,550,2025-10-12 17:17:32,DELIVERED,SOUTH
547,,2023-12-28 22:20:05,DELIVERED,SOUTH
548,47,2023-01-30 14:43:13,DELIVERED,SOUTH
549,315,22-07-2023,DELIVERED,NORTH
550,109,2023-09-23 03:45:41,DELIVERED,NORTH
551,437,2025-08-14 08:17:42,CANCELLED,EAST
552,590,2025-11-19 20:30:16,SHIPPED,CENTRAL
553,344,2023-11-28 05:51:32,SHIPPED,NORTH
554,379,2023-08-08 09:41:22,SHIPPED,CENTRAL
555,,2024-01-14 11:43:45,DELIVERED,NORTH
556,17,2025-09-09 01:55:24,PLACED,WEST
557,291,2023-01-12 05:19:48,DELIVERED,WEST
558,278,2025-01-09 11:01:52,DELIVERED,CENTRAL
559,39,2024-01-07 16:01:35,SHIPPED,CENTRAL
560,309,2025-02-15 13:09:42,DELIVERED,EAST
561,543,2025-05-16 08:57:03,DELIVERED,NORTH
562,214,2025-04-18 10:19:31,PLACED,EAST
563,486,2023-06-25 00:58:55,SHIPPED,WEST
564,373,2025-11-07 00:43:41,SHIPPED,EAST
565,465,2024-01-26 12:11:31,SHIPPED,NORTH
566,30,2023-03-23 11:43:22,DELIVERED,WEST
567,594,2023-04-21 01:50:00,DELIVERED,EAST
568,113,2025-11-17 10:53:30,SHIPPED,EAST
569,385,2024-01-04 08:24:47,PLACED,SOUTH
570,149,2025-06-27 21:49:13,RETURNED,SOUTH
571,469,2024-12-07 19:17:21,DELIVERED,SOUTH
572,583,2024-02-23 22:56:27,DELIVERED,NORTH
573,176,2023-06-22 14:27:13,SHIPPED,EAST
574,175,2024-04-03 12:25:07,RETURNED,CENTRAL
575,501,2023-12-23 19:55:20,DELIVERED,SOUTH
576,253,2024-12-19 21:03:07,DELIVERED,SOUTH
577,153,2025-06-19 04:05:48,CANCELLED,CENTRAL
578,,2024-10-10 23:39:48,DELIVERED,WEST
579,491,22-02-2025,DELIVERED,NORTH
580,417,2024-01-09 14:55:06,SHIPPED,SOUTH
581,17,2024-04-04 11:51:59,DELIVERED,WEST
582,598,2023-09-09 08:26:48,RETURNED,NORTH
583,416,2024-12-21 10:14:59,DELIVERED,SOUTH
584,2,2024-07-29 10:16:32,DELIVERED,NORTH
585,,2025-12-09 01:03:01,DELIVERED,WEST
586,213,2025-12-20 09:22:33,DELIVERED,NORTH
587,373,2024-06-05 11:36:16,SHIPPED,NORTH
588,,2024-07-21 22:12:54,SHIPPED,EAST
589,210,2025-05-18 01:13:05,RETURNED,SOUTH
590,595,2024-01-06 16:52:19,DELIVERED,SOUTH
591,516,2023-12-17 04:54:32,DELIVERED,WEST
592,514,2023-04-09 10:34:27,CANCELLED,CENTRAL
593,546,2024-12-31 08:58:43,DELIVERED,EAST
594,68,2024-07-25 21:28:19,CANCELLED,SOUTH
595,184,2024-12-12 06:47:04,RETURNED,EAST
596,152,2023-04-30 12:48:13,SHIPPED,WEST
597,301,2023-11-14 07:13:17,RETURNED,WEST
598,431,2025-04-21 02:09:29,DELIVERED,WEST
599,238,2023-02-03 08:55:05,DELIVERED,CENTRAL
600,335,2024-10-01 12:58:48,DELIVERED,WEST
601,469,2025-12-18 12:57:26,DELIVERED,EAST
602,496,2024-04-21 02:57:43,RETURNED,EAST
603,171,2023-03-15 12:10:40,RETURNED,CENTRAL
604,158,2025-04-11 14:03:09,SHIPPED,SOUTH
605,452,2023-03-05 22:14:14,DELIVERED,EAST
606,,2023-11-15 16:44:46,RETURNED,EAST
607,167,2023-08-18 19:45:36,DELIVERED,CENTRAL
608,149,2023-02-08 17:16:44,RETURNED,WEST
609,520,31-08-2023,DELIVERED,EAST
610,588,2024-04-04 03:09:31,DELIVERED,SOUTH
611,491,2024-11-17 18:53:20,SHIPPED,NORTH
612,,2025-05-05 21:16:38,CANCELLED,CENTRAL
613,200,2024-11-23 19:04:01,DELIVERED,CENTRAL
614,457,2024-03-07 17:52:33,RETURNED,NORTH
615,524,2024-09-04 17:10:41,RETURNED,NORTH
616,438,2024-07-14 21:28:26,DELIVERED,EAST
617,457,2023-01-19 22:30:20,PLACED,CENTRAL
618,454,2024-11-21 01:44:07,SHIPPED,EAST
619,89,2024-10-20 09:36:34,SHIPPED,SOUTH
620,344,2025-01-07 06:51:35,RETURNED,NORTH
621,420,2025-07-06 14:06:18,DELIVERED,EAST
622,141,2025-05-13 10:14:31,SHIPPED,SOUTH
623,310,2024-08-16 01:23:59,DELIVERED,CENTRAL
624,3,2025-05-18 19:30:32,DELIVERED,SOUTH
625,295,2025-09-22 01:37:44,SHIPPED,WEST
626,,2025-12-04 12:39:09,DELIVERED,EAST
627,493,2023-04-14 15:40:54,DELIVERED,CENTRAL
628,123,2024-02-05 15:38:20,DELIVERED,EAST
629,596,12-06-2025,SHIPPED,NORTH
630,168,2024-12-17 04:57:53,DELIVERED,NORTH
631,50,2024-10-13 16:36:56,DELIVERED,EAST
632,188,2025-09-19 13:39:10,DELIVERED,NORTH
633,309,2023-09-17 15:16:43,DELIVERED,EAST
634,361,2025-12-05 07:25:22,PLACED,SOUTH
635,422,2025-03-15 22:48:20,RETURNED,EAST
636,227,2023-09-11 06:10:01,DELIVERED,SOUTH
637,539,2025-05-17 20:10:33,DELIVERED,CENTRAL
638,472,2025-12-26 22:19:57,SHIPPED,NORTH
639,320,2023-07-23 20:41:21,SHIPPED,EAST
640,351,2024-11-17 12:38:21,DELIVERED,SOUTH
641,132,2023-02-14 16:13:59,DELIVERED,SOUTH
642,81,2024-04-22 13:45:31,DELIVERED,WEST
643,442,23-06-2023,SHIPPED,NORTH
644,61,2023-02-20 22:36:03,SHIPPED,WEST
645,11,29-01-2024,DELIVERED,NORTH
646,190,2025-07-23 20:25:51,PLACED,EAST
647,594,2023-08-15 02:45:26,DELIVERED,EAST
648,518,2025-02-16 17:00:13,PLACED,CENTRAL
649,197,2025-06-17 02:23:08,SHIPPED,EAST
650,220,14-04-2025,CANCELLED,CENTRAL
651,451,2025-01-07 10:40:36,SHIPPED,NORTH
652,527,2024-07-05 04:44:08,DELIVERED,SOUTH
653,140,2024-05-03 05:13:04,DELIVERED,WEST
654,85,2025-12-30 18:16:22,DELIVERED,EAST
655,320,2024-08-20 17:40:47,SHIPPED,WEST
656,194,2024-09-24 16:34:54,CANCELLED,NORTH
657,14,2025-01-08 22:30:58,DELIVERED,WEST
658,88,2024-09-07 17:44:08,SHIPPED,NORTH
659,173,2024-09-14 08:21:21,DELIVERED,NORTH
660,414,2023-11-06 06:28:42,SHIPPED,NORTH
661,596,2024-10-21 18:07:13,DELIVERED,CENTRAL
662,415,2025-09-27 03:45:57,DELIVERED,WEST
663,257,2023-08-17 22:30:16,DELIVERED,WEST
664,,2025-09-03 03:22:11,CANCELLED,NORTH
665,392,2025-02-12 19:48:55,DELIVERED,CENTRAL
666,79,2023-08-26 06:26:06,DELIVERED,CENTRAL
667,503,2024-12-24 22:33:11,DELIVERED,CENTRAL
668,19,2024-06-17 18:55:11,RETURNED,NORTH
669,386,2023-07-05 01:38:29,DELIVERED,WEST
670,311,2023-02-21 01:06:07,DELIVERED,SOUTH
671,113,2023-07-28 22:05:06,DELIVERED,CENTRAL
672,482,2025-10-22 09:30:48,DELIVERED,WEST
673,507,2023-08-31 19:41:41,RETURNED,CENTRAL
674,292,2025-08-16 09:10:41,PLACED,EAST
675,358,06-07-2025,PLACED,CENTRAL
676,354,2025-08-29 03:23:35,DELIVERED,EAST
677,320,2023-03-29 16:34:49,PLACED,CENTRAL
678,346,04-12-2025,PLACED,SOUTH
679,433,21-05-2024,DELIVERED,CENTRAL
680,23,2024-10-16 06:27:13,DELIVERED,EAST
681,501,2024-08-29 07:28:05,DELIVERED,NORTH
682,348,2023-11-16 20:49:06,DELIVERED,SOUTH
683,78,2024-07-18 10:05:04,SHIPPED,CENTRAL
684,412,16-02-2024,DELIVERED,SOUTH
685,345,2023-05-23 20:26:11,PLACED,EAST
686,79,2025-04-04 23:29:17,DELIVERED,EAST
687,205,2024-04-10 21:25:07,DELIVERED,WEST
688,561,2025-08-28 20:20:31,CANCELLED,SOUTH
689,591,2025-09-02 07:43:06,SHIPPED,WEST
690,445,2024-12-26 22:01:55,DELIVERED,CENTRAL
691,152,2023-04-04 00:33:00,SHIPPED,SOUTH
692,421,2025-11-30 14:04:59,CANCELLED,EAST
693,274,2023-04-11 02:01:56,DELIVERED,EAST
694,245,2024-02-03 09:01:24,SHIPPED,NORTH
695,476,2023-02-13 00:53:11,DELIVERED,WEST
696,207,2024-11-08 12:12:48,DELIVERED,SOUTH
697,564,2023-02-15 06:29:15,DELIVERED,SOUTH
698,21,2023-03-07 14:32:12,CANCELLED,NORTH
699,66,2023-05-11 09:07:12,CANCELLED,WEST
700,144,2025-11-09 09:44:59,SHIPPED,SOUTH
701,595,2025-02-16 02:37:00,DELIVERED,CENTRAL
702,321,2023-05-21 04:43:07,CANCELLED,EAST
703,434,2024-08-28 18:24:52,SHIPPED,SOUTH
704,419,2023-09-30 02:13:26,CANCELLED,EAST
705,116,2023-03-28 21:03:00,DELIVERED,EAST
706,149,2025-01-07 15:50:41,DELIVERED,EAST
707,,2024-07-25 06:18:51,PLACED,CENTRAL
708,246,2025-10-25 17:28:44,DELIVERED,EAST
709,125,2024-04-25 10:21:55,CANCELLED,CENTRAL
710,403,2024-11-18 05:58:18,DELIVERED,EAST
711,165,2024-01-01 18:36:07,DELIVERED,WEST
712,,2025-09-28 02:04:23,CANCELLED,NORTH
713,341,2025-02-02 19:36:04,CANCELLED,WEST
714,519,2023-06-05 23:01:04,DELIVERED,NORTH
715,335,2025-07-24 08:30:33,DELIVERED,WEST
716,455,2023-03-22 22:23:05,PLACED,SOUTH
717,85,2023-11-07 19:20:54,SHIPPED,NORTH
718,134,2025-03-13 03:30:56,DELIVERED,CENTRAL
719,137,2024-05-11 04:03:45,SHIPPED,EAST
720,204,2025-07-10 05:24:12,DELIVERED,NORTH
721,585,2023-10-10 13:19:22,PLACED,SOUTH
722,235,2023-02-05 16:23:13,RETURNED,NORTH
723,51,2023-11-04 23:53:59,DELIVERED,WEST
724,377,2025-07-21 16:15:48,RETURNED,SOUTH
725,465,02-07-2023,SHIPPED,WEST
726,273,2023-11-12 13:48:29,DELIVERED,EAST
727,221,2024-08-16 12:43:59,DELIVERED,EAST
728,150,2023-10-22 03:58:14,DELIVERED,NORTH
729,255,2024-02-11 16:35:29,DELIVERED,EAST
730,,2025-10-02 10:41:27,CANCELLED,SOUTH
731,393,2025-12-12 13:47:27,DELIVERED,WEST
732,54,03-02-2024,RETURNED,EAST
733,47,2025-01-01 13:37:59,DELIVERED,NORTH
734,380,2025-08-20 14:31:12,RETURNED,SOUTH
735,174,19-05-2025,DELIVERED,CENTRAL
736,325,2024-06-10 21:25:30,DELIVERED,CENTRAL
737,,2024-02-09 12:38:23,DELIVERED,SOUTH
738,290,2024-03-12 12:27:48,DELIVERED,EAST
739,169,2024-02-14 17:36:31,DELIVERED,EAST
740,451,2025-02-02 04:03:04,SHIPPED,NORTH
741,,2023-03-26 18:24:41,SHIPPED,EAST
742,507,2024-12-26 15:58:28,DELIVERED,NORTH
743,152,2025-05-21 06:10:19,DELIVERED,NORTH
744,173,2023-11-13 11:44:35,CANCELLED,CENTRAL
745,598,2025-05-24 23:23:04,DELIVERED,NORTH
746,253,2025-06-05 16:30:43,DELIVERED,WEST
747,125,25-05-2024,DELIVERED,WEST
748,84,2023-06-14 18:34:23,CANCELLED,WEST
749,276,2025-10-21 13:24:29,DELIVERED,CENTRAL
750,464,2024-05-26 17:55:32,RETURNED,EAST
751,290,2025-06-03 03:45:52,DELIVERED,EAST
752,95,2023-04-20 20:47:06,DELIVERED,WEST
753,92,2024-01-08 22:50:09,CANCELLED,NORTH
754,158,2023-09-11 02:52:08,DELIVERED,NORTH
755,135,2024-11-02 15:29:24,DELIVERED,EAST
756,398,2024-07-24 19:47:00,DELIVERED,WEST
757,378,2025-07-21 14:19:31,SHIPPED,CENTRAL
758,,2025-09-06 17:41:16,RETURNED,EAST
759,159,2025-11-16 19:30:44,DELIVERED,WEST
760,448,2025-10-02 10:18:41,RETURNED,NORTH
761,308,2025-01-11 22:38:32,DELIVERED,SOUTH
762,47,2024-04-04 00:21:13,SHIPPED,CENTRAL
763,583,2024-10-22 01:55:27,DELIVERED,EAST
764,117,2025-06-28 15:33:11,SHIPPED,WEST
765,,2023-10-11 01:12:41,CANCELLED,WEST
766,461,2024-04-07 09:06:13,CANCELLED,CENTRAL
767,192,2024-06-14 05:52:04,SHIPPED,SOUTH
768,445,2025-07-27 08:43:24,PLACED,CENTRAL
769,489,2024-09-05 12:12:03,DELIVERED,WEST
770,499,2025-10-18 17:28:13,DELIVERED,EAST
771,405,2025-08-16 01:54:49,PLACED,EAST
772,17,29-07-2023,CANCELLED,SOUTH
773,248,2023-11-22 00:38:25,CANCELLED,WEST
774,475,2025-04-16 15:48:44,DELIVERED,SOUTH
775,456,2023-02-03 21:23:25,DELIVERED,WEST
776,584,2024-11-29 07:10:53,PLACED,WEST
777,443,2023-01-13 05:34:28,CANCELLED,WEST
778,298,2025-06-17 22:03:20,DELIVERED,NORTH
779,500,2025-01-25 03:09:26,DELIVERED,SOUTH
780,567,31-03-2025,DELIVERED,NORTH
781,507,2025-10-04 02:23:11,RETURNED,CENTRAL
782,166,2024-06-22 16:18:11,DELIVERED,EAST
783,225,2024-12-29 22:33:05,RETURNED,CENTRAL
784,480,2024-06-10 20:32:24,CANCELLED,SOUTH
785,369,2024-08-29 10:05:39,DELIVERED,WEST
786,89,2023-09-09 16:45:28,SHIPPED,WEST
787,426,2023-11-06 21:18:39,DELIVERED,WEST
788,368,2023-11-22 08:13:33,DELIVERED,EAST
789,516,2023-09-04 09:14:25,CANCELLED,NORTH
790,124,2024-06-08 15:39:51,SHIPPED,CENTRAL
791,48,2024-02-05 12:18:21,DELIVERED,CENTRAL
792,107,2023-08-23 20:20:17,RETURNED,NORTH
793,114,2024-11-11 03:21:45,DELIVERED,NORTH
794,576,2025-08-05 01:37:02,DELIVERED,NORTH
795,371,2023-09-17 11:56:14,DELIVERED,SOUTH
796,102,2024-11-16 20:58:50,DELIVERED,SOUTH
797,207,2024-06-03 19:04:21,RETURNED,WEST
798,350,2023-01-11 05:36:09,DELIVERED,EAST
799,425,2023-05-13 09:44:55,DELIVERED,EAST
800,432,2024-01-17 07:05:13,SHIPPED,SOUTH
801,470,2024-10-28 03:40:28,DELIVERED,CENTRAL
802,11,2024-07-15 23:55:33,RETURNED,CENTRAL
803,169,2023-05-12 16:45:39,PLACED,WEST
804,589,2023-02-27 14:57:16,RETURNED,NORTH
805,430,2025-10-22 20:03:57,CANCELLED,WEST
806,322,2025-12-24 15:21:34,PLACED,EAST
807,151,2024-03-10 14:58:55,DELIVERED,WEST
808,453,2023-11-15 15:56:01,CANCELLED,EAST
809,309,2025-10-04 19:24:51,PLACED,NORTH
810,130,2024-06-03 14:48:00,RETURNED,CENTRAL
811,320,2024-03-17 01:35:52,DELIVERED,CENTRAL
812,,2025-09-14 12:04:24,DELIVERED,CENTRAL
813,433,2024-01-10 21:47:56,SHIPPED,CENTRAL
814,520,2023-04-04 02:56:20,SHIPPED,EAST
815,587,2025-10-08 05:38:16,DELIVERED,NORTH
816,580,2024-01-02 18:20:46,CANCELLED,CENTRAL
817,587,2023-12-30 06:06:31,DELIVERED,SOUTH
818,529,2025-03-18 06:34:36,SHIPPED,CENTRAL
819,436,2024-07-15 05:01:47,PLACED,WEST
820,220,2023-04-07 14:44:53,PLACED,WEST
821,532,2025-11-17 09:46:10,CANCELLED,WEST
822,451,2025-06-26 16:25:25,DELIVERED,WEST
823,131,2024-10-09 15:59:30,DELIVERED,WEST
824,542,2023-07-20 23:49:45,DELIVERED,NORTH
825,573,2024-12-08 11:44:58,RETURNED,EAST
826,124,2023-07-04 11:55:10,DELIVERED,EAST
827,313,2023-03-04 13:49:37,DELIVERED,EAST
828,432,24-01-2025,RETURNED,NORTH
829,501,2024-04-19 01:20:13,SHIPPED,NORTH
830,,25-06-2024,DELIVERED,WEST
831,387,2025-05-28 21:12:35,CANCELLED,WEST
832,472,2025-07-29 22:29:41,DELIVERED,WEST
833,420,2023-08-20 10:28:24,SHIPPED,WEST
834,,2024-09-06 05:28:24,DELIVERED,WEST
835,26,2025-09-30 09:30:49,DELIVERED,CENTRAL
836,573,2024-04-24 18:41:27,SHIPPED,NORTH
837,584,2025-08-19 02:57:32,SHIPPED,CENTRAL
838,,2025-01-09 04:26:25,SHIPPED,CENTRAL
839,594,2023-01-30 11:23:11,PLACED,WEST
840,47,2025-04-08 19:57:25,CANCELLED,WEST
841,25,2023-02-06 03:19:00,DELIVERED,CENTRAL
842,555,2024-02-04 12:16:59,DELIVERED,SOUTH
843,315,2023-10-11 18:23:28,DELIVERED,WEST
844,28,2023-04-02 12:27:47,DELIVERED,NORTH
845,332,2023-06-03 09:27:04,DELIVERED,EAST
846,243,07-07-2023,DELIVERED,WEST
847,63,2025-02-22 14:11:14,DELIVERED,EAST
848,,24-09-2024,RETURNED,SOUTH
849,104,2023-01-29 22:18:34,DELIVERED,SOUTH
850,417,2025-10-09 03:34:42,PLACED,WEST
851,146,2025-09-14 16:18:16,DELIVERED,EAST
852,434,2023-09-19 06:30:55,DELIVERED,CENTRAL
853,297,2023-01-02 13:19:19,PLACED,SOUTH
854,390,2025-01-19 01:12:24,CANCELLED,EAST
855,47,2023-11-27 12:02:56,DELIVERED,SOUTH
856,126,24-05-2025,DELIVERED,SOUTH
857,517,2024-03-10 02:57:37,CANCELLED,EAST
858,464,2024-06-16 06:22:05,SHIPPED,EAST
859,337,2024-05-14 15:32:35,RETURNED,NORTH
860,,2023-07-27 17:39:25,PLACED,WEST
861,501,2023-01-15 21:06:59,DELIVERED,WEST
862,456,2025-10-05 08:06:01,DELIVERED,NORTH
863,182,2024-08-07 16:19:51,SHIPPED,NORTH
864,227,2024-07-29 12:31:09,DELIVERED,NORTH
865,93,2025-11-23 04:54:18,DELIVERED,CENTRAL
866,372,2023-12-10 12:58:59,DELIVERED,NORTH
867,201,2025-12-29 16:48:02,SHIPPED,WEST
868,566,2024-03-06 20:15:58,DELIVERED,SOUTH
869,180,2025-05-28 19:05:14,DELIVERED,NORTH
870,234,2023-04-12 01:12:52,DELIVERED,CENTRAL
871,546,2024-03-02 03:41:17,DELIVERED,CENTRAL
872,,2025-05-20 02:38:13,DELIVERED,WEST
873,443,06-10-2025,DELIVERED,WEST
874,530,2025-11-22 14:42:18,CANCELLED,NORTH
875,546,15-12-2023,DELIVERED,WEST
876,586,2024-08-31 17:33:29,RETURNED,NORTH
877,77,2023-12-17 12:01:17,SHIPPED,SOUTH
878,100,2024-05-26 10:23:02,DELIVERED,NORTH
879,343,2023-02-07 07:39:43,SHIPPED,EAST
880,56,2025-01-05 16:12:45,DELIVERED,EAST
881,450,2024-01-03 18:26:36,DELIVERED,NORTH
882,35,2025-06-18 08:14:29,DELIVERED,WEST
883,453,13-12-2025,DELIVERED,NORTH
884,58,2025-08-30 17:52:36,PLACED,CENTRAL
885,421,2024-08-15 13:41:28,CANCELLED,SOUTH
886,476,2025-10-21 20:17:40,CANCELLED,WEST
887,27,2025-08-19 22:35:18,DELIVERED,WEST
888,70,2025-07-02 03:16:13,DELIVERED,CENTRAL
889,522,2023-10-28 18:28:23,DELIVERED,EAST
890,249,2025-01-17 19:52:00,DELIVERED,SOUTH
891,526,2023-04-04 23:16:29,DELIVERED,EAST
892,317,2025-04-20 15:17:58,DELIVERED,CENTRAL
893,149,2024-07-26 22:58:43,SHIPPED,NORTH
894,201,2025-05-19 01:48:16,DELIVERED,SOUTH
895,488,2023-11-09 15:33:45,DELIVERED,WEST
896,344,2024-05-29 09:59:47,DELIVERED,CENTRAL
897,44,2024-05-25 11:48:22,SHIPPED,WEST
898,478,2023-01-06 17:50:12,SHIPPED,CENTRAL
899,340,2025-01-16 19:31:03,SHIPPED,WEST
900,,2023-10-14 05:07:59,PLACED,NORTH
901,451,2023-02-16 15:08:12,DELIVERED,SOUTH
902,,13-07-2024,DELIVERED,SOUTH
903,348,2023-12-07 02:51:45,SHIPPED,CENTRAL
904,104,01-11-2023,CANCELLED,NORTH
905,114,2023-08-02 04:48:35,RETURNED,EAST
906,382,2024-04-18 21:55:21,RETURNED,SOUTH
907,67,2025-08-26 02:43:15,SHIPPED,NORTH
908,388,2023-07-23 04:22:44,DELIVERED,EAST
909,48,2024-10-29 06:25:04,DELIVERED,CENTRAL
910,254,2025-04-11 19:42:24,DELIVERED,NORTH
911,599,2024-03-11 01:53:22,SHIPPED,WEST
912,67,2023-05-07 11:05:56,DELIVERED,SOUTH
913,532,2025-09-29 02:00:39,SHIPPED,WEST
914,507,2024-08-03 19:12:32,DELIVERED,WEST
915,38,2024-09-14 20:21:10,SHIPPED,SOUTH
916,224,2023-11-12 08:24:25,DELIVERED,EAST
917,384,2024-08-08 18:40:18,DELIVERED,EAST
918,532,2023-07-28 16:11:49,SHIPPED,EAST
919,437,2023-03-05 21:55:09,DELIVERED,WEST
920,280,2024-09-27 06:51:52,PLACED,WEST
921,368,2024-11-17 03:20:26,DELIVERED,NORTH
922,284,2025-02-18 11:09:07,PLACED,SOUTH
923,342,2023-04-21 20:04:17,DELIVERED,SOUTH
924,282,2024-01-24 09:33:25,DELIVERED,SOUTH
925,557,2023-08-03 03:59:03,PLACED,EAST
926,414,2024-04-10 05:12:20,CANCELLED,WEST
927,153,14-10-2025,SHIPPED,WEST
928,566,2023-11-23 00:42:28,DELIVERED,WEST
929,193,2024-12-17 18:16:52,DELIVERED,WEST
930,572,2025-12-20 05:08:11,DELIVERED,NORTH
931,10,2025-06-16 03:04:31,CANCELLED,WEST
932,414,2024-07-04 22:46:27,DELIVERED,CENTRAL
933,143,30-06-2025,RETURNED,SOUTH
934,588,2024-05-28 00:37:55,RETURNED,WEST
935,396,2023-11-14 05:17:59,DELIVERED,SOUTH
936,312,2024-05-25 20:05:40,SHIPPED,NORTH
937,,2025-11-14 09:33:23,DELIVERED,CENTRAL
938,396,2023-10-18 00:23:10,SHIPPED,EAST
939,59,2024-03-28 05:12:02,DELIVERED,EAST
940,401,2023-09-24 22:07:37,RETURNED,SOUTH
941,71,2023-07-20 14:36:04,RETURNED,WEST
942,443,2023-11-17 18:07:15,SHIPPED,WEST
943,515,2025-06-12 08:57:38,DELIVERED,WEST
944,409,2023-01-12 13:30:23,CANCELLED,CENTRAL
945,503,2025-03-27 21:21:05,DELIVERED,WEST
946,468,2023-03-02 17:11:11,DELIVERED,EAST
947,180,2024-04-07 01:41:32,SHIPPED,WEST
948,188,2025-08-17 14:53:11,PLACED,CENTRAL
949,162,2025-12-21 07:21:51,CANCELLED,EAST
950,223,2025-04-15 08:18:31,DELIVERED,WEST
951,108,2025-05-08 18:46:07,DELIVERED,CENTRAL
952,213,2024-05-21 10:39:02,PLACED,CENTRAL
953,473,11-02-2023,DELIVERED,WEST
954,11,2024-09-12 08:32:33,SHIPPED,EAST
955,497,2023-08-01 00:21:52,PLACED,WEST
956,449,2025-05-01 22:53:52,DELIVERED,SOUTH
957,19,2024-03-09 15:09:49,SHIPPED,CENTRAL
958,173,2024-04-01 22:30:27,DELIVERED,NORTH
959,367,2023-01-18 09:57:43,SHIPPED,SOUTH
960,453,2023-02-23 12:11:48,CANCELLED,NORTH
961,106,2025-03-23 06:10:22,DELIVERED,WEST
962,,20-11-2024,DELIVERED,WEST
963,94,2024-01-23 21:28:57,DELIVERED,NORTH
964,65,2023-01-23 14:50:05,RETURNED,SOUTH
965,172,2023-05-31 01:37:42,PLACED,SOUTH
966,576,2025-03-07 03:23:19,DELIVERED,SOUTH
967,238,2025-04-21 12:08:19,SHIPPED,SOUTH
968,324,2024-05-17 08:01:35,DELIVERED,NORTH
969,286,2024-12-13 16:24:23,DELIVERED,CENTRAL
970,512,2023-04-15 14:17:29,DELIVERED,NORTH
971,333,2025-06-03 05:30:10,DELIVERED,WEST
972,326,2025-12-13 15:47:02,PLACED,WEST
973,392,2023-01-28 09:59:41,DELIVERED,CENTRAL
974,14,2023-12-28 01:26:59,PLACED,SOUTH
975,250,2023-07-12 17:08:56,PLACED,CENTRAL
976,156,2023-08-02 16:26:24,SHIPPED,WEST
977,455,2023-02-28 21:15:53,SHIPPED,EAST
978,534,2024-05-08 06:41:57,DELIVERED,WEST
979,340,2024-03-24 02:23:08,SHIPPED,EAST
980,255,17-04-2025,DELIVERED,SOUTH
981,7,2024-08-15 14:49:33,CANCELLED,NORTH
982,145,2023-04-19 17:13:36,SHIPPED,SOUTH
983,210,2023-09-27 19:06:14,DELIVERED,SOUTH
984,203,2024-10-24 03:22:19,DELIVERED,SOUTH
985,460,2025-07-30 03:46:16,DELIVERED,SOUTH
986,408,2025-01-17 11:20:39,SHIPPED,WEST
987,444,2024-11-16 15:41:33,CANCELLED,SOUTH
988,86,18-01-2025,DELIVERED,EAST
989,390,2023-08-26 08:44:55,DELIVERED,WEST
990,74,2024-03-15 23:25:16,SHIPPED,EAST
991,5,2024-12-29 23:13:27,CANCELLED,NORTH
992,405,2024-08-04 09:20:33,DELIVERED,EAST
993,419,2024-04-23 04:01:09,RETURNED,NORTH
994,199,2023-07-13 08:51:28,RETURNED,WEST
995,378,2024-06-25 11:57:19,DELIVERED,NORTH
996,36,2024-10-20 17:22:10,DELIVERED,EAST
997,152,16-11-2025,DELIVERED,EAST
998,593,2025-11-23 23:59:56,PLACED,SOUTH
999,408,2023-05-24 09:24:35,RETURNED,CENTRAL
1000,434,2023-05-05 19:36:08,CANCELLED,SOUTH
1001,546,2024-01-28 19:43:22,DELIVERED,WEST
1002,92,2024-10-01 09:53:43,DELIVERED,NORTH
1003,215,2024-06-18 23:53:40,DELIVERED,WEST
1004,2,2023-01-10 23:21:58,PLACED,NORTH
1005,296,2025-12-17 16:34:06,SHIPPED,WEST
1006,499,2024-08-05 00:00:58,DELIVERED,SOUTH
1007,191,2023-06-21 05:58:47,PLACED,SOUTH
1008,419,2023-10-11 20:38:44,DELIVERED,WEST
1009,82,2025-08-28 00:07:09,PLACED,EAST
1010,600,2023-07-13 16:27:58,DELIVERED,SOUTH
1011,,2025-11-11 03:58:23,DELIVERED,EAST
1012,43,2023-01-12 05:25:45,SHIPPED,NORTH
1013,273,2023-01-12 06:44:43,DELIVERED,WEST
1014,352,2024-06-07 13:23:16,CANCELLED,EAST
1015,59,2024-07-15 02:54:29,CANCELLED,EAST
1016,412,05-06-2023,PLACED,SOUTH
1017,255,2023-07-10 21:50:25,DELIVERED,EAST
1018,424,2025-12-01 22:49:37,PLACED,SOUTH
1019,18,2025-09-18 05:05:42,CANCELLED,EAST
1020,497,2024-05-20 16:27:32,DELIVERED,WEST
1021,488,2023-05-07 09:39:53,DELIVERED,NORTH
1022,533,2024-04-01 12:00:20,DELIVERED,CENTRAL
1023,90,22-02-2025,CANCELLED,EAST
1024,457,2025-05-02 10:45:29,DELIVERED,NORTH
1025,92,2025-04-19 21:33:38,DELIVERED,NORTH
1026,393,2023-02-15 09:28:01,SHIPPED,EAST
1027,127,2024-02-05 05:05:17,RETURNED,SOUTH
1028,341,2025-09-11 04:23:18,RETURNED,SOUTH
1029,391,22-07-2025,RETURNED,CENTRAL
1030,119,2024-11-09 19:08:00,PLACED,EAST
1031,193,2023-05-19 11:21:31,DELIVERED,NORTH
1032,591,2023-07-17 22:28:02,DELIVERED,NORTH
1033,434,2025-07-05 15:01:23,DELIVERED,EAST
1034,228,2025-11-21 06:13:13,DELIVERED,NORTH
1035,304,2025-04-16 05:00:55,DELIVERED,SOUTH
1036,36,2024-12-09 00:52:44,DELIVERED,CENTRAL
1037,588,2025-02-19 10:00:32,DELIVERED,WEST
1038,386,2023-12-02 02:04:03,RETURNED,NORTH
1039,231,2024-06-01 12:31:44,RETURNED,NORTH
1040,307,2023-10-06 02:21:28,RETURNED,SOUTH
1041,485,2025-05-01 04:47:32,DELIVERED,EAST
1042,290,30-08-2024,DELIVERED,SOUTH
1043,595,2025-05-01 07:17:41,CANCELLED,NORTH
1044,141,2024-04-17 08:42:02,DELIVERED,WEST
1045,201,2024-03-28 04:18:26,DELIVERED,NORTH
1046,152,2025-06-13 06:59:03,RETURNED,WEST
1047,58,2024-10-25 11:51:16,DELIVERED,NORTH
1048,528,2025-01-06 03:22:07,DELIVERED,EAST
1049,35,2023-08-19 19:01:42,SHIPPED,NORTH
1050,177,2025-01-29 01:17:37,DELIVERED,WEST
1051,392,2025-11-07 22:50:47,DELIVERED,EAST
1052,85,2024-11-22 11:12:44,DELIVERED,NORTH
1053,587,2025-11-04 22:22:50,DELIVERED,CENTRAL
1054,186,2025-12-13 15:58:27,DELIVERED,WEST
1055,129,2025-09-28 08:18:17,DELIVERED,NORTH
1056,21,2025-04-14 23:51:54,DELIVERED,WEST
1057,66,2025-04-13 07:04:02,CANCELLED,CENTRAL
1058,128,2025-04-17 06:41:50,RETURNED,SOUTH
1059,185,2023-07-02 06:13:58,DELIVERED,NORTH
1060,212,2024-05-03 05:48:26,PLACED,SOUTH
1061,,2024-02-03 20:43:28,DELIVERED,NORTH
1062,1,2024-07-18 18:29:08,DELIVERED,SOUTH
1063,547,2025-03-17 22:14:28,SHIPPED,WEST
1064,361,2025-01-31 21:02:01,DELIVERED,CENTRAL
1065,46,2023-11-22 23:23:01,PLACED,SOUTH
1066,138,2023-08-09 01:44:27,DELIVERED,CENTRAL
1067,433,2025-07-08 07:16:28,DELIVERED,NORTH
1068,410,2024-02-09 22:38:51,PLACED,WEST
1069,147,2024-01-30 20:29:40,SHIPPED,CENTRAL
1070,198,2025-09-05 00:00:13,DELIVERED,EAST
1071,430,2025-10-03 06:39:26,DELIVERED,SOUTH
1072,254,2024-11-04 14:47:28,DELIVERED,NORTH
1073,68,2025-04-05 14:38:38,DELIVERED,EAST
1074,150,2024-07-17 14:53:26,DELIVERED,SOUTH
1075,388,2023-06-02 03:43:24,DELIVERED,NORTH
1076,314,2023-07-11 20:32:38,CANCELLED,CENTRAL
1077,586,2025-01-30 14:18:16,DELIVERED,EAST
1078,,2025-08-01 16:00:33,RETURNED,EAST
1079,545,2024-08-28 03:58:25,DELIVERED,CENTRAL
1080,10,2024-09-17 11:55:37,DELIVERED,CENTRAL
1081,274,2025-10-18 11:43:23,RETURNED,NORTH
1082,256,2025-09-19 22:51:37,DELIVERED,CENTRAL
1083,480,2024-12-12 03:31:16,DELIVERED,CENTRAL
1084,235,2024-10-26 12:14:17,DELIVERED,EAST
1085,321,2023-05-16 01:26:35,DELIVERED,NORTH
1086,170,2023-04-30 03:19:48,PLACED,CENTRAL
1087,11,2024-03-20 01:17:33,DELIVERED,WEST
1088,546,2023-07-31 22:25:07,DELIVERED,NORTH
1089,8,2025-08-15 08:49:48,DELIVERED,WEST
1090,541,2024-06-20 00:47:33,PLACED,CENTRAL
1091,537,2024-11-27 22:57:37,SHIPPED,SOUTH
1092,53,2024-07-24 04:39:02,DELIVERED,WEST
1093,256,2023-09-22 20:06:10,CANCELLED,CENTRAL
1094,272,2023-07-03 02:20:26,PLACED,SOUTH
1095,313,2025-09-07 11:57:49,CANCELLED,CENTRAL
1096,500,2023-02-25 00:53:36,DELIVERED,NORTH
1097,110,2025-08-14 04:37:51,DELIVERED,NORTH
1098,,2023-10-17 04:27:44,DELIVERED,WEST
1099,421,2023-05-12 15:28:37,RETURNED,NORTH
1100,232,2023-01-11 17:38:25,DELIVERED,WEST
1101,550,2024-04-09 22:09:06,SHIPPED,EAST
1102,144,2024-11-12 07:09:06,DELIVERED,EAST
1103,204,2023-01-10 00:37:14,SHIPPED,NORTH
1104,340,2023-03-04 12:51:50,SHIPPED,NORTH
1105,273,2023-11-06 02:57:23,DELIVERED,NORTH
1106,131,2025-05-04 14:05:49,DELIVERED,EAST
1107,399,2024-09-13 04:27:31,SHIPPED,SOUTH
1108,353,2023-06-17 14:02:32,PLACED,CENTRAL
1109,351,2025-11-29 05:41:08,RETURNED,WEST
1110,498,2023-01-13 11:20:19,DELIVERED,NORTH
1111,192,2024-01-20 20:41:19,DELIVERED,SOUTH
1112,254,2023-06-28 16:15:21,SHIPPED,WEST
1113,186,2023-06-10 02:32:15,RETURNED,SOUTH
1114,124,2025-07-07 09:23:30,DELIVERED,SOUTH
1115,437,2024-03-01 10:18:06,DELIVERED,NORTH
1116,538,2023-05-22 06:19:06,DELIVERED,EAST
1117,63,2023-12-26 12:14:53,DELIVERED,CENTRAL
1118,288,2023-03-22 05:51:22,DELIVERED,EAST
1119,,2024-01-19 15:39:29,PLACED,NORTH
1120,484,2025-10-22 22:38:35,RETURNED,EAST
1121,504,2023-06-06 12:40:06,DELIVERED,EAST
1122,,2023-06-23 06:05:17,DELIVERED,CENTRAL
1123,371,2023-07-22 10:14:15,DELIVERED,CENTRAL
1124,599,2024-07-31 05:57:52,PLACED,WEST
1125,124,2023-06-15 05:35:38,DELIVERED,NORTH
1126,457,2025-10-13 12:07:42,PLACED,NORTH
1127,486,2025-04-29 01:56:34,DELIVERED,SOUTH
1128,564,27-08-2023,CANCELLED,EAST
1129,460,2025-05-20 11:12:53,RETURNED,NORTH
1130,516,2023-04-16 04:21:20,SHIPPED,NORTH
1131,47,2024-03-01 21:00:07,PLACED,CENTRAL
1132,507,2025-12-13 18:51:47,CANCELLED,CENTRAL
1133,394,2023-04-27 11:39:47,DELIVERED,CENTRAL
1134,4,2024-09-14 16:43:56,DELIVERED,SOUTH
1135,526,2025-07-08 19:33:48,DELIVERED,WEST
1136,304,2025-03-26 16:08:52,DELIVERED,EAST
1137,299,2023-09-23 19:24:34,DELIVERED,NORTH
1138,53,2024-03-07 11:30:46,RETURNED,SOUTH
1139,,2023-11-23 04:20:16,DELIVERED,EAST
1140,563,2024-07-27 09:25:27,DELIVERED,EAST
1141,59,2024-09-26 08:07:33,CANCELLED,NORTH
1142,263,2023-12-07 15:20:08,DELIVERED,NORTH
1143,392,2025-06-25 01:33:15,CANCELLED,EAST
1144,453,2025-09-12 08:37:28,DELIVERED,SOUTH
1145,405,2023-11-13 18:38:15,DELIVERED,SOUTH
1146,96,2024-11-05 01:05:50,SHIPPED,WEST
1147,584,2023-10-15 10:20:40,RETURNED,WEST
1148,,2023-10-08 06:02:49,CANCELLED,SOUTH
1149,147,2024-09-04 08:44:30,DELIVERED,NORTH
1150,103,2024-12-07 20:31:48,SHIPPED,CENTRAL
1151,22,2023-01-19 07:30:29,CANCELLED,NORTH
1152,86,2025-09-28 04:02:04,SHIPPED,EAST
1153,10,2025-09-01 14:35:05,DELIVERED,NORTH
1154,143,2024-06-09 16:05:25,DELIVERED,WEST
1155,491,2024-11-21 05:40:52,SHIPPED,SOUTH
1156,127,2025-04-24 08:08:03,CANCELLED,NORTH
1157,426,2023-06-09 17:13:57,PLACED,SOUTH
1158,151,15-12-2023,DELIVERED,EAST
1159,116,2023-12-17 21:34:49,SHIPPED,WEST
1160,289,2023-06-21 02:09:17,PLACED,EAST
1161,87,2024-06-02 10:09:43,DELIVERED,NORTH
1162,186,2023-10-04 14:50:52,SHIPPED,WEST
1163,294,2025-11-02 13:45:17,CANCELLED,EAST
1164,272,2024-02-26 03:05:23,DELIVERED,NORTH
1165,152,2023-08-19 21:48:38,DELIVERED,WEST
1166,438,2025-01-13 05:14:17,SHIPPED,EAST
1167,395,2024-05-16 20:18:14,DELIVERED,EAST
1168,342,2024-10-20 09:36:17,CANCELLED,SOUTH
1169,563,2025-10-12 21:10:49,DELIVERED,WEST
1170,394,2025-02-04 05:30:41,DELIVERED,NORTH
1171,225,2024-10-17 07:21:48,SHIPPED,NORTH
1172,372,2023-01-05 10:51:22,DELIVERED,CENTRAL
1173,358,2023-07-27 12:41:45,CANCELLED,EAST
1174,565,2023-08-05 11:19:03,SHIPPED,WEST
1175,147,15-12-2023,DELIVERED,WEST
1176,109,2025-12-17 09:19:44,PLACED,CENTRAL
1177,,2025-07-11 15:09:10,SHIPPED,EAST
1178,427,16-01-2024,DELIVERED,SOUTH
1179,307,2024-12-30 18:05:55,DELIVERED,WEST
1180,14,2024-06-08 00:50:04,SHIPPED,EAST
1181,,2023-04-04 04:59:30,DELIVERED,SOUTH
1182,466,2023-01-17 21:10:21,DELIVERED,CENTRAL
1183,233,2024-02-05 20:57:49,RETURNED,WEST
1184,129,2024-02-27 06:28:03,DELIVERED,SOUTH
1185,573,2023-03-28 23:42:46,CANCELLED,CENTRAL
1186,415,2025-12-11 15:32:04,SHIPPED,WEST
1187,112,2024-07-31 01:42:31,PLACED,NORTH
1188,246,2025-07-26 00:33:33,SHIPPED,EAST
1189,317,15-06-2023,DELIVERED,SOUTH
1190,88,2025-09-18 16:51:55,DELIVERED,CENTRAL
1191,50,2025-05-25 17:43:30,PLACED,EAST
1192,290,24-04-2024,DELIVERED,WEST
1193,133,2024-05-03 12:22:56,DELIVERED,NORTH
1194,154,2025-02-21 06:45:49,DELIVERED,NORTH
1195,39,2024-08-16 14:09:28,SHIPPED,EAST
1196,96,2025-11-26 00:44:45,CANCELLED,SOUTH
1197,165,2025-11-24 14:39:37,DELIVERED,CENTRAL
1198,350,2025-08-03 15:25:55,DELIVERED,WEST
1199,442,2024-06-10 15:36:29,CANCELLED,NORTH
1200,77,2025-11-26 19:22:06,DELIVERED,SOUTH
1201,,2025-02-11 20:59:43,DELIVERED,EAST
1202,174,2023-05-16 09:50:48,SHIPPED,EAST
1203,73,2024-03-11 03:31:50,DELIVERED,SOUTH
1204,263,2024-12-16 17:40:30,DELIVERED,WEST
1205,500,2023-08-07 04:15:09,DELIVERED,NORTH
1206,133,2024-03-21 06:09:25,DELIVERED,WEST
1207,424,2025-08-28 07:57:55,DELIVERED,CENTRAL
1208,59,26-11-2025,DELIVERED,SOUTH
1209,298,21-05-2025,SHIPPED,WEST
1210,474,2024-09-12 06:15:10,DELIVERED,NORTH
1211,477,2024-12-28 18:31:28,PLACED,NORTH
1212,444,2023-06-18 07:31:06,DELIVERED,SOUTH
1213,498,2023-04-11 03:40:22,DELIVERED,SOUTH
1214,559,2025-01-09 18:44:55,RETURNED,SOUTH
1215,33,2023-08-15 01:08:51,DELIVERED,CENTRAL
1216,441,2023-04-07 22:27:00,SHIPPED,WEST
1217,434,2023-11-25 13:01:34,DELIVERED,EAST
1218,415,2023-10-01 13:41:36,DELIVERED,NORTH
1219,266,2024-12-02 06:11:31,CANCELLED,SOUTH
1220,305,2023-05-24 14:27:35,SHIPPED,SOUTH
1221,165,2024-10-13 01:13:14,DELIVERED,WEST
1222,575,2025-12-12 09:14:16,SHIPPED,CENTRAL
1223,325,2025-11-03 15:26:47,SHIPPED,NORTH
1224,325,2024-12-13 12:02:57,DELIVERED,NORTH
1225,4,2025-11-12 22:30:08,RETURNED,WEST
1226,593,2023-07-15 07:04:37,PLACED,NORTH
1227,171,2023-10-19 12:21:28,DELIVERED,CENTRAL
1228,591,2024-06-24 17:34:12,DELIVERED,NORTH
1229,515,19-07-2024,DELIVERED,NORTH
1230,361,2025-10-05 01:10:50,CANCELLED,EAST
1231,117,2024-10-23 12:48:31,DELIVERED,SOUTH
1232,556,2024-08-02 14:58:38,DELIVERED,WEST
1233,291,2025-10-21 15:52:45,RETURNED,CENTRAL
1234,107,2023-06-04 03:22:42,DELIVERED,NORTH
1235,558,2025-08-15 07:51:06,DELIVERED,NORTH
1236,,2025-02-20 22:40:39,CANCELLED,EAST
1237,391,2023-11-26 03:07:41,SHIPPED,NORTH
1238,476,2024-12-30 10:59:47,RETURNED,WEST
1239,8,2025-09-28 18:06:05,DELIVERED,EAST
1240,271,2025-02-27 11:14:19,CANCELLED,EAST
1241,,2024-10-06 05:45:09,PLACED,WEST
1242,532,2023-02-10 18:33:08,DELIVERED,CENTRAL
1243,248,2023-09-22 17:22:23,RETURNED,CENTRAL
1244,53,2023-10-27 06:54:01,DELIVERED,CENTRAL
1245,413,2025-09-15 09:59:42,DELIVERED,EAST
1246,130,2024-11-10 11:30:47,SHIPPED,CENTRAL
1247,267,2025-06-15 05:38:56,SHIPPED,CENTRAL
1248,448,2024-05-15 20:06:57,DELIVERED,NORTH
1249,557,2025-07-10 15:23:13,DELIVERED,NORTH
1250,465,2023-02-09 06:52:29,SHIPPED,EAST
1251,549,2025-10-10 15:48:36,DELIVERED,SOUTH
1252,282,2024-08-10 08:50:56,RETURNED,NORTH
1253,106,01-09-2025,DELIVERED,NORTH
1254,269,2025-07-14 16:33:18,PLACED,SOUTH
1255,213,2025-02-06 18:47:27,SHIPPED,WEST
1256,79,2023-02-04 02:36:54,DELIVERED,SOUTH
1257,462,2024-08-05 22:29:48,SHIPPED,SOUTH
1258,33,2023-01-16 18:03:26,RETURNED,NORTH
1259,560,2024-06-22 17:02:03,SHIPPED,NORTH
1260,31,2024-01-31 08:29:08,PLACED,CENTRAL
1261,374,2025-03-05 23:13:33,CANCELLED,NORTH
1262,130,2023-02-15 19:45:03,DELIVERED,EAST
1263,565,2023-11-06 12:06:48,DELIVERED,EAST
1264,198,2025-02-09 04:49:38,SHIPPED,EAST
1265,403,2025-12-03 07:21:30,DELIVERED,NORTH
1266,500,2025-07-01 18:31:43,CANCELLED,WEST
1267,327,2024-10-20 06:04:20,SHIPPED,CENTRAL
1268,383,2024-08-18 00:59:03,DELIVERED,NORTH
1269,420,2023-02-22 10:39:51,DELIVERED,EAST
1270,408,2025-09-29 02:59:43,SHIPPED,NORTH
1271,252,2024-05-16 06:25:32,SHIPPED,NORTH
1272,126,2024-07-31 08:30:00,DELIVERED,NORTH
1273,582,2023-01-17 22:25:10,CANCELLED,EAST
1274,218,22-05-2025,SHIPPED,CENTRAL
1275,77,2025-05-21 10:03:22,CANCELLED,CENTRAL
1276,328,2024-10-17 03:59:05,SHIPPED,SOUTH
1277,432,2025-02-06 07:12:14,SHIPPED,NORTH
1278,243,2023-09-23 20:33:05,PLACED,CENTRAL
1279,5,2023-01-28 16:59:07,DELIVERED,WEST
1280,541,17-09-2024,DELIVERED,NORTH
1281,426,26-01-2023,DELIVERED,EAST
1282,321,2024-06-21 05:16:14,DELIVERED,WEST
1283,506,2024-09-03 00:18:42,CANCELLED,NORTH
1284,11,2025-08-17 23:51:09,SHIPPED,SOUTH
1285,232,2024-05-16 13:03:26,PLACED,SOUTH
1286,6,2024-07-27 00:49:32,DELIVERED,NORTH
1287,77,2023-03-08 21:59:47,DELIVERED,EAST
1288,175,2025-08-09 20:59:57,DELIVERED,SOUTH
1289,599,2023-07-06 06:14:56,DELIVERED,WEST
1290,592,2025-11-04 01:36:57,DELIVERED,WEST
1291,232,2024-03-11 19:20:56,DELIVERED,NORTH
1292,249,2024-04-05 04:24:39,DELIVERED,SOUTH
1293,14,2023-04-27 17:35:10,DELIVERED,SOUTH
1294,214,2024-08-21 04:05:08,DELIVERED,CENTRAL
1295,320,2025-03-09 08:35:56,DELIVERED,WEST
1296,373,2025-02-22 17:32:55,RETURNED,WEST
1297,193,2025-08-21 21:05:54,DELIVERED,NORTH
1298,592,2023-09-13 01:40:57,SHIPPED,NORTH
1299,472,2023-06-16 11:42:48,DELIVERED,SOUTH
1300,272,2025-01-09 19:31:47,RETURNED,NORTH
1301,407,2023-05-11 14:14:10,DELIVERED,CENTRAL
1302,101,02-06-2024,DELIVERED,NORTH
1303,181,2024-10-18 11:14:11,DELIVERED,CENTRAL
1304,52,2025-08-01 15:18:28,RETURNED,SOUTH
1305,590,2023-12-08 02:31:37,SHIPPED,EAST
1306,415,2025-04-06 15:18:31,DELIVERED,WEST
1307,275,2023-12-08 14:01:47,SHIPPED,WEST
1308,295,2023-11-13 05:50:38,PLACED,NORTH
1309,313,2025-02-20 18:09:09,SHIPPED,SOUTH
1310,467,24-11-2025,RETURNED,SOUTH
1311,182,2025-10-31 15:26:58,CANCELLED,EAST
1312,361,2023-09-23 05:05:36,DELIVERED,WEST
1313,47,2025-01-28 13:25:01,DELIVERED,NORTH
1314,172,2024-03-27 12:32:12,DELIVERED,SOUTH
1315,464,2023-06-05 07:59:21,DELIVERED,WEST
1316,374,2025-04-27 17:43:57,PLACED,WEST
1317,531,2024-07-01 18:51:51,DELIVERED,CENTRAL
1318,22,2024-02-24 07:59:50,RETURNED,SOUTH
1319,510,2023-12-09 03:43:26,SHIPPED,NORTH
1320,92,2025-12-16 21:31:51,RETURNED,SOUTH
1321,558,2024-08-09 20:35:39,RETURNED,WEST
1322,358,2025-03-29 12:30:44,DELIVERED,EAST
1323,196,2024-10-10 05:51:30,DELIVERED,NORTH
1324,444,2025-12-26 06:19:44,DELIVERED,WEST
1325,511,2024-06-23 01:00:58,DELIVERED,SOUTH
1326,572,2023-08-22 08:53:47,DELIVERED,SOUTH
1327,465,23-03-2024,SHIPPED,NORTH
1328,6,2025-07-10 07:18:45,DELIVERED,WEST
1329,291,01-01-2023,DELIVERED,CENTRAL
1330,278,2025-05-21 02:14:32,RETURNED,SOUTH
1331,298,2023-11-02 14:31:46,PLACED,SOUTH
1332,396,2024-07-04 21:38:53,DELIVERED,WEST
1333,319,2023-06-02 10:52:32,DELIVERED,SOUTH
1334,143,2025-11-20 16:05:30,DELIVERED,SOUTH
1335,88,2024-10-08 17:14:51,DELIVERED,EAST
1336,448,2025-09-03 01:25:25,SHIPPED,NORTH
1337,367,2024-11-17 11:16:32,DELIVERED,WEST
1338,29,2024-12-25 18:20:24,PLACED,CENTRAL
1339,310,2024-10-15 20:59:01,DELIVERED,SOUTH
1340,580,2024-08-02 14:35:31,PLACED,EAST
1341,474,2024-09-01 23:24:02,DELIVERED,CENTRAL
1342,110,2023-03-26 10:10:28,DELIVERED,EAST
1343,63,2024-03-27 09:29:34,DELIVERED,NORTH
1344,210,2025-11-13 15:56:20,SHIPPED,CENTRAL
1345,159,2025-02-08 10:17:45,DELIVERED,EAST
1346,206,2023-01-11 00:30:11,PLACED,NORTH
1347,100,2023-08-26 17:04:36,SHIPPED,SOUTH
1348,401,05-01-2025,RETURNED,NORTH
1349,241,2024-04-10 21:58:05,DELIVERED,CENTRAL
1350,127,2025-08-09 21:21:02,SHIPPED,WEST
1351,247,2023-02-03 15:27:51,DELIVERED,SOUTH
1352,297,2025-12-22 20:02:49,DELIVERED,EAST
1353,401,2025-07-03 14:42:19,DELIVERED,WEST
1354,152,2023-06-16 17:46:12,DELIVERED,NORTH
1355,,2023-07-06 14:38:25,PLACED,EAST
1356,44,2025-10-07 09:30:06,RETURNED,EAST
1357,10,2024-12-27 20:50:28,DELIVERED,SOUTH
1358,538,2025-02-20 16:51:55,DELIVERED,WEST
1359,577,2023-09-29 01:42:54,DELIVERED,EAST
1360,311,2023-08-06 13:02:36,PLACED,WEST
1361,185,2025-09-29 04:20:20,DELIVERED,CENTRAL
1362,133,2025-02-26 13:35:33,DELIVERED,EAST
1363,414,2025-06-21 02:59:12,PLACED,NORTH
1364,512,2023-09-05 06:38:54,DELIVERED,WEST
1365,243,2023-12-26 16:14:03,CANCELLED,NORTH
1366,431,2023-09-28 07:06:50,PLACED,NORTH
1367,75,2024-01-25 02:42:53,DELIVERED,WEST
1368,,2025-07-31 05:12:01,DELIVERED,SOUTH
1369,588,2025-12-21 10:22:59,SHIPPED,CENTRAL
1370,231,2024-01-28 05:41:37,DELIVERED,SOUTH
1371,197,2024-11-05 07:02:30,DELIVERED,NORTH
1372,35,2025-09-04 07:07:54,CANCELLED,SOUTH
1373,74,2024-07-12 13:24:20,SHIPPED,EAST
1374,213,2025-09-24 16:09:30,CANCELLED,CENTRAL
1375,573,2025-02-17 01:03:07,CANCELLED,SOUTH
1376,73,2024-11-12 18:33:36,PLACED,CENTRAL
1377,237,2025-03-14 12:21:39,DELIVERED,NORTH
1378,297,29-05-2024,DELIVERED,EAST
1379,295,09-07-2024,DELIVERED,NORTH
1380,513,2024-01-10 23:59:04,DELIVERED,EAST
1381,597,2023-03-29 23:59:52,RETURNED,WEST
1382,,2024-02-13 15:19:45,DELIVERED,WEST
1383,210,2024-06-03 16:36:05,CANCELLED,CENTRAL
1384,64,2024-05-27 00:43:13,DELIVERED,SOUTH
1385,37,2025-05-25 22:04:57,RETURNED,EAST
1386,83,2024-10-08 14:33:30,DELIVERED,CENTRAL
1387,,2023-07-21 02:47:21,DELIVERED,NORTH
1388,311,2023-12-16 21:44:37,PLACED,SOUTH
1389,201,27-03-2023,DELIVERED,CENTRAL
1390,566,2024-08-12 08:37:27,PLACED,WEST
1391,438,2024-08-09 00:04:19,SHIPPED,CENTRAL
1392,377,2024-11-11 08:03:57,SHIPPED,EAST
1393,95,2024-11-09 02:49:30,PLACED,CENTRAL
1394,550,2024-10-03 16:11:50,PLACED,CENTRAL
1395,59,2023-01-24 03:27:30,PLACED,NORTH
1396,,2024-11-12 06:32:54,DELIVERED,EAST
1397,408,2024-01-15 10:05:20,DELIVERED,WEST
1398,557,16-10-2025,DELIVERED,SOUTH
1399,455,2024-07-08 12:22:13,RETURNED,EAST
1400,540,2025-05-06 13:53:59,DELIVERED,EAST
1401,421,2025-04-21 01:34:11,DELIVERED,CENTRAL
1402,534,2023-05-02 20:40:54,DELIVERED,SOUTH
1403,146,2025-05-09 00:03:15,RETURNED,NORTH
1404,117,2025-12-20 20:04:28,DELIVERED,NORTH
1405,308,2023-02-22 10:31:18,PLACED,NORTH
1406,,2025-08-05 05:02:34,DELIVERED,WEST
1407,442,2023-03-10 23:55:54,PLACED,CENTRAL
1408,27,19-04-2024,DELIVERED,CENTRAL
1409,222,2024-06-06 07:07:35,DELIVERED,NORTH
1410,59,2025-08-23 12:20:14,DELIVERED,NORTH
1411,548,2025-11-19 04:32:09,DELIVERED,WEST
1412,391,2025-06-01 19:52:24,DELIVERED,WEST
1413,,2024-01-06 01:44:34,PLACED,EAST
1414,585,2024-01-24 06:09:47,PLACED,WEST
1415,13,2024-03-02 01:31:20,DELIVERED,NORTH
1416,184,2025-10-23 11:31:57,DELIVERED,WEST
1417,,14-11-2024,DELIVERED,EAST
1418,82,2025-05-14 15:51:56,CANCELLED,EAST
1419,185,2025-05-06 15:28:00,DELIVERED,EAST
1420,233,2024-03-04 23:24:26,SHIPPED,SOUTH
1421,40,2025-08-17 22:49:11,DELIVERED,SOUTH
1422,,2024-11-14 23:54:17,PLACED,SOUTH
1423,,2024-02-07 10:15:39,DELIVERED,EAST
1424,80,2023-03-11 11:46:10,DELIVERED,CENTRAL
1425,585,04-03-2025,CANCELLED,EAST
1426,290,2025-11-23 22:07:35,PLACED,SOUTH
1427,418,2025-07-31 21:21:36,DELIVERED,EAST
1428,46,2024-04-01 19:27:52,RETURNED,EAST
1429,321,07-07-2025,DELIVERED,CENTRAL
1430,221,2025-02-28 10:24:29,CANCELLED,WEST
1431,81,2023-02-20 15:23:54,RETURNED,NORTH
1432,562,2023-12-15 20:59:12,DELIVERED,WEST
1433,53,2023-07-08 08:14:35,DELIVERED,CENTRAL
1434,200,2025-03-25 16:50:28,DELIVERED,CENTRAL
1435,371,2024-01-15 02:03:37,DELIVERED,SOUTH
1436,420,2023-06-29 07:03:16,PLACED,EAST
1437,496,2025-05-20 15:21:22,SHIPPED,CENTRAL
1438,129,2024-10-12 15:52:06,SHIPPED,CENTRAL
1439,267,2024-09-25 05:04:46,DELIVERED,EAST
1440,152,2023-07-03 06:01:03,DELIVERED,CENTRAL
1441,16,2023-11-04 17:51:37,SHIPPED,SOUTH
1442,482,2024-02-14 03:22:24,SHIPPED,NORTH
1443,,2023-02-22 22:25:58,RETURNED,SOUTH
1444,398,2023-07-25 15:24:01,DELIVERED,WEST
1445,301,2024-09-16 23:29:01,DELIVERED,NORTH
1446,47,2024-06-06 22:52:00,DELIVERED,NORTH
1447,461,2024-07-05 09:46:46,DELIVERED,WEST
1448,522,2025-01-11 03:48:09,SHIPPED,NORTH
1449,465,2023-01-13 02:11:56,DELIVERED,WEST
1450,100,2023-10-02 12:41:00,DELIVERED,SOUTH
1451,538,13-06-2024,DELIVERED,CENTRAL
1452,183,2024-10-24 20:08:19,PLACED,SOUTH
1453,322,2023-11-24 06:44:43,DELIVERED,NORTH
1454,450,2023-09-15 05:44:14,CANCELLED,SOUTH
1455,109,2024-03-24 03:16:11,DELIVERED,SOUTH
1456,521,2023-08-08 00:58:39,PLACED,SOUTH
1457,200,2023-03-03 17:48:08,DELIVERED,NORTH
1458,585,2023-02-10 01:02:51,DELIVERED,WEST
1459,113,2025-03-20 04:19:55,DELIVERED,NORTH
1460,141,2024-11-02 12:02:33,DELIVERED,EAST
1461,228,2023-06-30 22:02:30,DELIVERED,NORTH
1462,526,2025-02-26 16:34:24,DELIVERED,NORTH
1463,,2024-05-04 00:57:52,RETURNED,NORTH
1464,37,2025-03-20 19:21:12,SHIPPED,NORTH
1465,201,2025-06-29 20:27:55,DELIVERED,EAST
1466,290,2025-01-22 15:44:11,SHIPPED,SOUTH
1467,220,2023-05-18 19:24:43,DELIVERED,NORTH
1468,183,2025-02-01 06:17:31,DELIVERED,NORTH
1469,241,2024-02-13 16:06:09,DELIVERED,EAST
1470,238,2025-10-17 12:32:03,DELIVERED,EAST
1471,366,2025-01-31 12:47:59,DELIVERED,CENTRAL
1472,295,2023-05-30 23:01:11,RETURNED,WEST
1473,181,2024-05-20 11:40:52,RETURNED,WEST
1474,132,2025-10-23 05:25:57,CANCELLED,WEST
1475,30,2025-01-29 21:44:33,DELIVERED,EAST
1476,63,2023-12-01 03:44:21,DELIVERED,CENTRAL
1477,453,2024-02-11 09:21:02,DELIVERED,WEST
1478,348,2023-03-26 20:52:46,DELIVERED,NORTH
1479,549,2024-09-28 14:52:54,DELIVERED,SOUTH
1480,338,2023-06-21 08:51:51,DELIVERED,SOUTH
1481,,2023-01-31 22:40:05,PLACED,WEST
1482,567,2025-12-30 18:15:29,DELIVERED,NORTH
1483,161,2025-03-16 16:38:10,DELIVERED,CENTRAL
1484,383,2023-12-23 06:12:31,DELIVERED,EAST
1485,37,2025-05-08 23:30:49,DELIVERED,NORTH
1486,497,2025-03-28 23:24:27,SHIPPED,NORTH
1487,254,13-04-2024,DELIVERED,NORTH
1488,411,2023-07-12 01:44:19,CANCELLED,SOUTH
1489,517,2024-02-24 10:16:46,PLACED,WEST
1490,401,2025-04-21 11:57:48,CANCELLED,SOUTH
1491,24,2024-04-29 23:16:32,DELIVERED,EAST
1492,591,2023-11-11 19:57:43,DELIVERED,WEST
1493,575,2024-10-29 06:12:34,DELIVERED,EAST
1494,18,2025-12-27 21:14:44,DELIVERED,WEST
1495,464,2024-08-02 00:40:02,DELIVERED,SOUTH
1496,379,2023-02-08 16:02:10,DELIVERED,WEST
1497,86,2025-09-25 14:00:47,DELIVERED,NORTH
1498,256,2023-11-19 14:56:21,SHIPPED,NORTH
1499,581,2025-08-15 16:21:21,PLACED,SOUTH
1500,346,2025-02-05 11:56:48,PLACED,SOUTH
1501,6,2025-12-06 07:41:32,DELIVERED,EAST
1502,321,2025-05-23 16:08:44,DELIVERED,SOUTH
1503,84,2025-01-20 07:24:30,DELIVERED,NORTH
1504,166,2023-05-01 09:34:30,DELIVERED,CENTRAL
1505,117,2023-09-16 04:16:20,CANCELLED,NORTH
1506,499,2025-02-08 05:49:02,DELIVERED,SOUTH
1507,,2025-04-29 20:48:32,DELIVERED,NORTH
1508,278,2024-04-02 01:27:10,DELIVERED,CENTRAL
1509,298,2024-07-31 07:26:17,DELIVERED,CENTRAL
1510,258,2025-08-11 19:34:20,DELIVERED,WEST
1511,139,2024-05-27 21:53:49,DELIVERED,SOUTH
1512,154,06-01-2025,PLACED,WEST
1513,97,2023-01-09 16:52:25,DELIVERED,CENTRAL
1514,161,28-05-2023,DELIVERED,NORTH
1515,15,2025-05-18 14:50:59,DELIVERED,SOUTH
1516,413,2024-10-24 00:36:25,DELIVERED,EAST
1517,157,2025-09-23 16:33:27,DELIVERED,NORTH
1518,130,2024-03-10 22:37:02,DELIVERED,CENTRAL
1519,284,2024-08-17 21:16:51,DELIVERED,CENTRAL
1520,,2025-01-05 09:53:10,RETURNED,SOUTH
1521,147,2023-05-22 21:20:14,DELIVERED,SOUTH
1522,54,2023-01-01 09:12:14,DELIVERED,SOUTH
1523,310,2024-11-14 00:47:41,DELIVERED,CENTRAL
1524,395,2024-01-10 00:39:50,DELIVERED,WEST
1525,220,2025-03-21 21:02:15,RETURNED,SOUTH
1526,574,2024-03-07 10:46:37,DELIVERED,WEST
1527,446,2024-01-25 04:46:20,SHIPPED,EAST
1528,355,2024-07-22 01:48:21,SHIPPED,WEST
1529,196,2025-05-19 14:38:01,DELIVERED,WEST
1530,200,2023-01-17 13:53:48,DELIVERED,NORTH
1531,260,2024-05-25 05:33:40,RETURNED,CENTRAL
1532,491,2025-07-31 14:11:23,PLACED,WEST
1533,59,2025-12-16 10:05:05,CANCELLED,CENTRAL
1534,503,2025-01-01 09:02:32,DELIVERED,SOUTH
1535,40,2025-10-02 22:21:27,PLACED,EAST
1536,135,2023-08-26 23:24:08,DELIVERED,NORTH
1537,64,05-07-2023,PLACED,EAST
1538,18,2025-04-25 04:54:09,CANCELLED,EAST
1539,376,2024-05-06 15:14:24,PLACED,CENTRAL
1540,63,2025-10-29 06:10:54,SHIPPED,NORTH
1541,177,2025-02-18 02:13:59,PLACED,WEST
1542,178,2025-08-03 07:36:23,DELIVERED,NORTH
1543,582,2025-05-20 19:10:07,DELIVERED,NORTH
1544,187,2024-12-20 06:05:29,SHIPPED,NORTH
1545,,2025-07-07 07:36:52,DELIVERED,SOUTH
1546,253,2023-12-04 21:57:05,CANCELLED,EAST
1547,136,2025-09-24 19:19:40,PLACED,EAST
1548,324,2024-03-21 22:59:23,SHIPPED,WEST
1549,303,2023-10-20 10:17:35,DELIVERED,EAST
1550,373,2024-02-15 22:57:28,DELIVERED,EAST
1551,175,2025-03-23 12:26:47,RETURNED,NORTH
1552,216,2025-06-28 02:41:39,DELIVERED,WEST
1553,516,2025-11-25 11:27:53,CANCELLED,CENTRAL
1554,265,2024-02-22 19:11:13,DELIVERED,SOUTH
1555,191,2023-02-18 20:28:05,SHIPPED,WEST
1556,35,2025-06-30 14:15:49,DELIVERED,EAST
1557,163,2025-09-04 20:25:12,DELIVERED,WEST
1558,367,2024-06-07 00:02:09,SHIPPED,EAST
1559,,2025-04-29 09:21:55,DELIVERED,CENTRAL
1560,485,2025-06-13 17:32:20,DELIVERED,SOUTH
1561,411,2024-08-02 18:27:19,PLACED,EAST
1562,520,2023-12-30 23:27:02,DELIVERED,NORTH
1563,30,2024-02-23 10:30:18,DELIVERED,SOUTH
1564,537,2024-04-11 22:32:15,RETURNED,SOUTH
1565,342,2025-06-01 08:08:15,RETURNED,NORTH
1566,355,2024-04-25 10:33:11,DELIVERED,WEST
1567,177,16-12-2024,DELIVERED,EAST
1568,93,2023-10-14 18:09:01,SHIPPED,SOUTH
1569,489,2025-05-12 16:52:57,DELIVERED,SOUTH
1570,218,2025-01-01 08:43:19,DELIVERED,WEST
1571,99,2024-12-20 23:56:07,SHIPPED,WEST
1572,290,2023-07-27 10:13:12,DELIVERED,WEST
1573,28,09-04-2025,CANCELLED,SOUTH
1574,349,2023-10-04 18:17:14,CANCELLED,CENTRAL
1575,80,2025-08-06 11:34:11,SHIPPED,SOUTH
1576,96,20-10-2023,DELIVERED,EAST
1577,397,2023-10-07 10:15:00,PLACED,WEST
1578,530,2024-10-17 03:29:27,DELIVERED,NORTH
1579,415,2023-05-09 09:03:36,SHIPPED,NORTH
1580,466,2023-07-19 23:45:24,DELIVERED,NORTH
1581,311,2025-11-07 02:40:40,DELIVERED,WEST
1582,462,2025-09-12 01:36:07,DELIVERED,CENTRAL
1583,374,2025-01-05 15:07:20,DELIVERED,NORTH
1584,82,2024-10-20 18:17:37,PLACED,SOUTH
1585,466,2025-07-05 18:29:57,PLACED,WEST
1586,472,13-03-2024,PLACED,EAST
1587,346,2025-07-20 00:34:32,DELIVERED,EAST
1588,366,2023-02-06 13:16:29,PLACED,WEST
1589,,2024-05-19 07:10:43,DELIVERED,NORTH
1590,180,2023-02-26 21:00:26,DELIVERED,NORTH
1591,442,2023-07-15 19:39:25,DELIVERED,EAST
1592,537,2024-12-12 12:37:43,DELIVERED,CENTRAL
1593,,2023-04-29 21:28:27,RETURNED,CENTRAL
1594,525,2025-09-17 19:26:50,DELIVERED,NORTH
1595,23,2025-09-16 03:25:39,RETURNED,SOUTH
1596,82,2024-02-04 00:21:37,RETURNED,WEST
1597,527,2023-10-25 16:59:33,CANCELLED,CENTRAL
1598,,2024-01-14 15:44:53,DELIVERED,CENTRAL
1599,191,2024-11-09 18:30:50,DELIVERED,EAST
1600,292,2023-03-13 01:23:31,PLACED,EAST
1601,133,18-11-2023,DELIVERED,EAST
1602,100,2025-07-19 15:18:02,SHIPPED,SOUTH
1603,472,2024-05-19 06:17:40,DELIVERED,CENTRAL
1604,572,2025-07-13 15:48:40,DELIVERED,NORTH
1605,474,2024-05-11 13:08:51,SHIPPED,WEST
1606,413,2025-12-19 21:05:13,DELIVERED,NORTH
1607,575,2025-06-06 12:06:11,PLACED,EAST
1608,323,2025-04-02 16:36:41,DELIVERED,WEST
1609,361,2023-02-15 22:14:49,DELIVERED,CENTRAL
1610,503,2023-02-06 08:43:34,DELIVERED,SOUTH
1611,127,2025-04-15 02:54:32,DELIVERED,NORTH
1612,183,2023-11-25 06:01:39,DELIVERED,SOUTH
1613,223,2024-09-15 02:42:26,RETURNED,WEST
1614,109,2024-03-09 05:23:22,DELIVERED,EAST
1615,507,2025-04-07 05:21:07,DELIVERED,WEST
1616,410,2024-11-29 04:55:53,PLACED,EAST
1617,101,2024-06-02 22:28:02,DELIVERED,WEST
1618,30,2024-10-11 11:53:38,SHIPPED,CENTRAL
1619,585,2025-08-05 03:29:22,RETURNED,WEST
1620,484,2024-05-19 21:38:07,RETURNED,NORTH
1621,399,2023-02-05 07:02:41,DELIVERED,CENTRAL
1622,378,2023-10-27 20:44:19,SHIPPED,SOUTH
1623,32,2023-11-07 08:32:09,DELIVERED,SOUTH
1624,248,2024-12-14 07:57:11,RETURNED,SOUTH
1625,340,2025-02-16 01:21:52,SHIPPED,SOUTH
1626,,19-04-2023,CANCELLED,WEST
1627,428,2024-12-31 10:40:13,CANCELLED,EAST
1628,547,2025-04-14 17:32:28,DELIVERED,NORTH
1629,41,2023-04-03 20:59:37,DELIVERED,EAST
1630,128,2025-03-05 16:19:40,SHIPPED,NORTH
1631,115,2024-02-12 18:40:32,DELIVERED,SOUTH
1632,495,2025-10-16 21:28:24,DELIVERED,SOUTH
1633,504,2024-05-27 16:14:57,DELIVERED,SOUTH
1634,462,2024-06-15 23:11:48,DELIVERED,EAST
1635,535,12-07-2025,PLACED,EAST
1636,315,2024-07-30 02:19:54,DELIVERED,SOUTH
1637,302,2024-04-18 09:34:53,DELIVERED,SOUTH
1638,394,2025-12-15 18:33:16,DELIVERED,EAST
1639,152,2023-02-13 12:05:27,PLACED,CENTRAL
1640,530,2024-07-19 16:56:08,DELIVERED,WEST
1641,514,2023-09-22 17:20:59,DELIVERED,EAST
1642,174,2024-08-10 04:04:07,DELIVERED,CENTRAL
1643,,2025-01-21 20:46:08,DELIVERED,NORTH
1644,123,2024-04-25 11:50:55,DELIVERED,SOUTH
1645,13,2024-12-14 12:45:16,CANCELLED,CENTRAL
1646,,2023-11-11 14:51:54,RETURNED,NORTH
1647,548,27-02-2025,CANCELLED,CENTRAL
1648,251,2023-03-28 22:53:30,DELIVERED,EAST
1649,251,2023-10-11 18:58:39,DELIVERED,SOUTH
1650,273,2024-12-09 11:22:29,DELIVERED,CENTRAL
1651,136,2023-10-23 04:14:29,DELIVERED,CENTRAL
1652,596,2023-11-19 16:48:43,DELIVERED,WEST
1653,75,2025-04-14 02:20:13,DELIVERED,SOUTH
1654,556,2024-11-17 11:09:15,SHIPPED,CENTRAL
1655,,2025-01-26 21:16:33,CANCELLED,WEST
1656,200,2023-06-23 05:54:44,CANCELLED,CENTRAL
1657,258,2025-08-12 10:59:14,DELIVERED,WEST
1658,495,2025-02-04 05:39:02,DELIVERED,CENTRAL
1659,255,2025-09-29 09:46:07,DELIVERED,EAST
1660,115,2025-05-21 21:27:01,DELIVERED,SOUTH
1661,508,2024-05-10 20:55:11,SHIPPED,SOUTH
1662,454,2024-11-02 02:41:00,DELIVERED,EAST
1663,112,2025-04-16 16:05:38,SHIPPED,SOUTH
1664,484,2025-02-18 11:42:07,DELIVERED,NORTH
1665,332,2025-08-04 20:48:07,SHIPPED,SOUTH
1666,161,2024-09-07 12:53:50,RETURNED,EAST
1667,276,2025-01-05 23:37:10,RETURNED,SOUTH
1668,380,2025-01-03 04:45:07,DELIVERED,SOUTH
1669,316,2024-07-03 19:35:59,DELIVERED,WEST
1670,57,09-10-2024,DELIVERED,WEST
1671,20,2023-08-06 08:58:44,SHIPPED,SOUTH
1672,330,2024-02-02 13:44:13,DELIVERED,WEST
1673,221,2024-05-20 22:25:18,DELIVERED,CENTRAL
1674,334,2024-03-01 14:04:54,RETURNED,WEST
1675,48,2025-07-10 02:24:55,DELIVERED,WEST
1676,385,2025-01-26 14:13:03,SHIPPED,NORTH
1677,449,2025-09-20 15:05:06,SHIPPED,EAST
1678,424,2023-07-28 14:29:51,CANCELLED,SOUTH
1679,91,2025-07-05 05:38:52,SHIPPED,WEST
1680,571,2025-06-08 17:02:24,CANCELLED,CENTRAL
1681,70,07-12-2025,RETURNED,EAST
1682,220,2024-07-15 03:36:57,DELIVERED,SOUTH
1683,266,2023-12-20 16:36:38,DELIVERED,EAST
1684,438,2023-02-05 22:39:31,CANCELLED,WEST
1685,525,2023-03-16 14:43:42,PLACED,EAST
1686,335,2024-11-10 04:15:18,DELIVERED,CENTRAL
1687,78,2025-06-11 22:40:26,PLACED,CENTRAL
1688,526,2025-05-17 06:35:01,DELIVERED,NORTH
1689,75,2024-12-28 16:57:44,CANCELLED,WEST
1690,156,2024-12-24 11:07:11,PLACED,EAST
1691,443,2025-10-03 09:13:14,DELIVERED,NORTH
1692,20,01-04-2024,SHIPPED,NORTH
1693,599,2024-10-25 13:17:35,DELIVERED,EAST
1694,589,2025-10-12 08:26:51,CANCELLED,EAST
1695,212,2025-06-15 02:45:12,SHIPPED,EAST
1696,41,2023-02-10 17:43:11,DELIVERED,SOUTH
1697,236,2023-04-18 14:27:23,SHIPPED,SOUTH
1698,223,2023-09-11 15:51:06,PLACED,EAST
1699,27,2024-11-13 23:00:08,CANCELLED,WEST
1700,409,2023-11-21 00:35:17,SHIPPED,SOUTH
1701,180,2024-08-14 02:15:01,RETURNED,CENTRAL
1702,124,2025-03-13 08:22:24,DELIVERED,WEST
1703,196,2024-07-10 17:45:38,RETURNED,SOUTH
1704,115,2025-02-26 10:58:53,PLACED,WEST
1705,103,2024-08-13 08:30:46,DELIVERED,EAST
1706,308,2024-04-26 12:57:22,RETURNED,SOUTH
1707,483,2023-05-12 04:34:44,RETURNED,NORTH
1708,47,2024-03-02 18:09:34,CANCELLED,SOUTH
1709,160,2023-10-03 12:23:59,DELIVERED,SOUTH
1710,301,02-03-2023,DELIVERED,EAST
1711,532,2023-09-02 15:22:49,DELIVERED,SOUTH
1712,113,2025-11-04 17:44:34,PLACED,SOUTH
1713,272,2023-11-14 00:32:17,DELIVERED,CENTRAL
1714,36,2023-02-10 03:00:48,RETURNED,SOUTH
1715,538,2023-03-14 05:37:30,SHIPPED,SOUTH
1716,430,2023-01-24 04:56:46,SHIPPED,NORTH
1717,550,2025-01-08 22:59:06,SHIPPED,WEST
1718,,2025-07-26 03:34:35,DELIVERED,WEST
1719,375,2024-02-04 00:29:43,DELIVERED,CENTRAL
1720,585,2023-05-30 17:59:19,SHIPPED,SOUTH
1721,231,2025-03-10 14:40:32,DELIVERED,NORTH
1722,256,2024-09-19 08:11:30,DELIVERED,SOUTH
1723,474,2025-10-21 07:04:17,DELIVERED,CENTRAL
1724,135,2025-06-15 14:20:57,DELIVERED,EAST
1725,36,2025-10-24 03:23:27,DELIVERED,WEST
1726,,2023-11-04 10:06:11,CANCELLED,NORTH
1727,586,2024-01-05 10:55:12,DELIVERED,WEST
1728,592,2024-06-18 05:35:14,DELIVERED,WEST
1729,451,2023-11-30 17:40:25,DELIVERED,NORTH
1730,346,2025-10-15 05:20:19,DELIVERED,SOUTH
1731,99,2025-01-27 01:55:00,DELIVERED,EAST
1732,27,13-02-2024,SHIPPED,CENTRAL
1733,124,2023-12-19 19:50:08,DELIVERED,CENTRAL
1734,447,2023-07-16 04:46:38,RETURNED,CENTRAL
1735,187,2023-05-09 21:14:34,CANCELLED,WEST
1736,228,2025-03-04 15:54:17,SHIPPED,NORTH
1737,577,2024-07-03 19:42:32,DELIVERED,CENTRAL
1738,544,2025-04-08 05:30:21,DELIVERED,SOUTH
1739,232,2023-06-05 13:25:04,DELIVERED,SOUTH
1740,51,2025-08-05 01:58:45,DELIVERED,WEST
1741,480,2025-03-21 12:11:46,SHIPPED,EAST
1742,570,11-04-2024,SHIPPED,EAST
1743,421,2025-08-10 10:40:06,SHIPPED,SOUTH
1744,249,2023-09-06 22:39:47,DELIVERED,WEST
1745,255,2025-09-30 15:46:50,PLACED,EAST
1746,600,2024-03-05 02:08:55,SHIPPED,SOUTH
1747,12,2023-08-10 05:22:16,DELIVERED,NORTH
1748,483,2025-03-25 09:07:10,DELIVERED,SOUTH
1749,466,2024-04-09 04:53:58,PLACED,SOUTH
1750,42,2024-06-14 07:27:50,CANCELLED,WEST
1751,600,2024-02-01 19:57:17,CANCELLED,SOUTH
1752,299,2025-12-10 02:38:12,DELIVERED,SOUTH
1753,372,2023-05-18 14:14:20,CANCELLED,SOUTH
1754,443,2025-10-29 21:39:51,PLACED,WEST
1755,283,2023-06-13 09:46:15,DELIVERED,EAST
1756,366,2024-05-25 19:39:31,PLACED,NORTH
1757,445,2025-01-24 06:34:11,SHIPPED,EAST
1758,385,2025-01-27 20:48:44,DELIVERED,CENTRAL
1759,101,2025-11-03 00:19:48,PLACED,CENTRAL
1760,432,2024-01-06 16:11:11,DELIVERED,WEST
1761,472,2023-03-03 22:16:19,CANCELLED,CENTRAL
1762,443,2023-02-27 21:45:31,SHIPPED,NORTH
1763,102,08-10-2023,RETURNED,EAST
1764,260,2023-02-14 01:52:51,CANCELLED,EAST
1765,284,2024-06-18 11:06:12,DELIVERED,WEST
1766,270,2024-05-19 02:41:57,SHIPPED,SOUTH
1767,357,2025-04-30 03:59:31,CANCELLED,SOUTH
1768,234,2023-05-19 01:17:36,CANCELLED,EAST
1769,416,2023-06-07 08:40:09,DELIVERED,EAST
1770,272,2025-09-20 09:21:22,DELIVERED,WEST
1771,173,2024-11-11 01:12:53,PLACED,EAST
1772,574,2023-10-22 19:52:29,DELIVERED,EAST
1773,78,2025-04-16 03:34:37,PLACED,SOUTH
1774,270,2025-07-17 21:54:51,DELIVERED,SOUTH
1775,395,2025-04-07 17:15:30,CANCELLED,NORTH
1776,332,2024-04-01 13:50:35,DELIVERED,SOUTH
1777,281,2023-03-05 08:07:18,DELIVERED,NORTH
1778,232,2025-12-15 18:25:37,DELIVERED,WEST
1779,22,2023-12-02 11:52:27,DELIVERED,CENTRAL
1780,582,2024-11-12 21:14:17,DELIVERED,SOUTH
1781,397,2025-03-16 13:44:33,DELIVERED,EAST
1782,380,2024-07-19 09:44:41,RETURNED,EAST
1783,138,2023-12-31 14:28:00,CANCELLED,EAST
1784,132,2025-12-27 04:40:05,RETURNED,NORTH
1785,108,2025-02-27 07:15:00,SHIPPED,CENTRAL
1786,568,2024-06-25 03:09:37,DELIVERED,SOUTH
1787,449,2025-06-11 01:55:58,DELIVERED,WEST
1788,574,2023-04-11 10:36:57,DELIVERED,WEST
1789,152,2023-03-31 09:27:41,DELIVERED,NORTH
1790,259,2023-04-12 14:45:51,DELIVERED,NORTH
1791,137,2025-02-01 10:42:58,SHIPPED,WEST
1792,312,2024-12-03 07:56:48,SHIPPED,EAST
1793,553,2025-02-28 01:55:56,DELIVERED,CENTRAL
1794,367,2023-01-11 12:36:10,SHIPPED,CENTRAL
1795,166,2023-04-21 07:34:16,SHIPPED,SOUTH
1796,186,2025-07-23 10:29:41,DELIVERED,NORTH
1797,97,2025-02-07 22:00:26,DELIVERED,WEST
1798,486,2025-11-30 15:48:50,CANCELLED,SOUTH
1799,441,2023-10-12 06:20:48,DELIVERED,EAST
1800,360,2023-10-14 17:08:00,DELIVERED,NORTH
1801,,2023-05-27 01:36:49,PLACED,CENTRAL
1802,173,15-05-2025,RETURNED,NORTH
1803,314,01-04-2025,CANCELLED,NORTH
1804,177,2025-06-01 11:30:26,DELIVERED,SOUTH
1805,354,2025-02-12 22:17:34,CANCELLED,NORTH
1806,452,2023-08-29 06:33:32,DELIVERED,SOUTH
1807,,22-11-2024,CANCELLED,CENTRAL
1808,299,2023-07-06 20:28:41,DELIVERED,NORTH
1809,103,2023-10-08 06:25:27,SHIPPED,WEST
1810,466,2023-08-30 04:14:13,CANCELLED,CENTRAL
1811,68,2024-11-26 20:14:55,SHIPPED,EAST
1812,193,2023-08-08 15:04:47,PLACED,WEST
1813,102,2023-04-02 01:40:04,PLACED,CENTRAL
1814,589,2025-10-14 04:52:03,DELIVERED,CENTRAL
1815,139,2025-04-28 18:33:52,DELIVERED,WEST
1816,446,2024-03-31 02:18:31,PLACED,WEST
1817,496,2023-02-07 00:36:05,DELIVERED,CENTRAL
1818,57,2025-02-12 00:25:01,CANCELLED,CENTRAL
1819,585,2023-10-20 04:05:22,SHIPPED,CENTRAL
1820,49,2024-05-02 05:51:17,DELIVERED,EAST
1821,445,2024-06-30 10:46:20,DELIVERED,CENTRAL
1822,46,2023-10-04 23:08:14,PLACED,SOUTH
1823,75,2023-10-16 11:35:55,DELIVERED,SOUTH
1824,,2025-06-06 05:50:28,SHIPPED,WEST
1825,247,2025-12-06 22:18:15,RETURNED,EAST
1826,412,2024-08-28 17:06:48,SHIPPED,NORTH
1827,433,2025-07-19 03:04:44,DELIVERED,CENTRAL
1828,280,2025-08-30 18:04:14,DELIVERED,WEST
1829,195,2024-10-08 01:24:17,DELIVERED,WEST
1830,460,2023-01-17 04:50:51,DELIVERED,SOUTH
1831,163,13-12-2023,PLACED,WEST
1832,263,2025-04-14 02:33:47,DELIVERED,WEST
1833,112,2024-03-20 23:13:06,DELIVERED,NORTH
1834,510,2023-11-10 23:48:26,SHIPPED,SOUTH
1835,235,2023-02-25 10:48:46,CANCELLED,NORTH
1836,70,2023-10-14 13:51:02,DELIVERED,SOUTH
1837,43,2024-07-30 04:13:30,DELIVERED,CENTRAL
1838,45,2023-10-21 13:17:26,PLACED,CENTRAL
1839,180,2023-08-26 05:27:40,DELIVERED,EAST
1840,299,27-09-2025,PLACED,CENTRAL
1841,450,2023-10-13 18:38:37,CANCELLED,NORTH
1842,295,2023-04-18 18:46:52,SHIPPED,CENTRAL
1843,67,2025-04-29 22:14:13,DELIVERED,WEST
1844,330,2023-01-28 03:01:24,PLACED,EAST
1845,,2023-06-11 05:40:06,DELIVERED,NORTH
1846,230,2024-08-25 00:03:49,DELIVERED,NORTH
1847,488,25-04-2023,DELIVERED,CENTRAL
1848,244,2024-03-14 19:11:13,DELIVERED,WEST
1849,491,2024-06-20 03:59:05,DELIVERED,SOUTH
1850,179,2024-07-13 10:48:41,RETURNED,WEST
1851,,2023-09-07 01:02:16,SHIPPED,EAST
1852,233,2024-12-15 11:30:37,SHIPPED,WEST
1853,432,2025-08-31 05:36:34,DELIVERED,WEST
1854,373,2024-12-03 15:24:23,DELIVERED,EAST
1855,252,2024-09-11 15:26:18,DELIVERED,SOUTH
1856,373,2025-06-01 22:59:17,DELIVERED,WEST
1857,403,2024-09-26 03:06:02,DELIVERED,SOUTH
1858,423,2025-04-23 06:07:15,SHIPPED,NORTH
1859,394,2024-06-08 13:44:25,DELIVERED,CENTRAL
1860,582,19-11-2024,DELIVERED,SOUTH
1861,412,2025-11-23 07:43:54,DELIVERED,CENTRAL
1862,252,2023-11-04 06:52:55,DELIVERED,SOUTH
1863,544,2025-01-26 00:55:53,DELIVERED,NORTH
1864,,2023-04-12 12:45:42,DELIVERED,NORTH
1865,208,2023-05-20 17:27:58,RETURNED,SOUTH
1866,324,2024-04-22 18:44:11,RETURNED,CENTRAL
1867,297,2024-11-24 19:05:22,SHIPPED,EAST
1868,168,2025-05-22 20:41:11,SHIPPED,WEST
1869,481,2025-08-18 11:28:50,DELIVERED,EAST
1870,151,2024-01-23 09:55:31,PLACED,WEST
1871,389,2023-03-03 04:07:52,SHIPPED,WEST
1872,372,2023-01-31 23:56:36,DELIVERED,WEST
1873,,2023-10-10 11:15:01,RETURNED,WEST
1874,88,2025-05-30 11:12:07,PLACED,EAST
1875,154,2023-07-29 15:03:16,RETURNED,NORTH
1876,300,2025-11-05 02:32:37,DELIVERED,NORTH
1877,428,07-02-2025,DELIVERED,SOUTH
1878,533,2024-01-28 13:55:37,DELIVERED,NORTH
1879,314,17-09-2023,DELIVERED,EAST
1880,470,2024-11-03 13:32:01,DELIVERED,NORTH
1881,11,2023-02-18 17:42:01,PLACED,CENTRAL
1882,398,2024-08-14 08:26:52,DELIVERED,NORTH
1883,525,2024-02-24 20:54:22,DELIVERED,WEST
1884,268,2024-06-15 11:28:55,SHIPPED,CENTRAL
1885,87,2024-03-13 12:20:33,CANCELLED,EAST
1886,110,26-06-2023,PLACED,SOUTH
1887,243,03-08-2024,CANCELLED,NORTH
1888,350,2023-01-15 23:36:02,PLACED,CENTRAL
1889,472,2025-06-24 06:40:40,DELIVERED,EAST
1890,143,2023-06-14 09:43:49,RETURNED,SOUTH
1891,94,2023-05-07 01:42:00,DELIVERED,NORTH
1892,,2025-12-01 01:03:28,DELIVERED,NORTH
1893,203,2025-08-29 14:31:51,DELIVERED,WEST
1894,63,2023-10-17 01:00:05,SHIPPED,WEST
1895,270,10-01-2023,CANCELLED,SOUTH
1896,78,2025-06-12 21:44:14,SHIPPED,SOUTH
1897,405,2024-05-14 06:51:48,DELIVERED,CENTRAL
1898,437,2024-10-02 10:59:11,CANCELLED,EAST
1899,258,2024-01-10 00:34:55,DELIVERED,EAST
1900,62,11-04-2023,DELIVERED,CENTRAL
1901,457,30-10-2024,RETURNED,NORTH
1902,371,2025-11-13 19:13:28,DELIVERED,CENTRAL
1903,327,2023-04-13 08:08:24,DELIVERED,WEST
1904,501,2025-01-16 08:25:47,DELIVERED,EAST
1905,362,2023-10-23 14:20:27,DELIVERED,WEST
1906,413,2024-12-18 03:11:41,CANCELLED,WEST
1907,395,2024-12-22 09:48:36,RETURNED,WEST
1908,153,2023-08-05 14:24:09,DELIVERED,WEST
1909,177,2024-11-05 18:54:26,DELIVERED,SOUTH
1910,,2023-10-13 16:38:51,SHIPPED,WEST
1911,163,2024-06-08 00:01:22,CANCELLED,EAST
1912,512,2025-05-03 08:27:21,DELIVERED,WEST
1913,362,2023-09-06 06:32:44,PLACED,NORTH
1914,145,2024-05-17 04:50:42,DELIVERED,SOUTH
1915,14,2025-02-06 18:17:20,DELIVERED,EAST
1916,440,2024-06-09 23:11:46,SHIPPED,CENTRAL
1917,383,2023-07-21 01:25:42,DELIVERED,SOUTH
1918,428,05-01-2025,SHIPPED,SOUTH
1919,321,2024-05-21 17:38:25,DELIVERED,WEST
1920,200,2025-05-12 03:44:28,RETURNED,SOUTH
1921,243,2025-09-09 20:05:04,DELIVERED,SOUTH
1922,98,2024-12-30 17:38:38,DELIVERED,WEST
1923,474,2025-08-26 17:45:14,RETURNED,CENTRAL
1924,198,18-02-2024,DELIVERED,EAST
1925,253,2024-07-19 02:47:34,DELIVERED,SOUTH
1926,576,2024-05-23 07:26:10,DELIVERED,SOUTH
1927,550,2024-05-12 03:47:40,CANCELLED,SOUTH
1928,124,2025-09-30 06:43:09,DELIVERED,EAST
1929,255,2023-10-30 20:00:17,DELIVERED,WEST
1930,304,2023-01-17 22:54:14,PLACED,NORTH
1931,477,2025-09-27 09:37:23,DELIVERED,SOUTH
1932,322,2024-08-16 10:43:03,RETURNED,NORTH
1933,465,2024-12-09 06:47:45,SHIPPED,EAST
1934,,2023-07-19 16:09:27,CANCELLED,NORTH
1935,385,2025-05-08 09:29:37,PLACED,CENTRAL
1936,335,2024-11-05 14:22:19,CANCELLED,CENTRAL
1937,583,2023-02-23 15:31:13,CANCELLED,NORTH
1938,509,2023-03-28 18:34:52,RETURNED,NORTH
1939,241,2023-08-06 08:16:35,DELIVERED,NORTH
1940,72,2024-07-08 16:56:45,DELIVERED,WEST
1941,406,2023-04-07 13:08:12,DELIVERED,SOUTH
1942,119,2023-05-19 23:49:19,SHIPPED,EAST
1943,54,2023-03-29 19:00:04,DELIVERED,SOUTH
1944,157,2023-03-07 12:25:50,DELIVERED,SOUTH
1945,406,2024-05-16 16:27:29,DELIVERED,NORTH
1946,425,2024-03-25 22:32:22,PLACED,CENTRAL
1947,597,2023-11-07 21:10:42,PLACED,WEST
1948,522,2025-12-26 05:54:11,DELIVERED,SOUTH
1949,289,2023-08-25 12:30:34,DELIVERED,EAST
1950,263,2025-03-04 14:58:22,SHIPPED,EAST
1951,463,2024-02-09 10:14:51,DELIVERED,NORTH
1952,210,2025-10-08 22:16:24,SHIPPED,SOUTH
1953,211,2024-08-24 21:15:35,DELIVERED,SOUTH
1954,311,2024-04-08 20:58:46,DELIVERED,EAST
1955,259,2025-10-03 08:51:22,DELIVERED,SOUTH
1956,342,26-04-2024,DELIVERED,SOUTH
1957,401,2024-08-26 15:00:13,DELIVERED,CENTRAL
1958,255,2025-02-02 19:14:35,DELIVERED,NORTH
1959,12,2023-01-01 10:05:37,RETURNED,EAST
1960,164,2024-04-16 09:18:26,PLACED,NORTH
1961,382,2023-12-01 11:17:16,DELIVERED,NORTH
1962,123,12-10-2025,SHIPPED,EAST
1963,210,2024-12-10 19:29:50,RETURNED,NORTH
1964,488,2025-11-25 04:24:47,PLACED,SOUTH
1965,594,2023-05-14 17:51:51,DELIVERED,CENTRAL
1966,157,2023-02-05 01:03:30,PLACED,SOUTH
1967,,2025-11-19 06:23:25,CANCELLED,WEST
1968,,2024-10-02 16:17:26,DELIVERED,NORTH
1969,208,2024-03-12 05:50:14,PLACED,EAST
1970,459,2024-02-27 11:29:40,RETURNED,NORTH
1971,446,2023-03-10 13:01:42,RETURNED,CENTRAL
1972,49,2025-01-28 21:37:47,DELIVERED,EAST
1973,558,2025-07-18 00:53:08,DELIVERED,SOUTH
1974,329,2024-07-30 18:02:01,DELIVERED,EAST
1975,356,2025-06-20 07:51:48,SHIPPED,EAST
1976,556,2025-11-10 22:30:20,DELIVERED,WEST
1977,141,2024-11-01 15:21:54,RETURNED,EAST
1978,169,2025-09-29 16:38:50,DELIVERED,NORTH
1979,164,2025-08-29 00:01:50,SHIPPED,CENTRAL
1980,430,2023-11-16 17:15:24,RETURNED,NORTH
1981,5,25-04-2025,RETURNED,EAST
1982,343,2025-10-29 11:27:39,SHIPPED,WEST
1983,403,2024-08-02 22:27:27,DELIVERED,SOUTH
1984,232,2024-09-25 19:17:04,SHIPPED,WEST
1985,1,2025-12-14 00:03:50,DELIVERED,CENTRAL
1986,314,2025-02-08 06:30:10,DELIVERED,SOUTH
1987,99,2024-04-15 11:20:59,PLACED,SOUTH
1988,74,2023-02-18 07:23:48,DELIVERED,NORTH
1989,413,2023-07-04 18:53:12,DELIVERED,NORTH
1990,312,2024-04-11 08:50:39,DELIVERED,WEST
1991,504,2025-01-13 05:31:00,DELIVERED,NORTH
1992,393,30-06-2024,DELIVERED,CENTRAL
1993,360,2024-10-18 15:27:37,RETURNED,WEST
1994,89,13-08-2024,DELIVERED,WEST
1995,97,2023-05-23 23:49:46,DELIVERED,WEST
1996,36,2024-06-08 02:32:19,DELIVERED,EAST
1997,421,2025-12-29 16:31:00,PLACED,NORTH
1998,29,2023-07-19 10:30:29,DELIVERED,CENTRAL
1999,579,2025-02-18 22:37:25,CANCELLED,WEST
2000,,2025-04-12 02:57:40,SHIPPED,CENTRAL
2001,301,2025-03-13 17:19:35,PLACED,SOUTH
2002,159,2025-07-22 19:23:27,SHIPPED,NORTH
2003,181,2025-01-25 08:37:08,PLACED,WEST
2004,598,2023-10-11 18:43:19,SHIPPED,WEST
2005,119,2024-11-21 18:21:55,SHIPPED,NORTH
2006,577,2023-07-25 01:16:46,DELIVERED,NORTH
2007,538,2024-07-23 14:39:31,DELIVERED,EAST
2008,,2023-06-15 04:11:57,DELIVERED,WEST
2009,367,17-10-2024,DELIVERED,WEST
2010,124,2024-01-13 20:20:40,SHIPPED,NORTH
2011,560,2025-06-05 02:49:20,DELIVERED,EAST
2012,190,12-01-2025,DELIVERED,CENTRAL
2013,308,19-05-2025,DELIVERED,SOUTH
2014,13,29-08-2024,DELIVERED,NORTH
2015,,2024-02-18 01:00:18,DELIVERED,SOUTH
2016,194,2024-01-14 12:54:18,DELIVERED,WEST
2017,555,2023-11-29 15:03:54,SHIPPED,NORTH
2018,70,2023-07-17 05:14:49,DELIVERED,WEST
2019,424,2023-04-23 18:21:17,RETURNED,EAST
2020,44,2024-02-12 17:31:59,DELIVERED,EAST
2021,383,2023-02-12 23:26:05,DELIVERED,WEST
2022,522,2023-12-16 02:12:29,DELIVERED,WEST
2023,295,2025-09-13 23:21:29,DELIVERED,WEST
2024,576,2024-11-03 05:46:24,DELIVERED,NORTH
2025,,2023-08-15 03:00:40,DELIVERED,EAST
2026,350,2024-12-22 14:04:46,CANCELLED,EAST
2027,482,2025-07-29 07:03:56,DELIVERED,CENTRAL
2028,588,2025-12-05 11:20:21,DELIVERED,SOUTH
2029,546,2023-05-22 08:16:01,DELIVERED,CENTRAL
2030,278,2023-04-08 18:21:48,DELIVERED,EAST
2031,246,2023-12-20 22:34:26,SHIPPED,CENTRAL
2032,422,2024-04-20 21:28:03,DELIVERED,EAST
2033,143,2024-10-20 10:12:10,SHIPPED,EAST
2034,329,2025-12-01 15:10:31,DELIVERED,SOUTH
2035,299,2025-06-22 17:10:32,SHIPPED,SOUTH
2036,509,2025-09-11 00:30:46,SHIPPED,EAST
2037,471,2025-01-22 09:37:39,DELIVERED,CENTRAL
2038,386,2024-01-31 16:51:46,RETURNED,CENTRAL
2039,261,06-01-2023,DELIVERED,WEST
2040,582,2025-05-05 09:30:11,SHIPPED,WEST
2041,502,2023-03-21 05:09:29,SHIPPED,CENTRAL
2042,186,2024-11-10 02:57:43,DELIVERED,NORTH
2043,111,26-03-2023,DELIVERED,CENTRAL
2044,434,2023-07-17 22:38:26,PLACED,SOUTH
2045,,2025-10-22 17:39:16,RETURNED,EAST
2046,226,2024-03-06 13:47:18,DELIVERED,CENTRAL
2047,243,2024-02-19 08:37:49,PLACED,SOUTH
2048,393,2025-06-26 09:34:20,DELIVERED,SOUTH
2049,277,2023-01-28 02:13:53,SHIPPED,WEST
2050,471,2024-01-18 10:44:18,SHIPPED,CENTRAL
2051,4,2023-09-27 14:09:21,DELIVERED,SOUTH
2052,396,2024-11-07 01:10:53,SHIPPED,WEST
2053,455,2023-06-05 21:56:18,SHIPPED,WEST
2054,24,2024-08-20 06:17:10,DELIVERED,CENTRAL
2055,537,2023-11-15 15:45:16,DELIVERED,EAST
2056,453,2025-02-14 05:16:01,SHIPPED,CENTRAL
2057,387,2023-08-13 11:56:13,DELIVERED,SOUTH
2058,281,2023-11-18 18:24:00,DELIVERED,SOUTH
2059,25,2023-12-25 16:24:26,SHIPPED,CENTRAL
2060,23,19-12-2025,DELIVERED,WEST
2061,457,2024-07-12 11:53:54,PLACED,WEST
2062,267,2024-02-01 00:19:12,SHIPPED,WEST
2063,544,2023-12-07 10:00:39,CANCELLED,SOUTH
2064,93,2024-08-15 13:15:58,PLACED,SOUTH
2065,538,2025-12-16 03:08:23,DELIVERED,EAST
2066,191,2024-03-31 09:31:44,DELIVERED,SOUTH
2067,95,2023-09-16 20:22:18,PLACED,CENTRAL
2068,181,2025-10-13 22:04:25,DELIVERED,EAST
2069,201,2024-10-19 12:25:33,DELIVERED,CENTRAL
2070,184,2023-04-15 16:11:12,SHIPPED,CENTRAL
2071,184,2024-12-19 12:38:02,DELIVERED,SOUTH
2072,,2023-10-18 04:39:32,DELIVERED,SOUTH
2073,59,2025-03-08 07:11:39,SHIPPED,WEST
2074,248,2023-03-17 02:24:44,CANCELLED,CENTRAL
2075,466,2025-06-10 11:13:09,DELIVERED,SOUTH
2076,44,2024-01-21 14:07:06,RETURNED,NORTH
2077,502,31-07-2023,DELIVERED,WEST
2078,533,2024-09-19 10:25:33,DELIVERED,EAST
2079,258,2025-06-16 01:42:43,RETURNED,CENTRAL
2080,38,2023-09-17 06:18:58,PLACED,SOUTH
2081,423,2024-07-24 21:26:24,DELIVERED,WEST
2082,17,03-08-2024,DELIVERED,SOUTH
2083,144,2025-09-18 19:16:41,DELIVERED,EAST
2084,450,10-08-2023,DELIVERED,EAST
2085,210,2024-12-25 10:45:09,SHIPPED,WEST
2086,104,2023-03-21 18:19:37,DELIVERED,EAST
2087,444,2024-06-28 13:38:30,DELIVERED,NORTH
2088,42,2024-07-05 02:56:51,PLACED,WEST
2089,170,2024-05-29 21:26:24,RETURNED,NORTH
2090,62,2023-08-15 17:00:04,DELIVERED,NORTH
2091,,2025-09-06 17:14:59,DELIVERED,WEST
2092,292,2025-08-10 03:32:20,PLACED,EAST
2093,500,2025-03-14 03:03:52,DELIVERED,WEST
2094,580,2023-02-26 03:59:25,PLACED,CENTRAL
2095,451,2023-08-27 04:33:24,SHIPPED,EAST
2096,404,2023-11-01 23:52:16,PLACED,SOUTH
2097,429,15-04-2024,SHIPPED,CENTRAL
2098,216,2023-08-24 13:47:22,RETURNED,NORTH
2099,495,2023-09-11 19:40:27,SHIPPED,NORTH
2100,82,2023-09-15 06:09:43,CANCELLED,WEST
2101,481,2024-06-16 10:09:59,DELIVERED,EAST
2102,339,2025-05-01 04:08:16,DELIVERED,EAST
2103,533,2025-11-03 07:35:37,CANCELLED,EAST
2104,,2024-01-17 01:19:04,DELIVERED,WEST
2105,415,2025-03-01 10:44:41,RETURNED,NORTH
2106,152,2024-04-11 13:34:46,SHIPPED,CENTRAL
2107,157,2023-12-07 03:08:34,DELIVERED,NORTH
2108,430,2025-02-24 19:13:06,DELIVERED,CENTRAL
2109,68,2023-05-07 00:42:57,RETURNED,EAST
2110,158,2023-03-30 09:29:56,DELIVERED,WEST
2111,316,2023-02-17 12:41:00,DELIVERED,SOUTH
2112,220,2025-02-03 01:53:55,DELIVERED,WEST
2113,169,2024-01-01 05:35:08,SHIPPED,EAST
2114,104,2024-05-23 04:46:16,PLACED,NORTH
2115,95,2023-01-14 04:31:30,RETURNED,SOUTH
2116,,2023-01-04 05:49:07,RETURNED,EAST
2117,366,2024-07-23 18:03:51,PLACED,CENTRAL
2118,40,2023-09-14 15:54:22,PLACED,CENTRAL
2119,197,2023-03-03 09:10:41,CANCELLED,SOUTH
2120,539,2025-01-31 17:56:57,CANCELLED,NORTH
2121,267,2024-03-17 20:52:22,DELIVERED,SOUTH
2122,230,2025-12-23 07:45:22,PLACED,EAST
2123,464,2024-06-10 02:04:14,RETURNED,EAST
2124,411,2024-04-20 23:22:25,CANCELLED,WEST
2125,335,2024-01-01 06:05:54,SHIPPED,SOUTH
2126,,2023-08-20 00:43:03,DELIVERED,NORTH
2127,130,2023-07-02 20:51:01,DELIVERED,SOUTH
2128,594,2024-03-14 19:26:27,DELIVERED,SOUTH
2129,566,2024-11-07 06:27:32,DELIVERED,CENTRAL
2130,373,2023-11-22 20:51:44,DELIVERED,SOUTH
2131,,20-06-2024,DELIVERED,EAST
2132,332,2025-02-12 00:30:13,SHIPPED,WEST
2133,323,2024-05-22 20:01:13,CANCELLED,CENTRAL
2134,257,13-10-2023,PLACED,WEST
2135,246,2024-06-03 17:09:42,DELIVERED,CENTRAL
2136,428,2024-03-07 15:27:27,DELIVERED,NORTH
2137,382,2025-09-08 01:26:30,PLACED,EAST
2138,207,2025-01-20 00:01:39,SHIPPED,SOUTH
2139,518,2025-11-22 21:29:57,DELIVERED,EAST
2140,202,2025-04-01 08:40:31,DELIVERED,WEST
2141,561,2023-03-03 05:52:45,DELIVERED,EAST
2142,418,10-12-2024,DELIVERED,CENTRAL
2143,475,2023-04-08 13:17:47,DELIVERED,CENTRAL
2144,272,2024-05-04 14:44:42,CANCELLED,EAST
2145,594,2023-03-02 03:13:51,DELIVERED,EAST
2146,,2023-01-07 15:45:25,SHIPPED,WEST
2147,281,2023-01-04 11:54:05,CANCELLED,CENTRAL
2148,,2025-04-29 00:42:32,DELIVERED,EAST
2149,219,27-10-2025,DELIVERED,CENTRAL
2150,399,2024-03-22 16:54:25,DELIVERED,CENTRAL
2151,440,2023-10-03 07:51:49,DELIVERED,NORTH
2152,,2024-01-17 12:29:38,RETURNED,SOUTH
2153,264,2024-02-06 02:08:27,SHIPPED,WEST
2154,100,2024-10-24 11:11:08,DELIVERED,EAST
2155,79,2025-04-22 11:08:16,CANCELLED,SOUTH
2156,277,2023-01-06 04:05:05,SHIPPED,SOUTH
2157,548,2024-12-02 01:22:12,DELIVERED,WEST
2158,86,2025-01-17 13:59:50,DELIVERED,EAST
2159,559,2024-07-02 17:44:52,DELIVERED,EAST
2160,89,2025-08-21 16:01:29,SHIPPED,NORTH
2161,548,2024-06-15 10:27:24,DELIVERED,SOUTH
2162,399,2025-09-08 02:38:45,SHIPPED,WEST
2163,172,2025-03-07 00:23:34,DELIVERED,SOUTH
2164,69,2025-01-20 23:19:13,CANCELLED,SOUTH
2165,330,2025-02-06 23:38:32,SHIPPED,EAST
2166,585,07-03-2023,PLACED,EAST
2167,426,2025-10-29 09:20:49,RETURNED,NORTH
2168,534,2024-12-20 23:50:04,DELIVERED,CENTRAL
2169,565,2025-07-10 00:22:25,SHIPPED,EAST
2170,252,2023-02-20 10:56:44,DELIVERED,EAST
2171,57,2024-10-23 05:01:55,DELIVERED,EAST
2172,157,2023-08-01 16:43:41,DELIVERED,EAST
2173,373,2024-10-02 01:35:07,DELIVERED,NORTH
2174,,2024-04-10 18:06:17,DELIVERED,EAST
2175,103,2023-05-25 14:08:02,SHIPPED,EAST
2176,127,2024-02-15 10:05:03,DELIVERED,SOUTH
2177,284,2025-06-23 11:02:25,CANCELLED,EAST
2178,82,2025-05-04 17:15:19,RETURNED,CENTRAL
2179,305,2025-12-08 15:02:34,CANCELLED,NORTH
2180,96,2023-03-05 06:48:05,DELIVERED,EAST
2181,5,2023-03-22 20:41:38,CANCELLED,NORTH
2182,555,2023-03-08 01:26:28,DELIVERED,NORTH
2183,254,2025-07-06 20:37:41,DELIVERED,NORTH
2184,107,2023-10-15 14:07:01,DELIVERED,NORTH
2185,522,2023-07-16 18:16:48,RETURNED,SOUTH
2186,591,2023-01-09 05:05:40,DELIVERED,SOUTH
2187,398,05-01-2024,CANCELLED,SOUTH
2188,422,2024-03-30 16:52:55,DELIVERED,CENTRAL
2189,431,2024-01-22 20:32:11,DELIVERED,EAST
2190,196,12-02-2025,DELIVERED,EAST
2191,123,2025-06-14 17:48:11,SHIPPED,SOUTH
2192,48,2023-03-04 10:59:44,DELIVERED,NORTH
2193,116,2023-07-26 13:11:06,PLACED,CENTRAL
2194,15,2023-11-23 13:00:32,SHIPPED,WEST
2195,127,2023-11-17 12:40:06,DELIVERED,EAST
2196,282,2024-09-30 15:55:10,DELIVERED,WEST
2197,193,2025-09-13 12:26:19,DELIVERED,SOUTH
2198,444,2024-03-01 11:38:13,SHIPPED,WEST
2199,209,2023-04-03 13:45:45,SHIPPED,WEST
2200,437,2024-03-22 03:57:45,DELIVERED,NORTH
2201,311,02-04-2025,DELIVERED,SOUTH
2202,400,2025-12-05 10:33:51,SHIPPED,EAST
2203,241,2023-12-09 15:17:01,DELIVERED,WEST
2204,113,2025-05-07 02:36:09,DELIVERED,EAST
2205,529,2025-03-21 22:37:23,DELIVERED,EAST
2206,110,01-02-2023,CANCELLED,SOUTH
2207,570,2024-01-27 14:55:23,DELIVERED,CENTRAL
2208,542,2025-04-03 04:49:26,SHIPPED,NORTH
2209,568,2023-01-31 09:37:26,DELIVERED,WEST
2210,314,2023-01-03 06:27:07,DELIVERED,WEST
2211,579,2024-02-27 10:42:58,DELIVERED,CENTRAL
2212,251,2024-08-13 04:30:02,PLACED,EAST
2213,546,2024-06-06 04:30:17,DELIVERED,EAST
2214,,2024-10-31 06:15:09,SHIPPED,NORTH
2215,210,2023-08-01 19:34:16,DELIVERED,WEST
2216,562,2023-04-23 18:52:19,DELIVERED,WEST
2217,100,2023-12-09 21:29:28,DELIVERED,NORTH
2218,461,2025-07-01 15:34:24,PLACED,SOUTH
2219,257,2024-01-03 17:10:12,DELIVERED,CENTRAL
2220,488,2025-09-04 06:48:30,DELIVERED,EAST
2221,502,2025-10-18 01:48:32,DELIVERED,SOUTH
2222,235,2024-05-28 19:02:03,DELIVERED,CENTRAL
2223,464,2024-10-25 11:39:18,DELIVERED,CENTRAL
2224,586,2023-02-11 18:52:52,DELIVERED,NORTH
2225,47,2023-10-27 02:35:02,SHIPPED,SOUTH
2226,63,2023-11-21 18:43:44,SHIPPED,WEST
2227,210,28-07-2023,DELIVERED,EAST
2228,65,2024-04-10 09:39:37,DELIVERED,SOUTH
2229,,2023-01-12 20:11:54,DELIVERED,SOUTH
2230,217,2024-10-15 00:01:55,SHIPPED,NORTH
2231,171,2023-06-18 10:55:33,DELIVERED,EAST
2232,600,2025-05-12 03:48:00,CANCELLED,EAST
2233,581,2023-09-02 12:11:28,RETURNED,SOUTH
2234,456,2024-10-22 00:54:36,DELIVERED,EAST
2235,21,2025-07-30 19:48:20,DELIVERED,SOUTH
2236,94,2024-08-06 08:37:43,SHIPPED,CENTRAL
2237,547,2025-12-14 21:29:37,DELIVERED,NORTH
2238,139,2024-09-05 00:01:01,DELIVERED,NORTH
2239,247,2025-04-17 08:19:20,DELIVERED,NORTH
2240,552,2025-07-31 18:55:26,PLACED,CENTRAL
2241,341,2025-03-26 16:14:50,SHIPPED,CENTRAL
2242,211,04-10-2023,CANCELLED,SOUTH
2243,152,2023-12-09 13:07:38,DELIVERED,CENTRAL
2244,330,2024-10-17 17:51:50,SHIPPED,WEST
2245,34,2024-03-05 05:37:50,DELIVERED,NORTH
2246,32,2025-10-29 20:36:09,DELIVERED,NORTH
2247,195,2025-09-16 14:32:33,RETURNED,WEST
2248,381,2023-06-02 15:25:14,DELIVERED,NORTH
2249,362,28-07-2025,DELIVERED,EAST
2250,297,2023-06-28 21:23:05,DELIVERED,EAST
2251,591,2023-05-13 02:32:14,DELIVERED,CENTRAL
2252,155,2025-02-01 22:59:44,CANCELLED,SOUTH
2253,322,2024-03-24 21:51:02,DELIVERED,WEST
2254,,2025-02-26 19:41:13,PLACED,CENTRAL
2255,354,2025-10-25 10:31:57,PLACED,EAST
2256,387,2025-03-12 09:47:58,SHIPPED,CENTRAL
2257,234,2024-10-03 12:43:37,DELIVERED,EAST
2258,591,2023-03-18 02:46:28,DELIVERED,WEST
2259,55,2025-05-08 08:18:29,SHIPPED,WEST
2260,472,2024-09-29 04:44:52,DELIVERED,CENTRAL
2261,539,2023-01-27 09:35:44,SHIPPED,SOUTH
2262,,2023-04-05 07:29:55,CANCELLED,NORTH
2263,570,2024-01-28 17:37:50,DELIVERED,CENTRAL
2264,182,2024-02-11 09:26:47,RETURNED,CENTRAL
2265,199,2025-02-13 07:27:33,DELIVERED,WEST
2266,275,2023-10-19 13:22:00,SHIPPED,SOUTH
2267,303,2023-04-12 19:09:22,DELIVERED,SOUTH
2268,418,2025-09-29 06:16:49,SHIPPED,EAST
2269,134,2024-01-13 01:06:59,DELIVERED,EAST
2270,258,2025-03-31 17:14:10,DELIVERED,NORTH
2271,400,2023-03-05 08:20:45,DELIVERED,SOUTH
2272,44,2024-08-03 11:14:21,DELIVERED,SOUTH
2273,557,2023-12-22 20:41:10,DELIVERED,SOUTH
2274,316,2023-02-06 03:20:54,DELIVERED,WEST
2275,544,2024-03-27 10:22:54,RETURNED,CENTRAL
2276,378,2023-02-04 22:33:43,DELIVERED,SOUTH
2277,283,2025-02-17 05:30:32,DELIVERED,EAST
2278,64,2023-07-28 13:20:46,PLACED,EAST
2279,299,2025-12-02 22:47:00,SHIPPED,SOUTH
2280,364,2023-12-02 18:02:23,CANCELLED,SOUTH
2281,126,2024-02-05 08:23:22,DELIVERED,WEST
2282,466,2023-08-08 16:22:24,DELIVERED,CENTRAL
2283,204,2023-07-12 06:48:29,DELIVERED,SOUTH
2284,138,2025-09-07 00:40:20,DELIVERED,WEST
2285,36,17-12-2023,RETURNED,NORTH
2286,336,2025-08-08 12:21:34,PLACED,WEST
2287,538,2025-02-16 18:50:02,PLACED,NORTH
2288,,2023-10-15 02:55:03,DELIVERED,NORTH
2289,131,2024-06-03 18:21:45,DELIVERED,CENTRAL
2290,484,2023-01-21 09:09:23,DELIVERED,WEST
2291,426,2024-03-16 15:12:28,CANCELLED,NORTH
2292,355,2025-11-22 12:44:22,CANCELLED,SOUTH
2293,127,2023-04-29 10:52:42,DELIVERED,CENTRAL
2294,232,2025-06-12 06:36:19,DELIVERED,SOUTH
2295,,2025-01-11 12:46:54,DELIVERED,SOUTH
2296,162,2024-09-24 16:27:45,DELIVERED,SOUTH
2297,282,2025-02-24 19:33:05,DELIVERED,EAST
2298,302,2023-04-30 05:14:49,DELIVERED,SOUTH
2299,,2024-09-24 15:18:11,DELIVERED,EAST
2300,439,2024-06-08 06:36:24,RETURNED,WEST
2301,132,2023-03-14 00:21:59,DELIVERED,WEST
2302,57,2023-01-28 21:55:35,CANCELLED,CENTRAL
2303,91,2024-07-15 07:03:51,DELIVERED,NORTH
2304,218,2025-11-29 23:13:28,RETURNED,NORTH
2305,54,2023-12-06 14:09:02,DELIVERED,WEST
2306,497,2023-10-12 21:47:34,DELIVERED,WEST
2307,538,2025-09-27 15:41:14,DELIVERED,EAST
2308,568,2023-03-04 16:03:10,DELIVERED,NORTH
2309,244,2024-11-26 01:23:59,CANCELLED,WEST
2310,418,2025-05-04 20:13:53,SHIPPED,NORTH
2311,55,2025-09-29 04:23:51,DELIVERED,NORTH
2312,,2024-12-02 10:24:12,DELIVERED,NORTH
2313,297,2025-05-26 20:39:37,DELIVERED,EAST
2314,262,2023-01-25 12:04:14,CANCELLED,CENTRAL
2315,431,2024-09-17 19:31:31,DELIVERED,CENTRAL
2316,566,2024-08-06 21:22:28,DELIVERED,CENTRAL
2317,468,2025-11-15 23:41:58,CANCELLED,NORTH
2318,594,2024-04-04 02:48:36,DELIVERED,WEST
2319,106,2025-06-02 12:57:16,PLACED,EAST
2320,200,2025-02-16 09:41:42,CANCELLED,SOUTH
2321,229,2023-06-18 07:45:44,DELIVERED,EAST
2322,57,2024-10-29 18:53:11,DELIVERED,WEST
2323,408,2023-02-05 16:02:08,DELIVERED,NORTH
2324,,2024-10-10 21:07:15,SHIPPED,WEST
2325,234,2023-12-02 09:35:27,DELIVERED,CENTRAL
2326,371,2024-05-21 01:53:14,CANCELLED,SOUTH
2327,18,2025-03-19 02:46:46,CANCELLED,EAST
2328,121,2024-06-19 10:42:33,RETURNED,SOUTH
2329,563,2025-05-29 15:59:42,DELIVERED,SOUTH
2330,273,2024-07-11 06:07:57,DELIVERED,NORTH
2331,75,2024-08-17 02:10:07,PLACED,SOUTH
2332,150,2025-01-18 15:37:05,CANCELLED,SOUTH
2333,124,2024-05-02 07:23:07,CANCELLED,EAST
2334,319,2024-02-19 20:14:09,DELIVERED,CENTRAL
2335,169,2023-03-05 00:15:49,DELIVERED,WEST
2336,445,02-01-2023,DELIVERED,CENTRAL
2337,397,27-08-2024,SHIPPED,CENTRAL
2338,343,2023-05-07 03:52:52,PLACED,NORTH
2339,286,2023-04-13 20:57:04,DELIVERED,NORTH
2340,56,31-07-2025,DELIVERED,WEST
2341,597,2023-10-03 06:05:32,DELIVERED,WEST
2342,226,2025-08-31 23:25:19,DELIVERED,EAST
2343,401,2025-02-08 08:57:32,PLACED,SOUTH
2344,422,2024-11-28 12:52:06,DELIVERED,SOUTH
2345,504,19-06-2024,RETURNED,WEST
2346,69,2023-03-16 02:12:09,PLACED,EAST
2347,200,2025-03-24 23:26:38,SHIPPED,SOUTH
2348,322,2023-12-27 13:48:13,DELIVERED,EAST
2349,411,2023-09-24 00:36:23,DELIVERED,NORTH
2350,169,2023-05-03 22:57:24,PLACED,NORTH
2351,433,11-09-2023,CANCELLED,SOUTH
2352,560,2025-11-06 05:43:23,RETURNED,CENTRAL
2353,77,2024-08-07 01:35:30,DELIVERED,CENTRAL
2354,173,2024-02-16 00:57:12,DELIVERED,CENTRAL
2355,45,2023-08-07 19:18:38,DELIVERED,NORTH
2356,210,2024-03-18 08:38:43,CANCELLED,EAST
2357,146,2024-09-10 19:55:17,DELIVERED,WEST
2358,192,2025-02-15 04:36:42,PLACED,NORTH
2359,550,2023-09-08 20:17:47,SHIPPED,SOUTH
2360,430,2023-10-28 09:55:48,DELIVERED,SOUTH
2361,449,2024-06-12 09:14:49,DELIVERED,SOUTH
2362,118,2023-12-26 19:44:50,SHIPPED,CENTRAL
2363,347,2025-11-24 17:20:41,DELIVERED,SOUTH
2364,,2024-11-29 11:54:57,DELIVERED,CENTRAL
2365,122,2025-09-16 00:02:17,DELIVERED,WEST
2366,242,2023-04-05 21:33:39,DELIVERED,WEST
2367,,2023-08-16 15:33:45,DELIVERED,NORTH
2368,185,2023-08-12 02:53:42,DELIVERED,SOUTH
2369,403,2024-05-24 08:38:51,PLACED,EAST
2370,108,2024-06-04 11:36:26,DELIVERED,EAST
2371,179,2023-08-22 13:06:02,RETURNED,NORTH
2372,468,2023-08-04 12:45:16,RETURNED,CENTRAL
2373,275,2025-05-16 02:05:28,DELIVERED,SOUTH
2374,17,2025-08-03 23:43:17,SHIPPED,SOUTH
2375,236,2023-02-28 16:50:37,DELIVERED,CENTRAL
2376,299,2025-07-18 07:21:56,DELIVERED,SOUTH
2377,525,2025-07-29 18:18:58,DELIVERED,CENTRAL
2378,559,2025-10-02 12:00:10,DELIVERED,CENTRAL
2379,366,2023-02-25 14:42:04,SHIPPED,SOUTH
2380,201,2025-04-25 00:37:50,DELIVERED,CENTRAL
2381,463,2025-10-17 04:32:50,DELIVERED,EAST
2382,473,2023-05-02 03:44:49,DELIVERED,WEST
2383,589,2025-02-04 00:39:22,DELIVERED,WEST
2384,529,2023-08-28 02:22:44,SHIPPED,CENTRAL
2385,537,2023-03-01 07:27:02,DELIVERED,NORTH
2386,378,2023-10-17 07:25:31,DELIVERED,NORTH
2387,400,2023-02-16 10:40:08,DELIVERED,WEST
2388,32,2024-05-30 13:16:07,SHIPPED,NORTH
2389,384,2025-04-21 14:39:11,DELIVERED,EAST
2390,201,2025-03-24 08:39:32,DELIVERED,SOUTH
2391,137,2025-08-07 18:10:30,DELIVERED,CENTRAL
2392,228,2024-02-23 06:27:34,DELIVERED,SOUTH
2393,169,2025-06-08 11:52:08,PLACED,EAST
2394,346,2025-11-23 03:58:41,SHIPPED,WEST
2395,176,2024-06-17 09:02:27,RETURNED,WEST
2396,543,2023-12-11 07:47:24,DELIVERED,CENTRAL
2397,517,2024-07-28 20:32:03,DELIVERED,NORTH
2398,,2024-08-30 17:42:47,DELIVERED,WEST
2399,17,2024-08-23 01:31:41,DELIVERED,CENTRAL
2400,268,2025-01-27 17:19:23,PLACED,SOUTH
2401,525,2024-04-21 07:35:50,PLACED,CENTRAL
2402,169,2023-06-25 20:17:09,SHIPPED,NORTH
2403,39,2025-12-30 16:36:09,CANCELLED,NORTH
2404,301,2023-11-23 12:17:49,SHIPPED,WEST
2405,178,2024-05-24 04:00:27,DELIVERED,EAST
2406,538,2023-11-30 03:55:53,SHIPPED,NORTH
2407,17,2024-10-24 03:45:17,DELIVERED,CENTRAL
2408,112,2023-08-21 12:43:01,RETURNED,EAST
2409,468,16-05-2023,DELIVERED,WEST
2410,575,2023-07-09 13:00:01,DELIVERED,NORTH
2411,,2023-07-24 11:41:09,SHIPPED,EAST
2412,357,2025-03-09 20:50:41,SHIPPED,WEST
2413,439,2023-08-01 14:07:44,PLACED,WEST
2414,426,2024-05-19 00:33:55,DELIVERED,WEST
2415,505,2024-03-10 05:56:06,DELIVERED,EAST
2416,433,2025-11-05 17:51:46,DELIVERED,EAST
2417,295,2024-05-07 22:49:06,DELIVERED,SOUTH
2418,85,2024-04-18 02:08:16,RETURNED,WEST
2419,41,2023-02-09 10:49:19,SHIPPED,NORTH
2420,238,2024-04-21 15:52:18,RETURNED,NORTH
2421,119,2023-07-23 16:48:08,CANCELLED,EAST
2422,493,2023-04-18 13:33:01,DELIVERED,NORTH
2423,187,2025-09-10 23:31:44,DELIVERED,NORTH
2424,393,2024-03-17 17:49:11,DELIVERED,WEST
2425,228,2025-02-01 03:59:24,DELIVERED,WEST
2426,300,2025-09-17 01:04:47,SHIPPED,WEST
2427,172,2023-01-10 21:19:07,DELIVERED,EAST
2428,178,2023-04-19 02:37:23,CANCELLED,CENTRAL
2429,65,2023-06-14 10:47:29,SHIPPED,SOUTH
2430,313,2023-08-11 11:21:10,PLACED,CENTRAL
2431,533,2024-08-08 21:24:25,DELIVERED,SOUTH
2432,475,2025-01-30 11:17:38,PLACED,EAST
2433,90,2023-09-14 09:51:02,SHIPPED,WEST
2434,329,2023-10-08 15:41:12,DELIVERED,EAST
2435,139,2024-07-18 04:36:27,SHIPPED,WEST
2436,93,2025-06-06 08:34:51,CANCELLED,CENTRAL
2437,568,2025-11-06 11:21:57,DELIVERED,SOUTH
2438,451,01-09-2024,DELIVERED,NORTH
2439,204,30-09-2023,DELIVERED,WEST
2440,191,2023-12-04 12:24:35,DELIVERED,NORTH
2441,220,2023-09-26 00:54:05,CANCELLED,WEST
2442,600,2023-06-06 14:28:15,DELIVERED,NORTH
2443,171,2024-01-03 00:51:39,DELIVERED,EAST
2444,554,2025-12-27 05:59:20,DELIVERED,SOUTH
2445,475,2024-04-23 13:21:43,SHIPPED,WEST
2446,585,2024-09-02 15:09:06,DELIVERED,EAST
2447,511,2024-01-30 09:56:17,DELIVERED,CENTRAL
2448,597,2023-06-30 22:38:54,PLACED,WEST
2449,57,2025-06-06 02:02:02,SHIPPED,EAST
2450,510,2025-07-14 16:36:18,SHIPPED,NORTH
2451,532,2024-05-22 18:50:57,SHIPPED,SOUTH
2452,101,2023-02-13 14:50:15,DELIVERED,SOUTH
2453,56,2024-09-08 22:08:32,SHIPPED,CENTRAL
2454,568,2023-02-28 11:57:31,DELIVERED,WEST
2455,519,2025-12-01 16:28:33,DELIVERED,CENTRAL
2456,382,2025-11-27 22:21:16,DELIVERED,CENTRAL
2457,63,2024-01-03 20:23:21,SHIPPED,NORTH
2458,398,2024-03-08 01:26:41,CANCELLED,NORTH
2459,356,2025-06-10 10:45:54,RETURNED,SOUTH
2460,24,2025-06-05 06:22:57,DELIVERED,SOUTH
2461,357,2023-09-18 04:06:34,PLACED,NORTH
2462,524,2023-11-05 21:16:25,PLACED,SOUTH
2463,482,2023-11-01 23:48:37,SHIPPED,NORTH
2464,118,2025-07-10 22:43:23,DELIVERED,SOUTH
2465,213,2025-09-10 18:47:17,SHIPPED,SOUTH
2466,420,2025-12-02 21:14:09,DELIVERED,WEST
2467,92,05-08-2023,SHIPPED,NORTH
2468,43,2024-09-17 13:36:21,DELIVERED,NORTH
2469,542,2023-02-19 13:57:55,RETURNED,WEST
2470,220,2023-11-04 12:09:37,DELIVERED,NORTH
2471,550,2023-10-26 22:51:13,DELIVERED,NORTH
2472,309,2024-12-08 08:25:36,SHIPPED,CENTRAL
2473,24,2024-03-14 03:23:57,DELIVERED,CENTRAL
2474,9,2025-08-29 10:40:40,DELIVERED,CENTRAL
2475,132,2023-07-29 03:31:43,CANCELLED,NORTH
2476,359,2025-07-07 17:02:07,CANCELLED,WEST
2477,2,2023-04-13 13:18:48,DELIVERED,SOUTH
2478,598,2025-06-02 17:00:50,CANCELLED,WEST
2479,146,2023-05-31 22:41:16,SHIPPED,EAST
2480,397,2024-07-11 17:05:21,DELIVERED,EAST
2481,,2023-07-22 11:11:20,CANCELLED,NORTH
2482,56,31-08-2023,SHIPPED,WEST
2483,507,2025-08-12 04:56:34,PLACED,EAST
2484,88,2025-07-19 14:49:45,DELIVERED,WEST
2485,130,06-07-2025,DELIVERED,EAST
2486,163,2023-06-16 06:43:42,SHIPPED,NORTH
2487,18,19-03-2024,DELIVERED,CENTRAL
2488,463,2024-09-21 23:37:37,DELIVERED,EAST
2489,357,2024-04-23 20:44:26,DELIVERED,EAST
2490,109,2023-09-25 22:36:49,CANCELLED,SOUTH
2491,,2024-01-26 01:40:11,DELIVERED,NORTH
2492,40,2023-07-04 02:21:27,PLACED,SOUTH
2493,409,2024-10-02 21:49:34,DELIVERED,EAST
2494,44,2023-05-20 18:43:23,PLACED,CENTRAL
2495,459,2023-06-01 08:23:28,SHIPPED,NORTH
2496,351,2023-02-17 08:27:11,DELIVERED,NORTH
2497,105,2023-10-31 16:14:13,PLACED,SOUTH
2498,295,2023-12-23 00:47:07,RETURNED,EAST
2499,411,2024-03-04 01:09:58,SHIPPED,SOUTH
2500,187,02-11-2023,DELIVERED,EAST
2501,440,2025-03-31 09:49:38,DELIVERED,CENTRAL
2502,342,2023-02-16 02:42:05,RETURNED,SOUTH
2503,451,2023-11-08 06:10:17,CANCELLED,EAST
2504,362,2024-09-03 11:22:08,PLACED,CENTRAL
2505,487,2024-01-09 16:16:23,PLACED,NORTH
2506,319,2024-02-18 05:21:43,DELIVERED,EAST
2507,52,2023-02-08 17:35:01,DELIVERED,WEST
2508,39,2025-11-01 10:16:58,DELIVERED,NORTH
2509,566,2024-02-13 01:56:57,CANCELLED,NORTH
2510,277,2025-05-24 11:12:28,PLACED,CENTRAL
2511,325,2024-01-23 06:13:27,PLACED,SOUTH
2512,,2025-08-06 11:16:01,DELIVERED,CENTRAL
2513,405,2025-07-17 20:34:13,DELIVERED,CENTRAL
2514,204,2025-02-04 13:49:34,DELIVERED,WEST
2515,570,2025-11-30 08:27:23,SHIPPED,EAST
2516,497,2024-08-16 10:08:31,RETURNED,EAST
2517,239,2025-01-23 10:54:29,DELIVERED,SOUTH
2518,528,2024-11-09 16:34:40,DELIVERED,CENTRAL
2519,457,2025-06-24 10:44:33,PLACED,NORTH
2520,143,2024-02-15 06:52:23,SHIPPED,NORTH
2521,554,2023-03-21 04:42:06,SHIPPED,SOUTH
2522,29,30-09-2024,PLACED,EAST
2523,241,2025-04-27 18:56:51,DELIVERED,EAST
2524,599,2025-08-13 16:40:18,RETURNED,WEST
2525,23,2023-06-23 22:02:54,DELIVERED,CENTRAL
2526,521,2025-07-01 21:04:58,CANCELLED,NORTH
2527,267,2023-04-20 16:30:31,DELIVERED,EAST
2528,365,2023-09-07 15:56:19,DELIVERED,CENTRAL
2529,520,2023-12-29 04:00:28,DELIVERED,EAST
2530,27,2023-01-18 22:01:10,DELIVERED,EAST
2531,96,2024-10-12 13:31:57,CANCELLED,SOUTH
2532,413,2024-08-13 16:44:38,DELIVERED,NORTH
2533,512,2025-11-03 16:14:21,DELIVERED,CENTRAL
2534,517,2023-09-14 20:40:25,DELIVERED,SOUTH
2535,489,2024-09-01 02:42:59,DELIVERED,NORTH
2536,265,2025-07-03 17:36:32,DELIVERED,NORTH
2537,507,2024-10-19 22:04:27,DELIVERED,CENTRAL
2538,567,2023-10-03 00:07:48,SHIPPED,CENTRAL
2539,472,2024-08-09 06:00:04,DELIVERED,CENTRAL
2540,300,2025-10-20 03:32:57,CANCELLED,NORTH
2541,386,2024-10-16 23:35:57,DELIVERED,WEST
2542,273,2024-02-16 09:37:44,DELIVERED,WEST
2543,,24-08-2023,DELIVERED,CENTRAL
2544,365,2024-08-22 12:42:27,DELIVERED,CENTRAL
2545,129,2025-09-06 03:53:22,DELIVERED,NORTH
2546,273,2025-06-10 11:26:13,DELIVERED,CENTRAL
2547,447,2025-12-18 06:24:17,RETURNED,SOUTH
2548,540,2024-09-05 21:41:45,DELIVERED,WEST
2549,65,2023-04-16 20:48:39,DELIVERED,NORTH
2550,255,2023-11-30 03:20:32,DELIVERED,EAST
2551,210,2025-07-20 14:03:57,SHIPPED,WEST
2552,1,2023-11-28 10:01:59,SHIPPED,EAST
2553,570,22-01-2024,PLACED,CENTRAL
2554,170,2024-05-31 10:39:39,RETURNED,EAST
2555,269,2024-03-08 12:07:31,DELIVERED,NORTH
2556,,2024-10-28 07:12:42,DELIVERED,SOUTH
2557,412,01-03-2024,DELIVERED,NORTH
2558,67,2025-01-22 05:45:37,SHIPPED,CENTRAL
2559,560,2024-02-06 20:43:53,DELIVERED,NORTH
2560,565,2023-01-05 10:18:49,PLACED,SOUTH
2561,108,2023-05-04 16:25:42,CANCELLED,SOUTH
2562,386,2025-08-25 02:15:13,DELIVERED,EAST
2563,255,2025-08-15 15:35:56,DELIVERED,CENTRAL
2564,519,2025-08-18 21:01:57,DELIVERED,WEST
2565,349,2025-12-05 20:11:31,DELIVERED,CENTRAL
2566,,2024-05-02 02:12:09,DELIVERED,NORTH
2567,490,2025-07-19 16:22:12,SHIPPED,EAST
2568,,2024-08-15 14:58:28,PLACED,NORTH
2569,233,2023-05-03 02:39:22,DELIVERED,CENTRAL
2570,322,2025-05-12 12:49:28,DELIVERED,SOUTH
2571,267,2025-10-03 00:58:03,DELIVERED,EAST
2572,,2023-03-28 16:47:54,DELIVERED,NORTH
2573,306,2025-10-08 19:14:37,RETURNED,CENTRAL
2574,386,2024-01-24 16:47:38,DELIVERED,WEST
2575,571,2024-03-01 14:24:18,DELIVERED,CENTRAL
2576,447,2025-02-11 20:16:22,SHIPPED,EAST
2577,502,2024-04-27 17:18:16,DELIVERED,WEST
2578,316,2023-02-15 08:03:57,RETURNED,EAST
2579,30,2023-10-26 16:59:53,SHIPPED,WEST
2580,391,2024-07-28 01:03:52,CANCELLED,SOUTH
2581,297,2023-10-14 08:08:50,SHIPPED,NORTH
2582,235,2025-09-09 17:55:57,PLACED,NORTH
2583,122,2025-11-14 23:47:56,SHIPPED,SOUTH
2584,439,2023-10-09 05:48:27,DELIVERED,WEST
2585,324,2025-01-06 06:04:41,PLACED,CENTRAL
2586,103,2023-02-13 02:33:14,DELIVERED,NORTH
2587,530,2025-02-20 22:38:21,RETURNED,WEST
2588,16,2023-01-10 12:08:36,DELIVERED,NORTH
2589,507,2025-03-12 23:57:16,SHIPPED,CENTRAL
2590,367,2023-05-03 22:15:36,RETURNED,WEST
2591,139,2023-01-22 03:47:21,DELIVERED,WEST
2592,151,2023-09-12 22:27:43,RETURNED,NORTH
2593,491,2023-03-25 01:33:05,SHIPPED,EAST
2594,546,2024-06-21 01:20:49,DELIVERED,NORTH
2595,378,2024-06-28 06:09:32,RETURNED,EAST
2596,571,2023-09-29 14:04:34,DELIVERED,SOUTH
2597,275,2024-01-29 08:38:37,PLACED,NORTH
2598,293,2024-10-28 19:07:29,DELIVERED,WEST
2599,79,2023-08-15 05:55:37,SHIPPED,NORTH
2600,459,2023-10-28 16:01:59,DELIVERED,EAST
2601,504,2025-08-13 00:32:00,DELIVERED,CENTRAL
2602,408,2023-05-12 20:03:47,SHIPPED,SOUTH
2603,171,2024-03-31 21:20:53,SHIPPED,WEST
2604,389,2023-10-25 16:24:55,CANCELLED,SOUTH
2605,,2025-01-07 11:19:19,PLACED,CENTRAL
2606,253,2023-04-15 12:03:54,DELIVERED,NORTH
2607,236,2025-09-13 23:15:12,DELIVERED,EAST
2608,235,2025-02-20 10:44:22,CANCELLED,EAST
2609,107,19-04-2024,PLACED,CENTRAL
2610,527,2024-09-07 16:35:23,CANCELLED,NORTH
2611,261,2024-06-20 11:13:20,DELIVERED,EAST
2612,548,26-10-2024,DELIVERED,EAST
2613,566,2025-01-08 01:26:17,PLACED,NORTH
2614,329,2025-12-02 00:53:48,DELIVERED,SOUTH
2615,515,2023-07-11 14:10:54,DELIVERED,CENTRAL
2616,582,2025-04-17 02:24:20,DELIVERED,CENTRAL
2617,63,2025-06-29 19:48:42,RETURNED,EAST
2618,491,2024-05-03 13:29:14,DELIVERED,NORTH
2619,239,2024-11-29 03:22:24,CANCELLED,NORTH
2620,259,2025-07-18 07:09:35,DELIVERED,SOUTH
2621,461,2023-11-13 11:47:40,DELIVERED,SOUTH
2622,116,2024-01-06 03:14:37,DELIVERED,CENTRAL
2623,581,2024-08-31 18:59:07,RETURNED,SOUTH
2624,592,2025-03-14 06:10:50,RETURNED,CENTRAL
2625,,2023-09-18 15:24:46,PLACED,NORTH
2626,,2023-12-24 07:44:47,DELIVERED,NORTH
2627,47,2024-08-22 12:52:45,DELIVERED,NORTH
2628,493,2025-09-07 19:31:06,SHIPPED,WEST
2629,382,2025-04-30 21:15:56,DELIVERED,WEST
2630,567,24-03-2024,RETURNED,EAST
2631,523,2025-10-06 13:07:12,DELIVERED,NORTH
2632,564,2024-03-05 07:34:52,SHIPPED,SOUTH
2633,324,2024-04-25 12:39:32,PLACED,NORTH
2634,469,2023-11-05 10:41:40,RETURNED,WEST
2635,338,2023-01-06 10:47:57,DELIVERED,CENTRAL
2636,48,2023-04-26 18:47:13,DELIVERED,WEST
2637,76,2025-11-04 09:19:21,RETURNED,NORTH
2638,89,2024-09-02 11:37:52,DELIVERED,NORTH
2639,,2023-12-16 04:58:54,DELIVERED,WEST
2640,276,2023-06-06 05:34:49,DELIVERED,CENTRAL
2641,576,2025-03-23 03:07:34,DELIVERED,SOUTH
2642,387,2025-05-01 15:40:24,DELIVERED,CENTRAL
2643,471,2025-05-27 01:52:39,DELIVERED,NORTH
2644,580,2025-04-18 18:15:31,DELIVERED,NORTH
2645,75,2025-11-25 15:34:56,PLACED,EAST
2646,80,2025-07-07 15:34:11,DELIVERED,CENTRAL
2647,130,08-08-2024,RETURNED,NORTH
2648,368,2023-07-26 03:27:13,CANCELLED,WEST
2649,192,2025-09-07 07:36:44,PLACED,WEST
2650,,2023-05-03 04:37:52,DELIVERED,CENTRAL
2651,370,2023-08-05 05:45:35,DELIVERED,EAST
2652,93,2023-07-02 23:06:09,DELIVERED,SOUTH
2653,99,2024-08-21 05:26:26,DELIVERED,CENTRAL
2654,413,2025-09-28 22:38:09,DELIVERED,SOUTH
2655,489,2023-10-03 00:00:48,DELIVERED,EAST
2656,271,2023-04-26 15:37:39,DELIVERED,EAST
2657,301,2023-07-24 21:13:43,DELIVERED,EAST
2658,130,2023-03-12 11:34:10,CANCELLED,NORTH
2659,509,2023-08-08 20:50:32,DELIVERED,NORTH
2660,,2023-01-29 01:23:35,SHIPPED,WEST
2661,55,2025-12-29 19:44:52,SHIPPED,WEST
2662,182,2023-07-31 06:54:39,SHIPPED,CENTRAL
2663,287,2025-05-19 21:56:26,PLACED,NORTH
2664,530,2025-01-24 03:48:46,SHIPPED,SOUTH
2665,140,2024-02-11 17:15:58,PLACED,WEST
2666,383,2025-04-22 08:21:22,DELIVERED,NORTH
2667,61,2023-04-02 12:36:06,SHIPPED,NORTH
2668,475,2024-07-31 13:45:52,RETURNED,NORTH
2669,83,2025-10-17 12:23:46,DELIVERED,NORTH
2670,452,2023-12-20 06:33:44,CANCELLED,NORTH
2671,,2023-07-31 12:34:20,CANCELLED,NORTH
2672,,2025-07-11 04:49:04,DELIVERED,WEST
2673,517,2025-12-24 10:32:15,DELIVERED,CENTRAL
2674,233,2025-05-22 16:28:00,DELIVERED,SOUTH
2675,587,2025-03-21 17:57:11,CANCELLED,SOUTH
2676,286,2024-10-02 05:08:03,DELIVERED,WEST
2677,528,2024-10-04 05:23:59,RETURNED,SOUTH
2678,85,2023-11-11 01:59:15,RETURNED,SOUTH
2679,158,20-04-2023,DELIVERED,EAST
2680,188,2025-10-28 11:15:38,DELIVERED,NORTH
2681,369,2024-04-06 00:23:04,DELIVERED,WEST
2682,431,2024-01-11 20:47:42,PLACED,CENTRAL
2683,440,2024-02-29 02:29:39,SHIPPED,WEST
2684,258,2025-05-01 05:11:39,RETURNED,EAST
2685,182,2025-02-20 23:21:36,CANCELLED,EAST
2686,306,2024-08-17 09:17:48,RETURNED,WEST
2687,457,19-04-2025,RETURNED,WEST
2688,344,30-12-2025,PLACED,EAST
2689,10,2024-09-08 19:41:22,PLACED,CENTRAL
2690,44,2024-06-01 18:34:00,DELIVERED,WEST
2691,105,2024-04-25 18:00:03,PLACED,SOUTH
2692,520,2023-05-10 10:56:28,PLACED,WEST
2693,303,02-12-2025,DELIVERED,WEST
2694,25,2023-03-25 20:38:50,DELIVERED,WEST
2695,275,2024-07-30 05:58:56,DELIVERED,NORTH
2696,187,2023-01-02 00:14:05,RETURNED,WEST
2697,11,2025-05-29 01:55:11,CANCELLED,SOUTH
2698,114,2025-12-22 20:19:19,SHIPPED,EAST
2699,266,2023-10-12 10:11:36,DELIVERED,WEST
2700,45,2025-08-17 11:06:34,PLACED,WEST
2701,475,2024-11-19 02:05:01,DELIVERED,CENTRAL
2702,375,2024-07-03 17:03:53,RETURNED,NORTH
2703,10,2025-11-01 06:12:06,DELIVERED,WEST
2704,13,2025-11-18 12:27:47,DELIVERED,SOUTH
2705,130,2025-06-18 09:52:20,CANCELLED,NORTH
2706,292,27-10-2024,PLACED,NORTH
2707,227,2024-04-10 20:46:48,CANCELLED,EAST
2708,368,2025-08-15 20:29:38,DELIVERED,EAST
2709,349,2024-01-14 11:13:16,PLACED,SOUTH
2710,499,25-08-2024,RETURNED,CENTRAL
2711,439,2023-01-21 06:28:22,PLACED,CENTRAL
2712,270,2025-04-29 07:46:12,DELIVERED,NORTH
2713,129,2024-01-11 08:50:22,DELIVERED,SOUTH
2714,384,2025-06-04 21:25:48,PLACED,SOUTH
2715,161,2024-09-01 22:19:34,DELIVERED,EAST
2716,12,2023-12-05 14:22:09,DELIVERED,NORTH
2717,401,2024-08-12 12:08:58,DELIVERED,SOUTH
2718,63,2024-12-14 14:52:19,DELIVERED,SOUTH
2719,227,2025-06-08 15:08:19,DELIVERED,EAST
2720,33,28-05-2023,PLACED,CENTRAL
2721,,2024-10-17 04:09:36,PLACED,SOUTH
2722,260,2025-04-20 10:27:31,PLACED,SOUTH
2723,226,2023-07-01 04:57:44,DELIVERED,SOUTH
2724,468,2023-01-11 02:09:34,DELIVERED,EAST
2725,462,2025-05-23 22:14:04,CANCELLED,EAST
2726,434,2023-10-17 01:07:10,SHIPPED,EAST
2727,430,2023-03-14 02:53:40,DELIVERED,SOUTH
2728,534,2025-12-14 10:12:19,PLACED,SOUTH
2729,130,2024-12-18 14:30:39,RETURNED,NORTH
2730,166,2023-06-27 22:09:12,DELIVERED,SOUTH
2731,173,05-05-2025,DELIVERED,NORTH
2732,362,2025-08-02 11:40:29,DELIVERED,CENTRAL
2733,5,2025-03-22 07:02:21,DELIVERED,EAST
2734,448,2024-11-04 18:48:26,DELIVERED,SOUTH
2735,321,2024-05-31 05:37:44,DELIVERED,CENTRAL
2736,97,2025-12-08 07:01:59,DELIVERED,WEST
2737,348,2023-03-11 01:28:46,DELIVERED,SOUTH
2738,561,2025-12-22 10:11:15,DELIVERED,WEST
2739,177,2023-08-29 02:54:24,DELIVERED,CENTRAL
2740,527,2024-04-28 02:36:44,SHIPPED,SOUTH
2741,565,2025-01-10 15:21:03,DELIVERED,SOUTH
2742,235,2025-04-13 15:55:58,DELIVERED,SOUTH
2743,286,30-08-2023,RETURNED,WEST
2744,538,2025-10-14 05:58:09,PLACED,NORTH
2745,11,2024-07-13 02:06:07,DELIVERED,SOUTH
2746,52,2023-01-21 06:22:53,RETURNED,EAST
2747,134,2025-12-17 00:13:58,DELIVERED,WEST
2748,382,2023-07-17 14:03:56,PLACED,SOUTH
2749,49,2023-07-22 22:42:56,DELIVERED,WEST
2750,59,03-11-2023,DELIVERED,EAST
2751,468,2025-07-13 02:23:25,DELIVERED,WEST
2752,136,2025-06-27 02:03:30,DELIVERED,NORTH
2753,426,2025-10-09 11:25:18,DELIVERED,NORTH
2754,,2024-08-10 09:20:21,DELIVERED,SOUTH
2755,30,2025-04-04 16:51:43,SHIPPED,EAST
2756,397,2025-04-20 17:51:18,SHIPPED,WEST
2757,122,2025-05-31 13:31:36,DELIVERED,WEST
2758,378,17-02-2025,CANCELLED,WEST
2759,42,2024-09-02 21:39:17,SHIPPED,WEST
2760,525,2024-09-04 01:25:48,DELIVERED,WEST
2761,261,2023-04-04 21:32:11,DELIVERED,EAST
2762,202,2024-11-16 00:44:58,DELIVERED,EAST
2763,353,2023-10-20 22:11:40,DELIVERED,NORTH
2764,133,2025-07-28 02:04:47,DELIVERED,SOUTH
2765,303,2024-11-04 22:43:22,DELIVERED,SOUTH
2766,352,2024-09-30 08:47:30,DELIVERED,CENTRAL
2767,528,2024-02-19 01:53:33,DELIVERED,CENTRAL
2768,101,2023-03-03 00:52:00,RETURNED,CENTRAL
2769,87,2023-08-18 03:54:12,DELIVERED,CENTRAL
2770,347,2024-08-13 17:21:13,CANCELLED,SOUTH
2771,192,2024-03-13 15:47:06,DELIVERED,EAST
2772,267,2024-07-20 11:54:06,RETURNED,SOUTH
2773,81,2023-02-23 22:59:43,CANCELLED,EAST
2774,,2025-04-01 18:37:26,DELIVERED,EAST
2775,578,2024-12-26 07:27:38,DELIVERED,EAST
2776,275,2024-12-05 12:52:35,RETURNED,EAST
2777,578,2024-07-14 00:08:18,RETURNED,WEST
2778,515,2024-02-25 18:11:17,RETURNED,WEST
2779,130,2023-04-09 18:30:50,SHIPPED,NORTH
2780,9,2024-03-19 14:06:07,DELIVERED,CENTRAL
2781,90,2025-08-18 12:50:27,SHIPPED,EAST
2782,381,2024-09-11 23:33:43,DELIVERED,CENTRAL
2783,246,2024-04-14 06:37:17,DELIVERED,NORTH
2784,122,2024-03-05 00:52:53,SHIPPED,EAST
2785,272,2023-07-10 08:36:54,DELIVERED,CENTRAL
2786,426,2024-01-20 23:06:53,DELIVERED,NORTH
2787,58,2024-05-07 00:43:56,DELIVERED,WEST
2788,107,2023-12-08 18:35:38,PLACED,NORTH
2789,544,2025-09-29 22:19:51,RETURNED,EAST
2790,563,2023-08-09 17:27:08,PLACED,WEST
2791,372,2025-05-15 05:46:16,DELIVERED,EAST
2792,472,2023-10-01 17:53:25,DELIVERED,EAST
2793,50,2025-11-22 18:32:20,DELIVERED,NORTH
2794,26,2025-09-25 13:54:37,DELIVERED,CENTRAL
2795,228,2024-06-14 09:41:55,DELIVERED,WEST
2796,332,2023-07-25 03:26:14,SHIPPED,WEST
2797,64,28-12-2024,RETURNED,NORTH
2798,450,2025-09-04 13:59:46,PLACED,CENTRAL
2799,47,2024-07-24 20:55:56,PLACED,NORTH
2800,132,2023-08-25 02:20:21,DELIVERED,NORTH
2801,200,2024-05-11 18:35:00,DELIVERED,NORTH
2802,127,2025-07-27 14:46:47,DELIVERED,SOUTH
2803,507,2025-04-01 21:46:40,RETURNED,SOUTH
2804,355,2023-11-05 07:06:21,DELIVERED,EAST
2805,28,2025-03-15 20:04:25,DELIVERED,CENTRAL
2806,253,2025-06-13 04:25:33,SHIPPED,EAST
2807,219,2024-08-03 06:10:00,SHIPPED,SOUTH
2808,454,2023-08-23 05:20:50,DELIVERED,SOUTH
2809,179,2023-10-23 07:35:41,DELIVERED,NORTH
2810,228,2025-01-05 20:07:23,SHIPPED,EAST
2811,359,2023-12-19 01:38:46,DELIVERED,NORTH
2812,471,2023-05-23 08:30:48,DELIVERED,NORTH
2813,124,2024-08-27 10:19:30,CANCELLED,CENTRAL
2814,504,2023-11-07 12:56:06,SHIPPED,NORTH
2815,567,2023-06-04 23:56:39,CANCELLED,SOUTH
2816,188,2025-05-17 06:01:52,RETURNED,NORTH
2817,446,2025-02-04 20:11:26,DELIVERED,EAST
2818,333,2024-02-06 05:01:40,DELIVERED,WEST
2819,222,2023-07-23 12:56:01,SHIPPED,SOUTH
2820,109,2023-09-08 16:53:57,DELIVERED,CENTRAL
2821,580,2023-08-28 04:22:04,DELIVERED,SOUTH
2822,189,2025-10-30 01:08:52,DELIVERED,SOUTH
2823,346,2024-07-03 12:20:39,DELIVERED,SOUTH
2824,491,2023-03-18 14:22:13,PLACED,SOUTH
2825,407,2025-10-03 06:01:49,DELIVERED,WEST
2826,235,03-01-2024,RETURNED,CENTRAL
2827,14,2023-07-09 13:24:32,SHIPPED,NORTH
2828,521,2024-08-21 15:30:54,DELIVERED,EAST
2829,375,2023-12-23 02:38:04,PLACED,WEST
2830,,2024-03-06 01:40:23,DELIVERED,EAST
2831,69,2023-04-23 23:15:10,PLACED,EAST
2832,351,20-02-2024,DELIVERED,EAST
2833,591,2023-01-27 06:20:17,DELIVERED,WEST
2834,509,2023-11-25 14:02:08,CANCELLED,EAST
2835,,2023-04-04 12:20:55,PLACED,SOUTH
2836,16,2023-09-20 02:36:31,DELIVERED,NORTH
2837,92,2025-10-09 21:24:07,DELIVERED,SOUTH
2838,441,2023-11-10 11:06:10,DELIVERED,CENTRAL
2839,38,2025-04-06 09:39:47,RETURNED,CENTRAL
2840,503,2025-01-07 05:07:13,SHIPPED,WEST
2841,449,2025-07-24 02:01:43,DELIVERED,WEST
2842,591,2023-02-13 23:47:07,DELIVERED,CENTRAL
2843,243,2025-01-08 03:02:13,RETURNED,SOUTH
2844,317,2025-11-30 00:19:54,SHIPPED,SOUTH
2845,317,2023-05-23 10:39:23,PLACED,SOUTH
2846,343,2025-03-07 03:10:05,SHIPPED,SOUTH
2847,71,13-08-2023,CANCELLED,EAST
2848,290,2024-06-26 07:35:38,DELIVERED,CENTRAL
2849,2,2024-03-17 07:43:57,DELIVERED,SOUTH
2850,558,2025-05-21 21:22:44,DELIVERED,WEST
2851,317,2024-04-07 12:41:46,DELIVERED,NORTH
2852,35,2023-11-09 17:14:32,CANCELLED,EAST
2853,323,21-02-2023,DELIVERED,SOUTH
2854,279,2023-02-28 11:08:11,DELIVERED,CENTRAL
2855,113,2023-10-17 16:09:37,DELIVERED,CENTRAL
2856,329,2023-08-02 08:53:52,PLACED,SOUTH
2857,184,2024-07-30 06:27:20,DELIVERED,EAST
2858,212,2023-09-08 21:36:13,DELIVERED,WEST
2859,538,2023-05-02 17:35:21,CANCELLED,CENTRAL
2860,358,2025-06-04 08:02:14,DELIVERED,EAST
2861,269,2024-11-06 03:58:37,DELIVERED,EAST
2862,313,2024-04-22 12:23:15,SHIPPED,CENTRAL
2863,249,2025-06-03 12:13:44,DELIVERED,EAST
2864,277,2024-12-01 10:24:45,DELIVERED,WEST
2865,575,2025-03-27 20:09:34,SHIPPED,SOUTH
2866,132,2023-03-16 04:02:02,DELIVERED,CENTRAL
2867,546,2023-12-06 11:15:00,DELIVERED,CENTRAL
2868,9,2024-02-23 19:44:30,DELIVERED,CENTRAL
2869,491,2023-04-06 01:50:53,DELIVERED,NORTH
2870,198,2024-04-13 03:27:44,DELIVERED,EAST
2871,600,2024-10-03 06:14:43,CANCELLED,SOUTH
2872,,15-07-2023,DELIVERED,EAST
2873,66,2024-11-03 09:20:39,DELIVERED,SOUTH
2874,145,2023-12-14 02:40:23,SHIPPED,EAST
2875,342,2023-06-28 08:00:26,CANCELLED,WEST
2876,339,2025-04-01 09:47:18,DELIVERED,CENTRAL
2877,569,2025-11-18 12:33:08,RETURNED,WEST
2878,71,2023-05-03 12:54:28,DELIVERED,EAST
2879,336,2025-05-08 08:34:29,DELIVERED,WEST
2880,564,12-05-2023,PLACED,EAST
2881,418,2023-11-14 23:54:07,RETURNED,SOUTH
2882,318,30-07-2023,DELIVERED,WEST
2883,20,2024-02-16 20:30:24,SHIPPED,EAST
2884,406,2024-12-01 05:38:04,CANCELLED,CENTRAL
2885,322,2023-02-20 18:00:31,DELIVERED,SOUTH
2886,52,2024-03-11 20:46:20,CANCELLED,SOUTH
2887,499,2025-10-12 16:07:26,CANCELLED,WEST
2888,39,2023-04-11 01:25:37,SHIPPED,EAST
2889,376,09-05-2024,SHIPPED,NORTH
2890,401,2025-05-18 12:10:56,SHIPPED,EAST
2891,164,2024-06-07 03:50:53,SHIPPED,SOUTH
2892,240,2025-03-19 06:42:37,SHIPPED,NORTH
2893,111,2023-07-28 20:21:46,SHIPPED,SOUTH
2894,260,2023-01-16 11:21:59,DELIVERED,WEST
2895,439,2023-04-16 04:48:53,DELIVERED,WEST
2896,490,2023-01-17 15:09:17,DELIVERED,CENTRAL
2897,178,2024-05-04 15:05:11,DELIVERED,EAST
2898,178,24-11-2023,DELIVERED,SOUTH
2899,175,2025-05-13 21:58:38,PLACED,SOUTH
2900,135,2024-02-25 18:08:25,SHIPPED,NORTH
2901,596,2024-04-04 19:52:13,PLACED,NORTH
2902,136,2023-09-11 06:43:50,PLACED,EAST
2903,424,02-08-2024,DELIVERED,EAST
2904,105,2025-04-28 21:40:28,DELIVERED,WEST
2905,424,2025-12-09 09:44:38,DELIVERED,NORTH
2906,271,2025-07-22 04:28:21,DELIVERED,NORTH
2907,452,2025-09-20 22:10:21,DELIVERED,SOUTH
2908,66,2024-12-29 19:35:14,SHIPPED,SOUTH
2909,352,19-07-2025,DELIVERED,WEST
2910,520,2025-04-09 04:37:46,RETURNED,SOUTH
2911,588,2025-01-24 03:33:03,DELIVERED,NORTH
2912,49,2023-06-04 22:11:31,DELIVERED,NORTH
2913,567,08-03-2025,CANCELLED,WEST
2914,76,12-08-2025,CANCELLED,WEST
2915,,2025-01-23 00:05:28,DELIVERED,SOUTH
2916,258,2024-07-01 14:57:52,SHIPPED,EAST
2917,113,2024-05-09 12:33:15,SHIPPED,WEST
2918,398,2023-09-30 15:13:19,SHIPPED,EAST
2919,370,2025-05-16 03:12:21,SHIPPED,EAST
2920,329,2023-06-25 12:27:21,DELIVERED,EAST
2921,200,2025-09-30 14:27:06,DELIVERED,NORTH
2922,310,2023-10-31 16:50:36,CANCELLED,WEST
2923,512,2023-01-29 18:32:18,DELIVERED,CENTRAL
2924,171,28-05-2024,CANCELLED,NORTH
2925,358,2025-08-11 13:58:27,DELIVERED,NORTH
2926,509,2024-05-01 13:45:19,DELIVERED,EAST
2927,215,2023-10-10 04:45:03,RETURNED,SOUTH
2928,275,2025-07-17 13:05:19,DELIVERED,SOUTH
2929,164,2025-02-12 15:05:20,DELIVERED,EAST
2930,358,2023-01-28 05:49:18,PLACED,CENTRAL
2931,587,2025-07-28 04:37:05,SHIPPED,SOUTH
2932,421,2024-03-20 00:47:44,PLACED,SOUTH
2933,596,2025-07-07 17:27:06,SHIPPED,WEST
2934,158,2024-01-15 14:32:27,SHIPPED,WEST
2935,185,2025-08-24 21:36:39,DELIVERED,NORTH
2936,527,2023-04-29 01:24:10,DELIVERED,NORTH
2937,110,2025-05-06 07:09:05,DELIVERED,SOUTH
2938,230,04-03-2023,PLACED,SOUTH
2939,97,2025-09-24 21:08:53,DELIVERED,SOUTH
2940,116,2024-08-01 01:23:07,DELIVERED,EAST
2941,412,2024-11-07 10:23:16,CANCELLED,EAST
2942,335,2023-06-11 12:41:59,DELIVERED,EAST
2943,137,2023-04-01 20:34:38,PLACED,NORTH
2944,510,2024-08-26 03:38:52,DELIVERED,WEST
2945,336,2025-01-16 08:09:32,DELIVERED,WEST
2946,319,2024-03-13 17:06:31,DELIVERED,NORTH
2947,115,2023-07-20 20:41:50,SHIPPED,CENTRAL
2948,198,2024-11-08 11:41:02,PLACED,SOUTH
2949,260,08-12-2025,SHIPPED,CENTRAL
2950,524,2023-06-25 04:17:31,DELIVERED,CENTRAL
2951,458,2025-12-23 10:33:22,CANCELLED,SOUTH
2952,285,2024-09-23 02:08:42,DELIVERED,CENTRAL
2953,204,2023-05-30 23:05:18,DELIVERED,NORTH
2954,433,31-01-2023,PLACED,WEST
2955,64,2025-12-05 01:32:29,DELIVERED,NORTH
2956,199,2023-11-02 13:49:24,DELIVERED,CENTRAL
2957,335,30-05-2023,DELIVERED,SOUTH
2958,2,2025-04-02 11:42:19,DELIVERED,EAST
2959,176,2023-09-09 09:47:18,DELIVERED,CENTRAL
2960,443,08-04-2023,CANCELLED,SOUTH
2961,182,2024-11-08 12:45:57,RETURNED,CENTRAL
2962,395,2023-11-18 06:24:10,SHIPPED,SOUTH
2963,518,2025-01-21 07:51:37,DELIVERED,EAST
2964,413,2025-09-07 09:20:07,DELIVERED,SOUTH
2965,112,2023-06-12 17:32:38,RETURNED,NORTH
2966,161,2023-10-22 22:56:17,RETURNED,SOUTH
2967,521,2025-08-03 16:43:56,DELIVERED,SOUTH
2968,65,2023-10-18 05:42:44,DELIVERED,CENTRAL
2969,494,23-12-2025,DELIVERED,WEST
2970,380,07-10-2025,SHIPPED,CENTRAL
2971,103,2025-09-13 03:12:38,SHIPPED,EAST
2972,456,2023-04-27 14:27:10,SHIPPED,WEST
2973,430,2025-02-20 15:27:42,CANCELLED,CENTRAL
2974,359,2025-09-26 06:09:15,SHIPPED,WEST
2975,155,15-11-2025,DELIVERED,WEST
2976,394,2025-12-17 02:11:39,DELIVERED,SOUTH
2977,332,2024-07-03 18:25:04,SHIPPED,WEST
2978,167,2025-08-16 01:49:58,DELIVERED,EAST
2979,10,2025-07-24 17:00:39,DELIVERED,WEST
2980,456,2023-08-01 01:13:34,DELIVERED,EAST
2981,312,2023-08-10 16:57:51,DELIVERED,NORTH
2982,576,2025-06-10 19:47:13,DELIVERED,NORTH
2983,510,2025-07-13 17:58:56,DELIVERED,EAST
2984,416,2025-12-01 00:25:17,PLACED,EAST
2985,517,2025-03-01 19:05:34,SHIPPED,EAST
2986,532,2024-12-18 18:13:26,SHIPPED,EAST
2987,390,2025-06-22 08:49:20,DELIVERED,EAST
2988,11,09-04-2025,SHIPPED,CENTRAL
2989,11,2025-09-21 05:17:32,RETURNED,EAST
2990,168,2023-07-03 17:20:04,SHIPPED,WEST
2991,567,13-12-2024,RETURNED,CENTRAL
2992,548,2023-01-29 02:00:12,DELIVERED,EAST
2993,,2023-06-12 03:22:08,DELIVERED,CENTRAL
2994,338,2023-10-23 01:59:39,DELIVERED,WEST
2995,486,2025-04-20 04:36:51,CANCELLED,EAST
2996,243,2023-06-14 15:27:21,SHIPPED,NORTH
2997,49,2024-11-25 12:16:58,SHIPPED,NORTH
2998,413,2025-11-21 19:27:04,DELIVERED,NORTH
2999,367,2025-07-15 12:54:11,DELIVERED,WEST
3000,449,2025-05-16 18:11:15,DELIVERED,CENTRAL
