order_item_id,order_id,product_id,quantity,unit_price,discount_percent
1,1,111,1,420.5,25
2,1,234,1,131.94,0
3,1,165,1,133.92,5
4,2,13,3,383.4,10
5,3,101,3,568.67,30
6,4,210,2,688.58,0
7,4,202,1,251.63,15
8,4,112,2,813.25,20
9,4,48,2,739.36,0
10,5,239,3,522.13,0
11,5,79,4,487.86,10
12,6,96,5,237.61,0
13,6,211,5,111.69,0
14,6,21,3,456.7,15
15,7,180,5,200.68,5
16,7,169,1,32.8,0
17,8,61,2,144.48,25
18,8,109,5,347.19,5
19,8,143,3,267.18,0
20,8,172,3,322.47,15
21,9,129,3,451.83,25
22,10,235,1,274.42,0
23,10,117,4,583.84,15
24,10,92,3,55.39,30
25,11,29,4,443.33,10
26,11,147,3,410.9,5
27,11,60,5,518.53,5
28,12,108,1,452.51,5
29,12,134,2,659.92,0
30,13,208,1,616.94,0
31,13,122,3,347.39,20
32,14,81,4,495.85,20
33,15,238,2,62.66,30
34,15,132,1,528.03,25
35,16,223,1,308.1,25
36,16,239,4,428.49,0
37,16,58,4,159.18,10
38,17,68,3,805.45,0
39,17,29,5,320.49,25
40,17,5,2,657.72,15
41,17,181,5,412.43,30
42,18,44,4,700.83,30
43,18,77,5,110.5,15
44,18,144,3,97.73,25
45,19,194,5,654.91,0
46,19,19,5,243.13,30
47,19,230,1,186.58,10
48,20,164,4,112.95,25
49,20,85,5,348.82,10
50,21,203,2,586.65,0
51,22,134,2,475.94,0
52,22,129,4,454.56,0
53,22,148,4,263.75,0
54,22,235,1,312.44,0
55,23,214,4,256.71,15
56,23,144,4,96.08,5
57,24,23,3,462.16,30
58,24,194,1,707.41,15
59,24,173,1,349.04,5
60,25,3,5,86.2,25
61,26,90,4,583.5,0
62,26,84,1,616.16,0
63,26,84,2,449.31,25
64,27,232,5,530.49,20
65,28,235,2,326.25,30
66,28,103,2,150.16,0
67,29,140,4,387.07,10
68,29,64,3,380.54,20
69,29,125,3,762.96,0
70,30,64,5,436.53,0
71,30,234,4,146.35,0
72,30,140,4,432.54,15
73,31,46,4,49.01,10
74,31,181,1,530.71,0
75,31,179,3,409.6,5
76,32,105,1,470.7,0
77,32,172,1,358.13,5
78,32,37,2,601.1,30
79,33,163,3,564.09,30
80,33,59,2,563.4,20
81,33,12,4,529.0,0
82,34,130,3,699.82,30
83,34,70,3,618.98,5
84,35,138,4,508.09,25
85,35,69,1,741.15,20
86,35,246,1,15.14,20
87,36,199,1,631.71,5
88,36,195,1,729.6,5
89,36,114,3,633.43,5
90,37,104,4,477.89,10
91,37,184,1,487.98,0
92,38,50,4,700.19,0
93,38,102,3,580.84,0
94,38,18,2,569.8,5
95,39,186,4,94.91,0
96,40,17,4,123.52,10
97,40,56,3,59.75,5
98,40,165,5,99.13,10
99,41,37,5,664.93,0
100,41,189,2,454.78,10
101,42,53,3,479.94,25
102,42,204,-3,78.91,5
103,42,26,5,156.03,5
104,42,135,4,413.31,25
105,43,115,2,397.2,0
106,43,9,2,171.13,20
107,43,18,2,551.78,30
108,43,3,4,89.66,0
109,44,63,5,88.94,0
110,44,56,1,72.36,0
111,44,44,1,571.19,20
112,44,191,1,317.47,25
113,45,7,3,435.48,10
114,46,127,2,241.22,0
115,47,117,2,571.08,0
116,48,76,2,407.3,0
117,48,102,3,548.75,10
118,48,37,1,714.17,10
119,49,205,2,503.48,0
120,49,47,3,526.34,5
121,49,121,4,210.27,10
122,49,7,2,461.3,15
123,50,150,1,207.88,0
124,50,148,3,313.27,30
125,50,216,4,289.61,20
126,51,188,5,360.59,10
127,51,110,5,250.72,0
128,51,98,1,233.45,10
129,52,7,2,389.96,30
130,52,145,1,482.73,0
131,52,77,4,86.21,30
132,53,101,2,597.05,15
133,53,72,5,350.61,25
134,54,130,2,595.3,30
135,55,111,1,375.62,0
136,55,187,2,458.7,15
137,55,1,-2,279.29,0
138,56,64,4,509.58,0
139,56,1,5,244.12,0
140,56,31,-1,249.97,0
141,56,193,2,119.63,0
142,57,240,5,377.7,25
143,57,159,1,389.58,15
144,58,242,5,210.36,10
145,59,13,5,347.68,30
146,60,64,1,444.14,5
147,60,22,5,19.81,15
148,61,178,5,440.59,10
149,61,5,3,568.81,0
150,61,53,2,510.85,20
151,62,97,5,498.93,10
152,62,181,4,449.68,0
153,62,25,2,108.37,0
154,63,177,2,610.19,30
155,64,248,4,302.59,30
156,64,228,3,85.64,0
157,64,203,2,754.13,0
158,65,89,-1,698.67,0
159,65,25,5,157.54,30
160,66,141,4,373.53,0
161,67,89,3,598.08,20
162,67,9,5,135.93,0
163,67,105,1,336.77,5
164,68,23,2,356.93,0
165,68,237,1,341.12,0
166,68,232,5,512.66,0
167,68,110,3,218.75,10
168,69,249,2,75.86,25
169,70,219,4,107.33,0
170,70,23,1,410.26,5
171,71,126,3,724.52,30
172,71,22,4,16.85,0
173,71,194,2,546.19,0
174,72,131,4,498.11,20
175,73,244,2,368.73,0
176,73,160,4,706.24,25
177,73,217,5,273.25,25
178,73,170,1,281.11,15
179,74,250,5,452.43,25
180,74,250,2,331.0,10
181,74,79,4,403.92,20
182,74,243,1,591.55,20
183,75,42,5,236.39,0
184,75,169,3,40.4,0
185,75,26,5,197.68,5
186,76,136,-2,477.42,20
187,77,87,3,566.27,30
188,77,186,5,73.89,20
189,78,104,1,472.81,0
190,78,12,2,477.24,15
191,78,169,1,41.28,0
192,78,8,4,60.69,30
193,79,128,5,452.85,0
194,79,16,2,357.73,25
195,80,21,3,321.36,0
196,81,209,1,328.52,25
197,81,151,5,237.36,0
198,81,194,2,620.62,15
199,81,158,1,861.87,10
200,82,217,4,358.56,15
201,82,236,1,87.52,25
202,82,87,-1,535.16,0
203,83,134,4,620.63,25
204,83,15,4,509.48,20
205,83,8,5,73.13,25
206,83,40,2,176.03,20
207,84,199,2,492.36,5
208,84,225,1,184.98,0
209,84,74,5,6.88,15
210,84,249,1,65.97,10
211,85,50,2,779.81,20
212,85,42,1,297.91,0
213,85,99,4,662.11,25
214,86,6,4,518.02,15
215,86,159,2,512.54,15
216,86,241,2,677.73,0
217,86,215,3,354.57,20
218,87,238,2,54.1,30
219,87,229,3,682.81,0
220,87,222,2,108.69,10
221,87,57,3,291.75,20
222,88,209,2,312.79,0
223,89,97,3,419.74,30
224,90,104,2,567.64,15
225,90,141,1,369.03,0
226,90,71,4,392.08,0
227,91,220,3,677.95,30
228,91,191,1,349.81,0
229,91,233,1,458.15,15
230,91,128,3,529.88,0
231,92,196,5,335.91,5
232,93,40,3,189.73,15
233,94,198,2,399.22,0
234,94,7,1,382.13,25
235,94,99,4,713.77,5
236,94,186,1,73.76,10
237,95,199,4,507.47,0
238,96,181,2,486.41,0
239,96,86,4,72.06,20
240,96,229,5,601.59,10
241,97,107,-2,643.72,20
242,97,37,1,599.07,5
243,97,54,4,647.86,0
244,97,33,5,152.71,30
245,98,105,1,481.96,30
246,99,152,2,293.36,15
247,99,200,1,182.59,0
248,99,242,2,208.86,20
249,99,245,5,831.98,20
250,100,81,3,498.19,0
251,101,128,3,573.0,20
252,101,151,1,227.42,30
253,101,217,2,262.57,0
254,101,53,2,479.27,0
255,102,195,4,600.12,25
256,103,248,4,376.79,10
257,104,30,5,218.28,30
258,104,96,1,199.04,0
259,104,220,-2,642.97,0
260,105,25,3,157.77,20
261,106,16,1,288.89,25
262,107,236,1,96.52,5
263,108,228,1,96.91,10
264,109,48,4,607.12,10
265,109,58,4,205.49,10
266,110,62,1,823.15,0
267,110,194,3,761.4,15
268,110,157,5,800.99,5
269,110,58,2,153.22,25
270,111,41,1,214.51,5
271,112,77,5,125.5,0
272,113,184,4,587.92,0
273,113,43,3,109.25,5
274,113,68,5,711.06,25
275,113,130,4,788.82,0
276,114,94,1,266.67,30
277,114,184,5,710.03,0
278,114,43,1,93.55,10
279,114,61,3,129.49,0
280,115,231,2,570.52,0
281,115,43,1,96.05,15
282,116,89,1,665.49,5
283,116,73,1,218.18,20
284,116,209,5,396.43,5
285,117,50,3,801.2,20
286,117,152,1,265.7,0
287,118,32,3,125.74,0
288,118,149,3,107.75,20
289,119,244,2,352.26,25
290,119,20,3,460.6,10
291,120,99,3,555.2,5
292,121,160,1,732.4,0
293,121,20,1,501.78,5
294,121,33,3,202.72,0
295,122,65,2,574.22,20
296,122,208,-1,585.79,0
297,122,226,3,552.94,0
298,122,49,1,124.25,5
299,123,3,3,88.85,0
300,123,164,2,91.15,0
301,123,114,5,593.59,0
302,124,96,3,246.31,0
303,124,129,3,494.06,15
304,125,152,1,238.72,30
305,126,111,4,428.03,5
306,127,194,5,564.01,20
307,127,92,1,57.39,25
308,128,246,1,14.4,15
309,128,202,5,252.2,30
310,128,199,4,538.8,25
311,129,5,3,711.86,0
312,129,200,3,177.11,15
313,130,202,2,234.19,0
314,131,3,5,105.61,20
315,131,227,4,632.57,20
316,131,195,2,651.29,0
317,132,203,3,559.89,0
318,132,202,4,182.37,25
319,133,103,3,116.94,0
320,133,93,2,38.35,10
321,133,5,5,706.02,0
322,133,63,2,98.69,0
323,134,215,1,362.99,5
324,134,2,4,418.7,30
325,134,125,3,789.98,20
326,135,213,4,536.9,0
327,135,56,-3,74.94,15
328,135,45,4,499.84,20
329,135,220,1,509.28,5
330,136,4,5,233.49,0
331,137,36,1,790.26,10
332,137,74,2,5.71,25
333,137,230,3,167.36,20
334,138,109,2,357.99,10
335,139,210,4,537.69,25
336,140,26,-4,185.91,0
337,140,127,5,299.36,10
338,140,11,3,733.3,25
339,141,20,2,513.96,15
340,141,86,5,89.17,10
341,141,195,2,866.89,10
342,142,191,2,281.55,0
343,142,120,5,270.45,10
344,142,4,1,263.2,5
345,143,161,4,514.81,10
346,143,101,2,624.11,0
347,143,9,2,170.27,0
348,144,13,4,396.09,10
349,144,130,5,815.59,5
350,144,102,1,742.71,25
351,144,247,4,813.13,20
352,145,174,2,78.83,0
353,145,77,1,121.59,30
354,146,241,4,485.15,0
355,147,3,3,106.46,25
356,148,6,2,496.58,20
357,148,231,2,538.68,20
358,148,63,4,92.05,25
359,148,6,4,610.93,0
360,149,47,4,594.66,25
361,149,165,1,108.96,30
362,150,85,3,281.28,0
363,150,193,4,96.23,0
364,150,178,5,510.56,20
365,150,217,3,278.71,10
366,151,213,4,400.32,30
367,151,180,5,196.13,25
368,152,53,1,480.71,20
369,152,148,1,344.22,0
370,152,131,1,591.26,30
371,152,126,2,539.82,15
372,153,198,4,454.61,0
373,153,211,5,112.19,20
374,154,8,5,63.21,5
375,154,23,2,470.35,10
376,155,29,5,357.12,20
377,156,154,5,620.63,30
378,156,1,5,229.73,10
379,156,234,3,164.16,5
380,156,179,1,357.17,30
381,157,129,1,555.17,20
382,157,70,1,574.18,30
383,157,194,1,716.96,10
384,157,149,2,152.97,30
385,158,52,1,415.54,0
386,159,106,1,513.66,0
387,159,132,1,541.32,0
388,160,39,5,568.09,30
389,160,223,3,358.41,15
390,160,8,1,76.22,30
391,160,149,5,155.32,25
392,161,20,1,449.05,0
393,162,220,4,483.45,0
394,162,9,1,166.9,0
395,162,163,2,688.5,20
396,162,231,3,762.41,15
397,163,162,3,369.7,30
398,163,225,1,189.98,0
399,163,76,2,400.7,15
400,163,153,1,121.34,0
401,164,94,2,217.77,10
402,164,104,1,590.66,20
403,164,115,3,294.94,15
404,164,196,3,363.57,15
405,165,66,1,448.9,25
406,165,200,1,240.28,20
407,165,70,5,612.35,0
408,165,184,4,624.41,15
409,166,106,2,420.22,5
410,166,98,4,187.06,30
411,166,150,3,169.71,25
412,166,219,2,117.65,0
413,167,155,2,252.62,20
414,167,33,4,138.47,25
415,168,46,3,42.56,0
416,168,189,5,462.81,15
417,168,189,4,440.46,25
418,168,116,3,62.57,20
419,169,64,2,411.34,10
420,170,25,5,122.52,5
421,170,154,2,593.58,110
422,171,77,4,86.47,0
423,171,186,1,98.3,10
424,171,170,1,289.85,0
425,172,5,5,572.71,0
426,173,34,5,422.15,15
427,173,99,2,584.43,0
428,173,249,2,71.48,0
429,173,213,5,421.9,20
430,174,160,5,721.93,20
431,175,167,3,325.71,0
432,176,122,2,420.56,0
433,177,105,5,349.58,15
434,177,40,3,227.92,0
435,177,204,4,108.18,0
436,177,247,2,590.04,15
437,178,4,4,181.27,0
438,179,16,1,265.45,0
439,179,38,5,578.77,0
440,179,133,2,634.47,5
441,180,208,3,485.73,25
442,180,156,3,516.24,0
443,181,222,2,104.12,0
444,181,227,4,424.38,0
445,181,156,4,534.62,30
446,181,250,4,363.66,0
447,182,21,4,348.81,10
448,182,209,3,321.78,15
449,182,190,1,76.24,25
450,183,172,5,330.93,20
451,183,126,1,718.39,0
452,183,229,1,694.38,15
453,183,31,1,263.82,5
454,184,46,-5,40.46,5
455,184,101,1,633.91,15
456,185,176,1,91.14,30
457,185,39,2,537.32,15
458,185,231,4,630.1,5
459,185,185,4,362.12,0
460,186,77,1,95.49,30
461,186,196,4,348.13,30
462,186,155,1,256.01,0
463,186,184,5,514.47,10
464,187,24,2,433.99,20
465,188,138,3,420.67,15
466,188,103,1,131.02,20
467,188,117,2,708.2,15
468,189,174,4,55.0,15
469,189,76,1,353.61,0
470,189,230,4,153.93,10
471,189,19,5,281.16,5
472,190,225,4,213.54,0
473,190,47,5,488.83,0
474,190,250,4,310.64,30
475,190,34,5,492.91,0
476,191,133,3,613.28,0
477,191,11,2,609.66,0
478,191,34,1,567.02,20
479,191,3,5,100.58,5
480,192,43,2,88.1,0
481,193,156,2,583.92,25
482,194,179,2,432.16,0
483,194,11,5,521.45,0
484,194,119,4,466.0,15
485,194,70,5,642.77,0
486,195,178,3,445.69,0
487,195,5,1,683.53,20
488,195,90,3,695.76,10
489,196,104,2,451.31,15
490,196,127,1,298.99,20
491,196,61,4,146.78,20
492,196,80,1,411.8,10
493,197,194,-4,629.36,5
494,197,17,-3,144.7,15
495,198,18,1,523.88,0
496,199,89,5,589.24,0
497,200,20,5,410.11,25
498,200,15,3,508.47,15
499,200,175,4,386.83,15
500,201,147,1,490.11,30
501,202,112,3,839.35,20
502,202,110,1,209.3,5
503,202,183,3,552.61,30
504,202,141,3,521.55,0
505,203,191,4,340.84,0
506,203,63,1,118.87,0
507,204,111,2,427.37,0
508,204,155,2,270.04,0
509,204,221,3,604.35,30
510,205,62,4,780.02,25
511,205,221,2,651.82,25
512,205,61,2,129.6,30
513,206,12,-2,467.38,0
514,206,1,5,200.37,0
515,207,36,3,594.95,0
516,207,135,-5,365.33,25
517,207,83,3,300.58,15
518,208,15,4,546.97,0
519,208,246,-1,13.14,20
520,208,63,2,92.14,20
521,208,186,2,99.45,25
522,209,241,5,488.83,0
523,209,103,-4,171.22,150
524,210,61,1,117.56,15
525,211,35,1,444.33,0
526,211,203,1,701.13,25
527,211,173,4,385.98,15
528,212,117,3,612.43,0
529,212,111,1,486.02,5
530,212,49,3,160.89,20
531,212,204,4,83.26,10
532,213,81,5,589.83,30
533,213,151,5,226.96,30
534,213,216,1,415.15,30
535,214,209,3,359.06,5
536,214,107,4,735.55,0
537,214,57,3,428.97,0
538,215,184,5,619.09,0
539,215,234,5,137.48,15
540,216,2,2,419.47,20
541,217,36,5,782.44,10
542,217,77,2,91.65,25
543,218,17,5,174.13,0
544,218,135,4,449.23,30
545,218,75,5,435.5,0
546,218,52,3,381.39,15
547,219,192,5,437.78,10
548,219,193,5,116.93,25
549,219,146,4,376.43,30
550,219,1,4,277.12,20
551,220,215,5,374.68,20
552,221,34,4,416.8,15
553,221,176,3,77.48,30
554,221,83,3,244.47,15
555,221,248,4,328.45,0
556,222,135,5,415.83,20
557,222,220,1,488.63,20
558,222,66,2,417.29,10
559,222,67,5,226.91,25
560,223,37,2,677.26,20
561,224,5,2,652.85,25
562,224,187,1,379.88,20
563,224,226,3,572.41,5
564,224,106,1,402.36,15
565,225,8,3,85.47,5
566,225,149,4,105.37,25
567,226,35,3,479.9,30
568,226,54,5,561.36,0
569,226,235,2,273.08,20
570,226,126,5,585.44,0
571,227,164,2,114.28,0
572,227,150,5,231.48,150
573,227,70,1,462.89,0
574,227,136,2,578.32,10
575,228,120,3,272.73,5
576,229,171,3,379.03,25
577,229,94,1,286.24,0
578,229,109,5,342.86,110
579,229,215,5,384.01,30
580,230,28,2,598.67,5
581,230,229,3,596.31,20
582,230,194,4,592.55,25
583,231,26,4,210.91,0
584,231,47,2,618.26,0
585,232,120,2,316.25,0
586,233,211,3,92.74,30
587,233,6,2,636.11,25
588,233,57,1,382.6,30
589,234,39,2,647.89,0
590,235,81,5,641.85,25
591,235,228,4,105.58,15
592,235,19,4,261.66,15
593,235,152,5,276.44,0
594,236,119,3,498.8,15
595,236,15,3,479.98,20
596,237,130,5,624.5,5
597,237,221,1,541.7,20
598,238,152,1,262.68,0
599,238,86,5,87.32,30
600,239,217,1,319.73,0
601,239,7,-4,411.35,20
602,239,195,5,824.2,0
603,239,151,4,179.28,30
604,240,58,5,163.86,20
605,240,156,1,749.06,15
606,241,84,5,536.34,30
607,241,222,2,108.84,25
608,241,125,1,725.57,5
609,241,85,1,296.78,15
610,242,92,1,42.5,5
611,243,68,3,554.21,30
612,243,249,1,54.78,25
613,243,167,1,318.29,5
614,244,218,4,200.98,25
615,244,161,5,490.62,0
616,244,113,4,424.57,30
617,245,60,3,549.89,10
618,245,132,4,471.9,10
619,246,210,4,654.49,0
620,246,56,5,81.27,5
621,247,223,5,274.14,15
622,247,235,2,288.85,5
623,248,247,2,728.69,0
624,248,23,3,410.0,10
625,248,211,2,88.26,20
626,248,189,5,421.86,10
627,249,205,4,423.15,10
628,249,99,3,724.22,0
629,249,162,5,358.73,0
630,249,125,5,673.72,0
631,250,4,2,260.47,0
632,250,142,3,186.21,0
633,250,196,3,289.19,20
634,251,181,5,512.48,25
635,252,7,2,424.87,0
636,252,74,2,7.19,0
637,252,109,3,370.91,0
638,253,182,1,747.47,5
639,253,116,5,58.94,20
640,253,244,2,355.94,20
641,253,72,1,300.04,0
642,254,69,5,670.7,5
643,254,249,2,63.93,25
644,255,25,4,130.26,15
645,256,71,1,378.91,0
646,256,55,3,431.71,10
647,256,233,3,433.85,20
648,257,141,4,420.75,20
649,258,189,4,516.4,15
650,258,195,2,624.11,25
651,258,226,1,493.93,0
652,259,1,3,288.42,5
653,259,201,3,396.05,10
654,259,103,2,145.06,30
655,260,77,2,104.15,0
656,261,71,1,320.17,25
657,261,213,3,415.44,10
658,261,151,5,206.69,15
659,262,224,-3,752.52,15
660,262,113,4,368.1,30
661,263,129,1,398.24,30
662,263,63,2,86.83,15
663,263,17,4,137.62,20
664,264,242,4,206.35,0
665,265,12,4,572.04,15
666,266,85,1,350.14,30
667,266,1,4,207.89,5
668,267,96,2,269.15,5
669,268,14,1,51.84,30
670,269,166,3,472.14,0
671,269,235,2,378.54,0
672,269,202,4,195.05,0
673,270,66,5,416.33,0
674,271,109,2,362.28,30
675,271,35,3,481.95,15
676,271,151,2,179.15,20
677,271,8,5,60.04,0
678,272,66,2,454.82,0
679,272,165,2,103.86,0
680,273,63,3,113.77,20
681,273,86,3,67.81,20
682,274,157,1,694.42,30
683,274,50,1,631.9,15
684,274,193,4,107.08,5
685,275,46,2,50.97,0
686,275,46,4,58.27,15
687,275,17,4,138.68,15
688,276,159,4,555.61,10
689,277,57,5,324.28,0
690,277,114,3,663.42,20
691,277,82,3,437.79,20
692,278,192,3,330.56,20
693,278,152,1,235.48,0
694,278,118,4,12.95,30
695,279,70,3,476.98,15
696,279,110,-5,201.78,0
697,279,138,5,396.9,5
698,280,107,2,555.61,30
699,281,230,2,194.92,0
700,281,6,2,541.47,20
701,281,177,1,527.21,10
702,281,109,5,352.47,0
703,282,99,5,695.05,0
704,282,74,2,6.48,10
705,283,102,3,594.64,0
706,283,180,4,162.91,5
707,283,118,5,9.68,10
708,283,102,3,768.01,0
709,284,47,4,574.47,25
710,285,116,1,71.64,30
711,285,85,1,281.62,20
712,285,90,-5,766.14,20
713,285,64,3,468.42,0
714,286,50,3,620.42,5
715,287,214,2,302.64,10
716,287,26,5,168.88,10
717,287,16,4,352.42,5
718,287,65,1,700.87,0
719,288,198,3,328.27,0
720,289,39,4,568.3,0
721,290,192,5,435.61,5
722,291,245,2,815.03,15
723,292,228,1,89.19,5
724,292,16,5,321.45,0
725,292,241,1,689.67,30
726,293,83,1,292.72,0
727,294,53,1,632.41,10
728,295,35,4,389.14,0
729,296,75,2,440.69,25
730,297,82,4,350.75,0
731,297,156,4,571.23,30
732,297,98,4,178.6,0
733,298,10,4,525.18,0
734,299,32,3,164.54,0
735,299,73,1,269.56,0
736,299,56,4,64.5,20
737,299,48,4,600.89,15
738,300,45,4,626.58,150
739,300,73,1,232.98,25
740,300,153,3,162.6,15
741,301,130,5,709.1,0
742,301,28,3,603.4,15
743,301,235,3,321.17,30
744,302,219,4,121.85,0
745,302,100,3,487.3,0
746,303,122,1,319.91,10
747,304,2,4,464.06,20
748,304,67,5,223.82,0
749,305,248,4,398.92,0
750,306,125,-2,634.46,20
751,307,32,2,139.04,0
752,308,45,-3,580.77,10
753,308,222,2,105.43,10
754,309,24,5,402.29,0
755,309,228,1,115.08,15
756,309,212,3,709.98,25
757,310,197,5,450.39,0
758,310,112,3,648.18,30
759,311,135,2,380.79,0
760,311,7,1,449.56,15
761,311,20,2,485.13,30
762,311,25,3,154.24,30
763,312,74,2,7.38,0
764,312,131,5,556.87,20
765,312,89,5,582.52,0
766,312,59,5,535.72,0
767,313,65,2,706.28,20
768,313,4,3,204.86,15
769,313,201,5,316.47,0
770,313,72,1,301.79,20
771,314,177,2,559.33,30
772,315,18,4,585.39,25
773,315,116,3,66.05,0
774,315,82,4,351.93,5
775,315,144,5,69.47,0
776,316,163,3,504.5,20
777,316,42,4,264.8,10
778,317,221,3,731.14,0
779,317,173,2,318.38,0
780,317,132,1,412.77,25
781,317,79,3,415.13,20
782,318,137,4,166.07,0
783,318,214,-4,304.71,10
784,318,116,2,49.4,0
785,319,173,3,378.95,5
786,319,83,2,277.27,5
787,319,6,2,631.36,20
788,320,114,4,515.44,0
789,321,7,4,357.49,0
790,321,92,5,53.64,20
791,322,122,1,452.12,0
792,322,193,2,88.72,5
793,323,78,-3,293.3,0
794,324,172,1,361.61,5
795,325,126,1,663.12,0
796,325,6,5,473.54,20
797,326,48,4,714.89,10
798,326,17,3,153.76,150
799,327,59,3,434.83,5
800,327,60,4,434.04,25
801,328,73,3,218.45,10
802,329,4,1,245.81,15
803,329,158,1,781.27,25
804,329,110,4,266.71,15
805,329,121,4,231.15,0
806,330,142,3,187.54,0
807,330,19,5,278.6,0
808,331,101,5,567.41,25
809,332,162,3,338.55,0
810,332,125,3,630.75,0
811,332,97,5,477.79,30
812,332,57,1,419.78,0
813,333,6,2,442.36,15
814,333,63,5,106.98,0
815,334,54,4,509.24,30
816,335,157,4,627.89,30
817,335,27,5,315.54,25
818,335,146,3,281.01,30
819,335,25,3,110.47,0
820,336,42,4,270.83,20
821,336,204,3,105.88,0
822,336,72,3,319.64,5
823,337,173,4,348.7,20
824,337,113,5,370.43,0
825,337,206,3,111.67,0
826,338,81,4,455.91,20
827,338,137,1,208.03,0
828,339,193,4,106.8,0
829,339,60,1,570.91,5
830,340,222,2,104.6,10
831,340,201,1,354.45,5
832,340,127,1,281.27,15
833,341,220,3,659.18,30
834,341,168,1,406.07,30
835,341,75,2,516.69,5
836,341,188,1,398.52,10
837,342,125,-4,713.08,5
838,342,57,5,385.07,0
839,342,36,-2,775.35,0
840,342,185,3,433.22,10
841,343,198,5,480.62,5
842,343,116,-4,64.12,30
843,343,177,4,618.29,0
844,344,3,3,109.32,10
845,344,225,-2,222.97,15
846,344,72,1,354.47,5
847,344,160,1,581.21,5
848,345,20,3,391.38,0
849,346,139,2,677.58,30
850,347,74,1,6.09,0
851,348,90,5,661.73,5
852,349,134,1,595.67,5
853,349,118,5,10.49,0
854,350,27,5,370.18,20
855,351,125,4,843.97,0
856,352,40,1,238.74,30
857,353,124,4,68.52,15
858,353,100,5,491.37,0
859,354,212,4,704.66,30
860,354,51,1,416.93,0
861,354,222,5,99.2,5
862,354,165,5,121.28,15
863,355,140,3,395.05,5
864,355,152,5,303.33,0
865,356,25,4,129.93,0
866,356,85,3,322.04,20
867,357,2,-2,437.33,30
868,357,41,4,214.96,20
869,358,66,3,415.77,0
870,358,33,3,197.95,20
871,359,2,4,435.63,0
872,359,145,2,669.08,0
873,360,143,2,329.81,25
874,360,236,1,119.64,30
875,361,33,4,185.45,20
876,361,200,1,212.59,0
877,361,13,3,485.89,10
878,362,56,1,79.91,25
879,362,178,4,519.2,20
880,362,174,4,70.69,15
881,362,112,4,665.34,25
882,363,156,4,673.51,5
883,364,5,3,524.21,10
884,364,173,3,346.9,25
885,364,246,2,15.94,0
886,365,160,-4,663.09,10
887,365,63,1,100.8,0
888,366,10,1,494.09,20
889,366,233,1,395.42,0
890,366,90,2,704.32,25
891,367,222,2,125.03,10
892,367,183,4,467.78,0
893,367,147,5,401.46,10
894,367,249,5,76.41,20
895,368,208,2,456.47,25
896,368,210,4,627.4,30
897,369,138,5,431.28,25
898,369,75,1,421.86,0
899,369,101,1,609.9,20
900,369,82,1,342.43,15
901,370,127,4,328.8,5
902,370,226,2,577.37,15
903,371,98,2,202.24,0
904,371,15,5,510.85,5
905,372,134,1,478.01,10
906,372,137,2,210.75,5
907,372,244,3,390.32,0
908,372,13,2,450.55,10
909,373,107,2,642.68,20
910,373,235,5,353.37,0
911,373,36,4,719.18,15
912,373,222,3,135.05,10
913,374,224,2,657.14,0
914,375,175,2,350.62,5
915,375,157,2,691.55,30
916,375,36,5,563.28,10
917,376,156,4,576.3,15
918,376,194,4,709.12,20
919,376,222,4,102.63,0
920,376,139,2,661.74,5
921,377,7,4,324.22,0
922,377,103,2,126.98,20
923,377,132,-5,582.85,5
924,378,22,3,19.95,30
925,378,155,5,267.78,0
926,378,149,3,135.3,0
927,378,88,4,319.31,20
928,379,98,5,178.75,30
929,379,190,-3,92.86,0
930,379,241,1,691.3,0
931,379,200,4,195.02,5
932,380,152,3,323.79,15
933,380,137,1,179.91,10
934,381,15,3,539.13,0
935,382,68,2,615.21,25
936,382,228,4,103.06,5
937,383,151,1,184.68,0
938,383,4,5,182.33,0
939,384,147,1,460.15,15
940,384,47,2,470.1,5
941,385,99,-1,551.62,25
942,386,241,3,503.12,20
943,387,36,5,607.63,5
944,387,203,3,708.05,15
945,387,201,3,358.94,15
946,387,174,4,76.09,20
947,388,202,3,200.02,15
948,388,85,3,345.52,20
949,388,250,4,391.3,30
950,388,192,5,422.06,10
951,389,170,3,382.65,20
952,389,219,4,98.46,20
953,390,62,4,608.15,30
954,390,237,5,325.64,0
955,390,167,5,262.56,10
956,391,153,5,161.74,0
957,391,203,1,596.93,0
958,391,137,4,161.17,0
959,391,51,5,440.2,0
960,392,59,4,633.54,15
961,392,202,1,264.67,0
962,392,36,3,627.94,0
963,392,177,1,656.49,15
964,393,246,3,15.16,5
965,393,36,5,782.23,5
966,394,159,3,544.62,0
967,394,62,-5,750.02,0
968,394,48,3,725.77,20
969,394,98,3,226.21,0
970,395,58,5,182.13,15
971,395,88,3,359.74,20
972,395,205,1,461.15,15
973,395,123,3,205.43,15
974,396,177,1,597.23,20
975,396,48,1,639.96,5
976,397,99,2,533.12,15
977,397,96,2,271.09,10
978,397,45,1,625.58,30
979,398,101,5,494.45,0
980,398,60,4,434.24,5
981,398,154,1,665.17,25
982,398,80,3,378.39,30
983,399,235,4,357.98,0
984,399,244,3,472.87,30
985,400,79,1,492.12,0
986,401,156,4,726.81,0
987,401,38,2,548.27,10
988,401,93,4,43.66,0
989,402,29,3,425.35,10
990,403,230,2,146.11,5
991,403,158,1,686.69,0
992,404,124,1,53.73,20
993,404,150,4,173.07,20
994,404,246,1,13.84,5
995,404,131,4,439.71,0
996,405,59,2,612.98,30
997,405,146,3,393.36,25
998,405,124,1,53.61,30
999,405,125,3,594.47,0
1000,406,15,3,423.02,0
1001,406,199,5,614.38,25
1002,407,228,3,91.55,0
1003,408,129,4,465.82,0
1004,408,155,2,278.28,25
1005,408,77,5,110.76,0
1006,409,139,1,589.8,5
1007,409,171,2,328.54,15
1008,409,63,1,94.95,10
1009,409,1,5,203.6,0
1010,410,45,5,461.59,0
1011,410,173,1,347.9,20
1012,411,61,1,125.42,25
1013,412,154,5,573.08,10
1014,412,110,1,222.96,15
1015,412,66,1,484.35,25
1016,412,117,2,534.97,15
1017,413,204,5,97.69,15
1018,414,118,3,9.08,0
1019,414,150,5,225.34,10
1020,415,108,2,565.98,15
1021,415,211,2,83.83,25
1022,415,113,1,360.82,30
1023,416,217,5,292.04,0
1024,416,103,4,161.65,25
1025,417,96,2,216.21,5
1026,418,192,1,335.95,0
1027,418,168,3,579.37,0
1028,418,202,4,216.57,20
1029,418,56,1,55.36,25
1030,419,176,1,71.04,10
1031,420,154,5,682.46,5
1032,421,68,3,671.97,20
1033,421,145,5,546.34,0
1034,421,142,-2,229.98,10
1035,421,125,2,797.07,5
1036,422,196,2,294.8,0
1037,423,170,4,344.13,20
1038,424,72,3,284.93,0
1039,424,21,2,391.14,0
1040,425,133,1,559.98,25
1041,426,167,4,223.85,25
1042,426,187,5,513.63,25
1043,426,149,5,136.91,15
1044,426,223,4,276.19,10
1045,427,203,4,604.74,0
1046,427,137,1,189.14,25
1047,427,206,3,116.3,5
1048,427,105,1,366.16,25
1049,428,214,2,286.83,20
1050,428,153,4,138.57,30
1051,428,23,2,452.66,0
1052,429,179,2,340.64,0
1053,429,110,3,268.68,0
1054,430,206,2,129.25,0
1055,430,62,5,586.3,15
1056,431,194,3,740.15,0
1057,432,154,3,671.21,15
1058,432,88,2,328.12,30
1059,433,40,3,205.12,5
1060,434,38,3,625.11,10
1061,434,154,2,768.96,0
1062,435,214,4,304.04,0
1063,435,47,4,588.52,0
1064,435,102,5,608.08,10
1065,436,186,3,99.21,0
1066,436,56,5,76.8,25
1067,437,199,1,686.76,20
1068,437,79,5,464.64,0
1069,437,235,5,364.96,0
1070,438,124,2,66.86,0
1071,438,131,2,429.89,25
1072,438,110,4,220.33,0
1073,438,58,1,194.96,0
1074,439,166,3,380.81,30
1075,439,215,1,401.03,5
1076,440,112,1,654.81,30
1077,440,203,3,598.07,30
1078,441,40,1,220.63,10
1079,441,215,1,405.75,10
1080,441,90,1,743.12,30
1081,442,87,-3,511.14,10
1082,443,90,5,603.06,0
1083,443,120,3,253.77,0
1084,443,84,5,651.86,0
1085,443,20,-1,495.18,5
1086,444,158,5,656.2,0
1087,444,245,4,622.81,20
1088,444,170,4,382.23,0
1089,445,60,1,528.73,0
1090,445,161,2,503.58,0
1091,446,201,2,372.76,0
1092,446,97,2,410.99,5
1093,447,52,5,396.67,5
1094,447,66,3,396.4,30
1095,448,188,4,281.83,15
1096,448,45,5,519.02,0
1097,448,88,3,246.05,0
1098,449,42,5,298.29,30
1099,449,96,4,238.66,0
1100,449,110,5,252.11,20
1101,450,83,4,273.16,0
1102,450,32,5,165.73,0
1103,451,71,5,287.64,5
1104,451,73,5,256.69,20
1105,451,112,5,687.95,10
1106,452,180,1,149.43,20
1107,452,22,5,19.25,0
1108,452,247,5,785.39,25
1109,452,101,3,567.86,150
1110,453,139,4,642.31,0
1111,454,67,2,281.12,5
1112,454,95,4,147.85,15
1113,454,250,3,461.61,0
1114,455,105,5,475.46,5
1115,455,80,3,331.41,30
1116,455,121,5,247.15,15
1117,455,32,1,136.05,15
1118,456,138,4,429.55,0
1119,456,224,5,792.48,0
1120,457,133,5,675.99,20
1121,457,223,4,265.44,30
1122,458,185,1,459.77,0
1123,459,154,5,664.44,0
1124,459,165,3,139.51,25
1125,459,135,4,403.87,5
1126,459,107,2,568.99,5
1127,460,55,3,505.45,20
1128,460,184,1,545.36,0
1129,460,95,4,138.17,0
1130,461,215,4,312.95,15
1131,461,227,4,513.87,20
1132,462,114,1,606.27,30
1133,462,155,4,249.01,25
1134,462,220,3,543.97,5
1135,462,215,3,368.7,15
1136,463,192,3,361.4,0
1137,463,201,4,298.86,30
1138,463,7,-2,351.76,25
1139,463,91,5,547.38,5
1140,464,82,2,452.14,5
1141,465,202,1,184.08,10
1142,466,96,5,219.41,10
1143,466,88,3,273.25,20
1144,466,88,2,359.65,0
1145,466,111,1,512.37,0
1146,467,219,1,122.22,5
1147,468,212,1,602.58,30
1148,468,189,3,426.53,0
1149,468,175,5,397.16,25
1150,469,103,3,141.86,25
1151,469,237,4,271.77,0
1152,469,119,4,542.23,20
1153,470,182,3,693.11,15
1154,470,154,1,736.39,0
1155,471,180,-2,158.38,0
1156,471,48,3,628.02,15
1157,472,175,5,308.45,0
1158,472,15,2,441.83,30
1159,472,9,3,152.25,5
1160,472,152,3,310.73,30
1161,473,117,3,581.81,0
1162,473,156,-1,583.96,0
1163,473,58,4,200.47,15
1164,474,106,4,451.04,0
1165,474,249,3,58.13,5
1166,474,91,2,661.46,20
1167,474,137,3,199.92,30
1168,475,164,1,93.87,15
1169,475,160,1,688.44,30
1170,475,227,1,566.66,30
1171,476,93,1,44.3,15
1172,476,46,2,43.06,0
1173,476,80,5,410.29,0
1174,477,246,3,14.98,5
1175,477,181,2,515.63,0
1176,478,148,2,289.3,0
1177,478,189,2,519.8,15
1178,478,232,1,496.52,10
1179,479,51,3,434.23,15
1180,480,244,2,353.34,0
1181,481,3,5,93.91,0
1182,481,158,4,868.25,30
1183,481,197,4,394.11,20
1184,482,84,3,651.39,30
1185,482,48,1,653.5,10
1186,482,15,1,453.55,0
1187,483,235,4,360.33,20
1188,484,5,5,534.97,0
1189,485,205,4,485.32,20
1190,485,237,1,276.05,25
1191,486,44,4,700.78,20
1192,486,8,3,72.46,0
1193,486,3,2,89.9,15
1194,486,195,4,616.79,5
1195,487,12,4,647.51,10
1196,488,189,2,378.47,0
1197,488,90,3,574.45,0
1198,488,132,1,593.92,0
1199,488,243,1,705.23,0
1200,489,45,2,634.22,20
1201,490,227,4,524.26,20
1202,490,156,1,765.56,0
1203,490,22,5,17.81,20
1204,491,53,4,447.4,15
1205,491,35,5,375.13,30
1206,491,114,4,651.61,5
1207,492,169,4,44.42,0
1208,492,6,1,625.52,5
1209,492,3,4,112.02,10
1210,492,115,1,427.88,0
1211,493,54,3,553.45,30
1212,494,187,2,413.45,10
1213,494,151,1,227.99,0
1214,494,60,2,480.88,15
1215,495,122,1,350.36,15
1216,495,33,4,182.99,30
1217,495,131,4,574.57,30
1218,495,106,3,553.47,0
1219,496,95,5,157.12,0
1220,496,43,1,116.26,0
1221,497,63,1,98.8,30
1222,497,110,3,227.72,20
1223,498,164,1,108.05,20
1224,498,206,4,110.54,10
1225,498,213,3,486.68,5
1226,498,52,4,294.21,15
1227,499,154,5,748.45,25
1228,499,182,3,651.54,0
1229,499,75,4,625.8,0
1230,500,195,1,613.22,25
1231,500,86,5,70.92,15
1232,500,92,4,55.52,0
1233,501,136,2,577.96,0
1234,501,13,2,440.94,30
1235,501,16,4,338.12,0
1236,501,189,4,413.76,0
1237,502,38,3,456.63,5
1238,502,170,4,338.45,30
1239,502,161,3,449.56,0
1240,503,71,2,270.37,10
1241,504,215,2,420.55,5
1242,505,103,4,174.62,15
1243,505,70,1,521.03,0
1244,505,11,4,665.33,10
1245,505,212,2,744.22,0
1246,506,102,3,796.47,0
1247,506,177,5,524.07,15
1248,507,206,1,108.36,0
1249,507,244,3,403.81,5
1250,508,173,3,363.99,30
1251,509,99,3,555.24,15
1252,509,165,3,119.99,0
1253,510,213,3,468.84,0
1254,511,117,3,628.38,10
1255,512,155,3,278.26,0
1256,512,71,2,352.75,5
1257,512,165,5,111.6,25
1258,513,98,5,216.4,25
1259,513,84,5,502.06,5
1260,513,79,4,437.17,25
1261,514,205,2,454.08,10
1262,514,220,4,663.85,5
1263,514,29,3,367.05,25
1264,514,14,1,63.22,15
1265,515,117,3,723.4,10
1266,515,19,3,280.74,25
1267,515,91,4,774.19,15
1268,515,27,3,281.64,25
1269,516,137,3,165.41,15
1270,516,221,3,538.94,15
1271,516,214,5,338.39,15
1272,516,154,4,655.31,30
1273,517,104,5,427.75,10
1274,517,31,4,288.45,5
1275,517,168,3,551.56,10
1276,517,27,5,285.23,25
1277,518,66,4,489.87,25
1278,519,250,5,353.41,15
1279,519,11,2,640.69,10
1280,520,10,1,382.04,20
1281,520,20,5,456.7,0
1282,520,113,4,405.59,10
1283,520,126,5,647.53,30
1284,521,102,2,790.66,15
1285,522,171,5,392.87,20
1286,522,91,4,788.83,5
1287,523,181,4,499.9,0
1288,523,35,2,428.08,0
1289,523,60,1,583.66,0
1290,524,13,3,447.45,10
1291,524,59,2,528.67,20
1292,525,244,5,461.55,5
1293,526,171,4,316.12,5
1294,527,216,2,327.54,0
1295,527,250,2,439.64,20
1296,527,187,5,454.87,0
1297,527,130,5,790.15,0
1298,528,173,2,310.25,0
1299,528,161,3,474.14,20
1300,529,150,5,203.72,0
1301,530,101,3,681.48,10
1302,530,70,3,512.56,0
1303,530,210,3,547.04,0
1304,531,22,4,14.97,0
1305,531,37,5,497.47,30
1306,531,152,4,242.67,0
1307,532,221,1,627.42,0
1308,532,243,5,581.47,5
1309,532,250,1,317.75,25
1310,533,234,-2,156.09,25
1311,533,102,4,795.09,0
1312,534,108,4,578.12,30
1313,535,97,5,363.49,25
1314,535,124,1,68.2,0
1315,535,128,3,453.91,30
1316,535,13,1,456.59,5
1317,536,100,3,576.63,10
1318,536,120,5,286.08,20
1319,537,156,4,692.18,10
1320,537,146,5,275.8,25
1321,538,77,1,89.89,25
1322,538,32,3,150.93,0
1323,539,149,1,125.23,0
1324,539,86,1,93.19,20
1325,540,244,1,372.03,0
1326,540,189,1,520.77,30
1327,540,203,1,589.36,5
1328,541,140,5,371.91,5
1329,541,160,1,647.24,25
1330,541,206,1,100.77,15
1331,542,147,3,370.51,0
1332,542,78,1,237.16,30
1333,542,23,3,452.2,25
1334,542,4,3,259.0,25
1335,543,21,1,439.4,15
1336,543,116,5,69.68,0
1337,543,239,1,534.7,20
1338,543,208,5,472.59,5
1339,544,144,5,75.84,20
1340,544,222,-1,130.46,10
1341,544,84,5,641.31,25
1342,544,172,1,397.56,25
1343,545,59,3,483.8,20
1344,546,86,4,92.88,10
1345,546,88,1,257.68,10
1346,546,220,3,468.1,25
1347,546,56,5,78.67,15
1348,547,217,4,275.65,15
1349,547,184,4,702.11,0
1350,547,14,5,58.95,10
1351,548,75,3,563.21,25
1352,548,145,2,638.5,5
1353,548,87,1,479.8,0
1354,549,245,5,769.11,20
1355,549,112,5,673.58,0
1356,549,245,4,758.99,30
1357,550,201,1,339.93,25
1358,550,228,5,101.61,0
1359,550,53,4,564.83,5
1360,550,151,4,183.63,0
1361,551,195,3,647.36,30
1362,551,45,1,497.02,0
1363,551,42,2,223.84,0
1364,551,151,3,246.31,0
1365,552,214,4,347.28,10
1366,553,103,2,152.71,25
1367,554,83,5,291.81,0
1368,554,63,1,103.34,20
1369,554,68,5,610.88,30
1370,554,243,1,656.07,30
1371,555,43,3,101.08,30
1372,555,83,4,236.05,10
1373,555,94,1,225.94,20
1374,556,140,2,399.6,0
1375,556,64,4,526.81,0
1376,556,184,5,705.46,20
1377,556,244,5,443.97,30
1378,557,41,5,216.35,0
1379,557,41,5,207.89,20
1380,557,210,5,498.89,10
1381,557,3,2,85.66,30
1382,558,5,1,603.91,25
1383,559,39,2,660.27,0
1384,560,93,3,36.26,10
1385,560,159,1,407.26,10
1386,560,34,3,596.82,0
1387,560,92,5,43.38,10
1388,561,59,4,623.33,30
1389,562,75,2,576.13,15
1390,562,127,2,244.74,5
1391,562,182,4,701.1,0
1392,563,115,2,438.97,20
1393,563,69,5,703.5,0
1394,563,118,3,9.08,0
1395,564,156,4,769.48,0
1396,564,90,2,570.39,30
1397,564,186,2,97.36,0
1398,564,116,3,68.1,5
1399,565,130,1,596.35,15
1400,565,208,4,449.94,25
1401,565,154,1,616.43,25
1402,566,78,1,312.34,10
1403,566,77,4,108.05,20
1404,566,34,1,487.06,30
1405,566,18,5,467.35,25
1406,567,195,4,845.66,25
1407,567,226,3,600.63,10
1408,568,221,4,579.08,0
1409,568,222,4,116.23,20
1410,568,218,5,226.3,0
1411,569,196,3,352.84,0
1412,570,76,4,352.28,0
1413,570,146,5,310.24,15
1414,571,107,2,563.89,0
1415,571,67,1,284.51,5
1416,571,195,3,602.87,0
1417,571,174,4,63.9,0
1418,572,210,3,515.22,10
1419,572,222,5,113.88,0
1420,573,134,5,512.37,5
1421,574,115,2,412.93,30
1422,574,214,3,340.67,20
1423,574,124,1,70.7,5
1424,575,203,4,561.52,0
1425,576,187,4,511.66,0
1426,576,37,1,629.74,0
1427,576,216,1,339.8,10
1428,576,116,2,59.99,15
1429,577,183,2,619.12,0
1430,578,154,1,610.38,25
1431,578,208,5,606.25,5
1432,578,60,4,559.29,10
1433,578,55,5,526.69,15
1434,579,143,3,310.11,5
1435,579,212,2,624.86,25
1436,579,88,2,273.78,5
1437,579,26,2,210.6,25
1438,580,163,3,641.72,25
1439,581,59,3,510.11,20
1440,581,64,3,514.73,0
1441,582,94,3,285.43,25
1442,583,163,1,748.49,0
1443,583,210,3,634.4,20
1444,583,21,2,398.91,15
1445,584,83,1,234.47,30
1446,584,24,3,561.21,15
1447,585,187,5,494.95,0
1448,585,224,3,691.57,15
1449,586,229,4,719.64,0
1450,587,72,1,332.57,20
1451,587,106,1,416.68,30
1452,588,61,1,114.47,0
1453,588,241,1,488.29,0
1454,588,144,5,89.3,20
1455,588,118,3,13.02,5
1456,589,7,5,452.35,0
1457,589,21,4,448.55,0
1458,589,154,5,611.85,30
1459,589,153,3,132.68,20
1460,590,241,5,528.31,30
1461,590,138,1,505.36,15
1462,590,239,3,514.34,20
1463,590,103,5,161.29,20
1464,591,4,2,219.02,0
1465,592,173,3,389.01,5
1466,593,108,4,495.86,0
1467,593,57,4,295.52,30
1468,593,150,5,215.14,10
1469,594,156,4,657.82,0
1470,594,124,1,57.41,20
1471,594,186,3,86.52,30
1472,595,229,4,515.71,20
1473,595,172,3,364.76,5
1474,595,64,1,533.81,25
1475,595,239,1,425.31,30
1476,596,110,2,209.41,25
1477,596,124,1,70.88,0
1478,596,177,1,622.41,0
1479,597,96,4,208.87,0
1480,598,68,2,722.27,10
1481,598,7,3,412.79,0
1482,599,171,5,395.01,25
1483,600,61,4,124.58,20
1484,600,55,3,387.08,5
1485,600,16,5,241.8,5
1486,600,158,2,667.79,25
1487,601,28,5,567.73,20
1488,601,70,4,520.28,25
1489,601,92,5,41.95,0
1490,602,116,4,66.57,0
1491,602,10,3,383.3,20
1492,603,219,1,116.04,0
1493,603,133,1,654.8,0
1494,603,218,5,257.85,0
1495,603,106,1,469.09,0
1496,604,149,5,111.39,10
1497,604,158,5,588.61,5
1498,605,36,5,665.2,30
1499,605,220,3,654.73,0
1500,605,205,5,527.3,30
1501,606,49,2,156.26,5
1502,606,77,2,99.85,0
1503,606,9,4,177.79,0
1504,606,202,2,192.16,20
1505,607,7,1,351.53,0
1506,608,188,4,320.29,0
1507,608,186,5,88.97,5
1508,609,57,3,326.1,0
1509,610,242,5,210.6,10
1510,611,236,2,90.85,0
1511,611,151,3,224.4,0
1512,611,107,3,530.47,20
1513,612,170,4,366.74,0
1514,612,27,3,286.63,20
1515,612,122,2,336.14,25
1516,613,117,1,689.71,25
1517,614,1,2,252.67,0
1518,614,101,5,629.07,0
1519,614,104,-1,620.07,20
1520,614,43,4,103.84,0
1521,615,90,4,684.62,0
1522,616,165,4,111.4,0
1523,616,102,-3,554.76,10
1524,616,244,4,431.84,30
1525,616,163,5,658.22,30
1526,617,120,2,250.44,0
1527,618,236,-4,125.96,0
1528,619,168,5,490.88,5
1529,619,209,1,464.07,0
1530,620,114,4,503.19,0
1531,621,44,3,772.58,0
1532,622,86,4,90.86,5
1533,622,171,3,410.17,20
1534,622,237,2,304.16,0
1535,623,210,2,522.03,0
1536,624,80,5,424.02,20
1537,625,55,1,522.85,25
1538,625,117,4,565.64,10
1539,625,178,3,568.11,0
1540,626,203,5,711.02,30
1541,626,85,2,376.61,0
1542,627,142,1,220.5,0
1543,627,246,5,13.26,0
1544,627,124,4,73.99,0
1545,627,94,1,228.93,5
1546,628,156,1,548.56,15
1547,628,179,5,467.77,15
1548,628,101,2,527.07,30
1549,628,115,3,297.12,15
1550,629,217,5,346.01,10
1551,630,179,1,472.51,20
1552,630,192,2,379.54,0
1553,630,219,-3,107.91,0
1554,630,14,1,47.63,0
1555,631,22,4,19.06,0
1556,632,50,3,713.89,30
1557,632,243,-2,585.18,30
1558,632,168,5,546.95,20
1559,632,160,5,503.13,25
1560,633,19,3,205.31,25
1561,633,242,2,219.53,20
1562,634,249,4,61.13,0
1563,634,19,5,276.1,0
1564,634,55,5,528.87,20
1565,635,124,2,60.47,0
1566,636,196,4,266.12,20
1567,636,82,5,478.19,20
1568,636,112,2,643.84,0
1569,637,169,3,32.72,30
1570,637,228,4,109.01,0
1571,638,119,5,512.49,15
1572,638,43,3,125.65,20
1573,639,78,3,310.93,5
1574,639,192,5,386.39,0
1575,639,227,3,447.87,5
1576,640,66,-5,363.31,30
1577,640,22,3,19.21,0
1578,640,233,2,439.03,30
1579,640,157,3,583.38,0
1580,641,245,2,684.58,0
1581,641,227,4,576.62,0
1582,641,49,3,133.3,0
1583,642,89,5,619.87,25
1584,642,59,5,591.55,15
1585,642,219,3,105.08,0
1586,643,69,1,688.27,5
1587,643,247,1,831.99,30
1588,643,247,4,670.5,0
1589,643,94,3,285.51,0
1590,644,204,1,74.14,5
1591,645,148,3,348.1,30
1592,645,120,2,276.7,0
1593,646,22,4,14.69,20
1594,646,196,5,367.12,110
1595,647,17,1,160.06,0
1596,648,213,4,505.31,0
1597,648,179,2,404.28,15
1598,648,160,3,669.95,0
1599,649,5,1,768.33,0
1600,650,182,4,564.46,5
1601,650,4,1,195.22,0
1602,650,83,5,214.07,5
1603,651,225,3,215.57,25
1604,651,53,4,565.89,0
1605,652,222,4,127.47,5
1606,653,157,5,678.15,10
1607,653,53,3,628.28,10
1608,653,5,4,620.89,150
1609,653,75,3,587.47,0
1610,654,126,2,612.96,20
1611,655,133,2,511.71,0
1612,655,82,5,462.61,20
1613,656,26,2,202.14,0
1614,656,96,2,197.58,0
1615,656,142,3,263.84,30
1616,656,117,3,670.04,10
1617,657,128,2,633.11,5
1618,657,12,1,606.26,15
1619,657,210,5,548.83,0
1620,658,103,1,119.29,10
1621,658,5,1,771.55,15
1622,659,181,4,545.8,30
1623,660,212,2,721.95,5
1624,660,180,3,165.18,15
1625,660,47,3,444.7,25
1626,661,154,1,742.4,5
1627,661,152,-2,306.29,10
1628,661,120,2,300.17,10
1629,661,223,1,347.08,0
1630,662,248,4,382.66,0
1631,662,28,2,670.32,5
1632,662,182,4,668.6,30
1633,663,111,1,460.32,30
1634,663,228,5,104.1,0
1635,663,236,4,108.7,0
1636,663,188,5,392.47,25
1637,664,120,3,262.01,0
1638,664,220,2,652.71,25
1639,665,226,5,617.49,30
1640,665,132,1,493.44,10
1641,665,249,4,67.94,0
1642,666,166,2,351.57,10
1643,667,201,4,303.75,10
1644,667,80,1,368.92,0
1645,667,35,3,403.01,5
1646,668,213,5,445.06,20
1647,668,205,2,484.18,30
1648,668,157,5,715.17,25
1649,668,181,4,550.46,15
1650,669,237,3,346.94,30
1651,669,123,2,194.7,0
1652,670,15,1,562.21,25
1653,670,100,2,424.41,0
1654,671,126,2,638.59,0
1655,672,184,3,658.82,5
1656,672,105,5,429.66,30
1657,673,187,1,402.66,0
1658,674,81,4,499.03,15
1659,674,73,2,245.77,0
1660,674,248,3,321.77,0
1661,674,203,1,676.36,15
1662,675,178,1,478.1,0
1663,675,106,3,412.66,20
1664,675,68,3,796.06,25
1665,676,197,5,368.08,0
1666,677,123,1,206.32,15
1667,677,189,2,427.61,0
1668,678,168,1,536.32,10
1669,678,143,2,310.23,10
1670,679,208,5,622.44,0
1671,679,55,-4,520.22,25
1672,679,138,3,481.68,5
1673,680,125,2,715.97,0
1674,680,211,1,95.56,5
1675,681,185,2,430.76,20
1676,681,145,2,461.64,25
1677,681,87,4,566.14,0
1678,681,241,1,686.81,0
1679,682,45,2,463.22,5
1680,683,118,4,11.02,0
1681,684,142,2,238.1,5
1682,685,190,5,95.21,0
1683,686,58,1,145.85,20
1684,686,15,2,543.76,30
1685,686,119,3,484.97,0
1686,687,126,5,696.51,0
1687,687,239,4,425.06,0
1688,687,133,1,722.92,0
1689,688,231,4,606.03,15
1690,689,36,3,737.0,0
1691,689,107,1,747.05,10
1692,689,178,3,512.45,25
1693,690,178,4,438.92,30
1694,690,114,5,478.58,15
1695,690,118,1,12.56,0
1696,690,158,5,727.62,0
1697,691,103,5,147.47,0
1698,691,176,4,84.07,25
1699,692,51,1,553.19,20
1700,692,100,4,553.06,0
1701,692,20,4,499.37,25
1702,693,163,4,515.39,5
1703,693,226,3,474.61,15
1704,693,96,3,244.46,20
1705,694,148,5,305.82,10
1706,695,1,1,284.36,30
1707,695,176,1,74.2,0
1708,695,167,1,229.31,10
1709,695,58,5,160.26,25
1710,696,180,3,152.63,0
1711,696,18,5,448.85,0
1712,696,14,4,66.81,15
1713,696,46,1,39.11,10
1714,697,176,2,85.4,0
1715,697,4,2,264.13,25
1716,698,69,3,679.61,20
1717,698,222,4,134.43,10
1718,698,43,4,100.41,10
1719,698,43,1,87.99,0
1720,699,113,3,338.04,5
1721,699,240,5,427.54,25
1722,700,190,5,94.37,30
1723,700,174,1,79.48,15
1724,700,197,4,355.86,0
1725,700,134,4,519.69,0
1726,701,132,3,423.8,0
1727,702,173,3,343.34,0
1728,703,54,3,518.61,15
1729,703,113,1,403.66,0
1730,703,247,5,585.55,0
1731,703,65,4,580.79,30
1732,704,153,2,133.6,15
1733,704,106,2,413.49,25
1734,704,51,-5,511.71,0
1735,705,169,3,42.91,25
1736,705,35,3,339.33,0
1737,706,236,1,121.59,0
1738,706,219,3,112.41,10
1739,706,139,3,536.84,10
1740,706,64,1,535.52,30
1741,707,204,1,105.98,0
1742,707,128,1,493.79,15
1743,707,160,2,694.68,20
1744,707,129,5,488.87,30
1745,708,85,3,290.81,25
1746,708,248,-3,312.9,0
1747,708,149,2,156.64,0
1748,708,247,2,740.79,15
1749,709,179,3,429.5,5
1750,710,29,3,336.92,30
1751,711,123,4,200.69,15
1752,711,236,3,125.74,20
1753,711,34,2,560.86,0
1754,712,8,3,76.13,30
1755,712,81,1,674.56,0
1756,712,116,3,63.16,0
1757,712,113,2,436.64,25
1758,713,163,3,661.35,15
1759,713,221,1,518.35,0
1760,713,179,5,335.15,30
1761,713,139,1,649.45,20
1762,714,89,5,611.64,20
1763,714,91,3,640.12,0
1764,714,219,5,103.94,0
1765,715,235,5,356.06,0
1766,715,81,5,644.19,30
1767,716,138,2,462.41,30
1768,716,115,3,425.06,5
1769,717,215,5,394.05,25
1770,717,188,2,381.07,0
1771,718,223,4,314.71,10
1772,718,114,4,699.73,0
1773,719,48,5,621.69,20
1774,719,185,1,363.17,25
1775,719,58,4,203.93,0
1776,720,211,3,88.07,15
1777,720,88,2,351.97,0
1778,721,128,1,558.97,15
1779,721,136,5,524.05,0
1780,721,199,2,571.68,15
1781,721,208,1,518.39,0
1782,722,196,2,342.88,15
1783,723,134,2,588.74,25
1784,723,118,3,11.99,20
1785,723,143,1,292.1,20
1786,723,222,4,111.79,20
1787,724,98,3,203.06,10
1788,724,238,4,78.01,5
1789,724,183,1,461.69,0
1790,725,91,-4,666.87,20
1791,725,62,3,755.83,10
1792,725,108,4,494.09,30
1793,726,16,1,248.68,5
1794,726,8,2,77.18,30
1795,727,37,2,615.04,30
1796,727,83,5,303.63,0
1797,727,173,1,293.99,5
1798,727,72,2,391.65,25
1799,728,126,4,551.46,15
1800,728,94,5,252.59,10
1801,728,127,3,267.46,15
1802,728,7,3,448.95,5
1803,729,35,1,433.01,10
1804,729,225,3,220.99,30
1805,729,89,3,686.15,15
1806,729,239,4,408.5,30
1807,730,199,4,640.64,0
1808,730,157,2,747.42,15
1809,731,82,2,352.76,0
1810,731,99,3,703.47,0
1811,731,199,3,591.33,5
1812,732,175,2,393.24,0
1813,732,189,-3,531.94,0
1814,732,198,3,394.99,0
1815,733,46,1,54.38,0
1816,734,91,3,652.01,0
1817,734,73,4,274.07,10
1818,735,232,3,487.62,0
1819,735,153,1,125.46,10
1820,736,68,3,759.21,5
1821,736,197,4,457.63,25
1822,737,23,2,384.37,0
1823,737,30,2,205.1,5
1824,737,58,3,146.9,10
1825,737,42,5,262.58,30
1826,738,149,4,124.63,15
1827,739,212,5,640.13,0
1828,740,172,3,310.12,30
1829,741,25,2,128.57,20
1830,741,161,1,427.94,0
1831,742,3,2,109.57,0
1832,743,75,1,428.84,5
1833,743,6,2,599.22,10
1834,743,111,4,348.2,30
1835,743,101,4,536.84,0
1836,744,39,4,500.11,5
1837,744,7,4,440.29,30
1838,744,24,1,523.3,25
1839,744,249,2,53.58,20
1840,745,16,-4,289.15,15
1841,745,72,5,331.6,20
1842,746,221,2,682.47,25
1843,746,127,3,240.89,0
1844,747,222,3,142.48,30
1845,747,64,3,398.17,0
1846,747,104,5,489.12,10
1847,747,179,5,422.89,0
1848,748,154,5,777.97,0
1849,748,228,5,96.19,0
1850,748,141,3,519.91,0
1851,749,229,4,632.33,5
1852,750,200,4,224.71,30
1853,750,141,2,478.41,5
1854,751,137,3,143.26,20
1855,751,94,4,243.94,10
1856,752,242,1,199.83,25
1857,752,34,2,423.27,15
1858,752,44,4,680.87,0
1859,752,132,5,473.95,10
1860,753,95,5,138.15,10
1861,754,229,4,507.72,0
1862,754,99,2,742.25,0
1863,754,156,1,559.16,15
1864,754,162,3,316.52,0
1865,755,98,3,195.11,5
1866,755,23,1,525.58,10
1867,756,72,5,412.93,20
1868,756,8,1,57.55,0
1869,756,106,2,516.14,0
1870,757,205,3,458.22,0
1871,757,187,4,546.0,5
1872,757,136,3,496.32,0
1873,757,84,-4,618.64,5
1874,758,105,3,446.52,0
1875,759,206,3,116.67,0
1876,759,209,3,392.29,5
1877,759,247,4,704.29,20
1878,759,125,3,869.87,15
1879,760,79,5,552.94,10
1880,761,110,3,231.4,0
1881,761,193,3,117.68,0
1882,761,44,1,661.15,0
1883,761,115,3,325.0,10
1884,762,150,3,178.75,20
1885,762,142,2,200.25,30
1886,762,184,1,508.06,25
1887,763,33,5,184.75,15
1888,764,189,1,486.86,10
1889,765,179,3,486.0,5
1890,766,199,5,499.12,5
1891,766,173,4,369.49,20
1892,766,147,1,500.13,0
1893,767,227,3,492.22,25
1894,767,22,5,15.83,0
1895,767,222,4,146.14,30
1896,767,72,1,286.11,0
1897,768,31,4,215.67,20
1898,768,21,5,456.45,5
1899,768,148,3,288.62,10
1900,768,126,5,563.48,15
1901,769,62,4,704.91,30
1902,769,249,-4,71.97,25
1903,770,162,2,299.42,0
1904,771,141,2,524.04,0
1905,772,106,2,532.63,15
1906,772,216,2,305.17,15
1907,772,105,5,384.02,0
1908,772,1,2,274.48,25
1909,773,115,2,301.7,0
1910,774,236,4,118.19,5
1911,774,128,1,592.0,30
1912,774,130,2,626.64,20
1913,774,78,4,294.36,0
1914,775,16,3,340.19,10
1915,775,102,2,630.78,20
1916,775,71,5,281.37,30
1917,776,128,-3,523.52,0
1918,776,86,2,88.17,20
1919,776,102,2,711.05,0
1920,777,170,3,384.25,15
1921,777,58,5,161.46,0
1922,777,119,3,546.28,0
1923,777,59,4,507.54,0
1924,778,120,4,298.68,0
1925,778,143,5,253.27,0
1926,778,205,2,417.68,20
1927,779,50,4,595.23,10
1928,779,137,4,209.08,30
1929,780,230,2,195.26,0
1930,780,193,1,112.57,5
1931,781,2,5,395.14,5
1932,782,53,1,602.99,5
1933,783,175,5,292.19,30
1934,783,72,1,326.71,25
1935,784,69,4,632.47,30
1936,785,193,1,128.09,20
1937,785,99,4,646.31,15
1938,785,187,2,521.35,25
1939,786,119,2,519.94,0
1940,786,183,4,454.73,20
1941,787,158,2,637.96,30
1942,787,206,2,111.43,25
1943,787,174,2,73.22,0
1944,788,61,5,107.01,20
1945,789,200,1,169.96,0
1946,789,112,5,814.58,0
1947,789,118,3,10.06,25
1948,790,213,5,485.43,0
1949,790,92,1,54.43,0
1950,790,86,2,69.69,20
1951,791,84,4,512.85,25
1952,792,59,3,564.4,10
1953,792,143,3,295.03,10
1954,792,112,3,786.76,25
1955,792,126,1,564.57,0
1956,793,189,4,498.99,20
1957,793,57,2,386.8,20
1958,794,53,2,597.88,5
1959,794,130,5,676.49,0
1960,794,101,1,459.04,0
1961,794,78,4,295.28,0
1962,795,250,2,441.04,10
1963,795,115,5,408.86,5
1964,796,158,3,683.95,20
1965,796,202,1,255.07,25
1966,796,107,3,607.68,30
1967,797,90,2,756.78,20
1968,797,148,3,333.0,5
1969,797,248,4,337.78,0
1970,798,34,-5,519.32,15
1971,798,89,1,680.63,25
1972,798,229,4,565.28,30
1973,799,114,3,543.03,20
1974,799,159,1,421.89,15
1975,800,12,5,549.37,20
1976,800,206,2,112.99,5
1977,801,92,4,44.98,0
1978,801,48,3,709.5,5
1979,802,2,1,391.71,10
1980,803,98,3,188.93,0
1981,803,104,3,472.79,0
1982,803,226,1,454.47,0
1983,804,194,5,581.58,20
1984,805,142,5,250.64,0
1985,805,232,1,597.41,10
1986,805,134,2,588.41,0
1987,806,183,-4,575.47,5
1988,806,81,1,624.87,15
1989,806,124,-5,55.62,0
1990,806,220,3,525.63,0
1991,807,234,1,155.15,0
1992,808,49,3,167.11,15
1993,809,172,5,393.49,20
1994,810,129,4,472.29,0
1995,811,157,5,838.03,0
1996,811,243,5,829.19,15
1997,811,236,1,126.82,0
1998,812,54,1,668.33,10
1999,812,42,1,297.05,10
2000,813,242,2,220.49,0
2001,814,127,5,270.04,0
2002,814,66,4,456.02,0
2003,814,230,2,206.53,0
2004,814,167,1,243.05,15
2005,815,82,1,408.81,0
2006,815,13,1,486.61,0
2007,815,34,2,594.54,5
2008,815,47,5,505.44,30
2009,816,16,2,289.71,10
2010,816,88,5,316.57,30
2011,817,217,5,243.22,0
2012,818,221,3,640.22,15
2013,818,17,1,130.94,20
2014,818,32,3,142.22,30
2015,818,65,4,543.38,30
2016,819,233,1,386.38,30
2017,819,70,3,522.76,15
2018,819,104,3,420.89,30
2019,819,212,4,530.49,20
2020,820,176,5,80.93,15
2021,820,11,2,632.78,10
2022,821,171,1,403.5,15
2023,821,221,4,753.11,0
2024,822,173,5,402.47,20
2025,822,155,5,208.7,5
2026,823,241,3,672.83,30
2027,823,103,3,124.15,20
2028,823,82,1,423.92,20
2029,823,207,4,420.22,20
2030,824,112,2,568.51,30
2031,824,207,5,505.3,20
2032,824,12,3,464.81,25
2033,824,211,1,106.38,15
2034,825,244,1,365.22,0
2035,825,71,2,293.42,15
2036,825,100,1,573.83,30
2037,825,80,1,421.26,0
2038,826,87,1,586.48,5
2039,827,49,5,155.96,20
2040,828,74,2,7.19,0
2041,828,22,5,19.5,10
2042,829,186,3,75.47,0
2043,829,8,5,80.43,25
2044,830,178,2,566.92,25
2045,830,124,5,65.73,10
2046,830,39,1,471.03,30
2047,831,56,5,68.95,30
2048,832,168,1,398.86,20
2049,833,42,3,298.22,30
2050,833,194,2,729.15,15
2051,833,116,3,71.23,20
2052,834,129,5,489.68,25
2053,834,39,3,519.99,0
2054,834,52,1,328.95,30
2055,835,142,1,182.03,10
2056,835,59,5,555.15,25
2057,836,113,4,353.52,20
2058,836,137,5,151.18,10
2059,836,179,4,470.49,0
2060,837,81,2,501.77,20
2061,837,155,3,219.11,0
2062,837,25,1,139.86,10
2063,837,241,3,490.42,0
2064,838,21,3,350.25,20
2065,838,91,3,712.43,5
2066,838,153,4,168.06,0
2067,838,93,2,35.14,25
2068,839,216,1,362.24,0
2069,839,203,2,681.75,25
2070,839,183,3,538.93,20
2071,839,188,5,350.08,25
2072,840,243,2,759.76,0
2073,841,56,2,67.96,25
2074,841,150,2,234.68,0
2075,841,59,3,624.03,0
2076,842,4,2,202.29,10
2077,842,225,5,209.34,20
2078,842,80,4,398.52,25
2079,842,104,3,499.03,0
2080,843,97,2,502.14,30
2081,843,31,2,297.68,30
2082,843,149,2,148.15,30
2083,843,246,4,15.01,10
2084,844,110,2,203.14,5
2085,844,233,3,422.62,20
2086,845,231,4,635.43,10
2087,846,25,3,114.85,10
2088,846,88,3,306.96,30
2089,847,221,3,703.23,10
2090,847,8,2,82.31,0
2091,847,182,5,535.31,5
2092,848,161,1,526.24,20
2093,848,149,3,123.04,30
2094,848,182,3,628.98,5
2095,849,236,4,91.66,20
2096,849,128,4,460.24,30
2097,850,94,3,248.7,20
2098,850,214,1,338.43,0
2099,850,57,-5,400.0,30
2100,850,205,4,406.98,0
2101,851,174,4,77.04,0
2102,852,21,1,342.04,30
2103,853,73,2,204.58,10
2104,853,41,3,204.38,0
2105,853,222,4,133.34,20
2106,854,212,-5,612.25,0
2107,854,232,5,561.73,0
2108,854,157,4,835.39,5
2109,855,10,4,465.08,0
2110,855,118,3,9.87,0
2111,856,146,2,348.06,15
2112,856,121,3,183.62,25
2113,856,41,4,205.13,0
2114,856,86,5,73.61,25
2115,857,161,-4,501.03,20
2116,857,105,5,417.47,30
2117,858,9,5,193.12,25
2118,859,129,4,461.7,10
2119,859,243,2,755.92,20
2120,859,227,2,528.3,0
2121,860,169,3,36.39,10
2122,860,133,4,624.3,10
2123,860,163,4,565.57,15
2124,860,161,2,501.16,25
2125,861,166,2,357.19,15
2126,861,127,1,247.93,10
2127,861,192,4,370.88,5
2128,862,86,2,91.76,15
2129,862,222,4,143.89,15
2130,862,56,5,60.83,20
2131,863,185,2,422.09,20
2132,863,190,3,92.59,0
2133,864,54,3,488.37,0
2134,864,99,3,564.41,15
2135,864,206,2,118.61,30
2136,864,137,5,174.16,5
2137,865,120,4,283.92,20
2138,865,191,2,257.76,0
2139,865,51,5,544.8,10
2140,865,153,1,129.04,10
2141,866,14,1,68.27,25
2142,867,206,5,109.74,20
2143,867,133,4,577.8,25
2144,867,51,1,578.31,10
2145,867,228,3,96.04,25
2146,868,219,3,95.4,0
2147,868,48,1,694.48,30
2148,869,194,4,642.06,30
2149,869,31,5,305.57,20
2150,869,221,1,557.5,25
2151,869,94,5,251.63,10
2152,870,180,2,194.12,5
2153,871,3,5,89.49,0
2154,871,17,4,168.7,15
2155,871,8,3,80.75,0
2156,871,136,5,490.37,10
2157,872,132,1,611.3,30
2158,872,90,4,677.34,15
2159,872,177,3,651.91,0
2160,873,158,1,581.73,30
2161,874,203,4,689.52,10
2162,874,243,4,583.77,15
2163,875,243,3,633.78,30
2164,875,147,5,484.67,5
2165,875,249,4,69.27,15
2166,876,40,5,200.29,0
2167,876,41,1,163.52,20
2168,876,57,5,291.42,0
2169,877,218,3,290.73,0
2170,877,8,5,69.91,15
2171,877,204,2,104.58,5
2172,878,31,5,222.93,0
2173,879,2,2,314.16,30
2174,879,10,4,496.4,0
2175,879,15,1,431.77,0
2176,880,233,3,544.18,25
2177,881,114,4,658.41,5
2178,881,135,2,499.92,15
2179,881,84,1,487.61,0
2180,882,38,2,614.11,0
2181,882,71,5,383.99,0
2182,882,48,3,722.22,20
2183,882,201,1,337.0,15
2184,883,14,1,69.69,15
2185,883,68,4,743.13,15
2186,884,132,5,525.94,15
2187,884,131,3,535.62,10
2188,884,235,4,311.88,20
2189,885,89,5,649.25,5
2190,885,86,1,79.99,30
2191,885,35,4,450.05,15
2192,886,161,4,445.41,0
2193,886,226,2,591.14,25
2194,886,74,2,7.39,25
2195,886,5,3,647.89,15
2196,887,141,5,499.89,20
2197,887,68,1,792.0,0
2198,887,145,4,535.68,25
2199,888,94,3,250.46,0
2200,888,111,5,420.14,0
2201,888,32,2,164.53,25
2202,889,207,3,354.38,0
2203,889,52,4,321.79,0
2204,890,246,5,13.99,10
2205,890,160,3,726.87,0
2206,890,109,2,374.71,25
2207,891,107,5,665.02,15
2208,891,78,5,346.23,30
2209,891,184,2,498.27,0
2210,891,85,5,339.93,0
2211,892,150,4,182.63,0
2212,892,158,2,776.16,20
2213,892,148,5,347.13,30
2214,892,174,1,55.47,15
2215,893,153,1,124.93,5
2216,893,42,1,241.3,5
2217,894,182,5,587.85,25
2218,894,48,2,731.99,25
2219,895,144,2,85.02,10
2220,896,134,4,474.71,20
2221,896,192,2,423.44,30
2222,896,132,2,555.79,20
2223,896,124,4,57.78,0
2224,897,197,2,457.39,20
2225,897,114,3,619.57,30
2226,898,70,2,562.55,30
2227,898,23,3,405.53,5
2228,898,146,3,354.94,15
2229,899,104,2,483.54,10
2230,899,40,5,217.09,30
2231,899,207,5,408.03,20
2232,899,207,1,432.82,30
2233,900,148,2,326.67,0
2234,900,144,2,83.63,5
2235,901,125,3,804.22,20
2236,901,17,4,134.78,10
2237,902,127,1,285.84,15
2238,902,99,3,683.49,25
2239,902,167,3,307.36,25
2240,903,14,3,68.5,0
2241,904,167,3,264.29,10
2242,904,107,2,772.77,15
2243,904,66,3,531.62,10
2244,904,46,3,39.7,30
2245,905,117,3,687.11,5
2246,905,162,5,359.03,15
2247,905,169,3,30.35,0
2248,906,226,3,622.62,0
2249,906,49,2,167.06,30
2250,906,122,4,458.55,5
2251,907,172,1,362.45,0
2252,907,141,4,369.92,30
2253,907,20,4,508.04,15
2254,907,155,3,208.29,10
2255,908,93,1,41.31,0
2256,908,181,5,431.26,0
2257,908,206,3,99.2,30
2258,908,12,1,505.76,25
2259,909,32,4,131.33,0
2260,909,36,5,567.07,10
2261,909,240,4,338.4,25
2262,910,12,1,499.48,25
2263,910,205,4,369.65,15
2264,911,45,4,504.79,20
2265,912,131,2,421.1,15
2266,912,39,2,543.89,5
2267,912,229,1,607.04,15
2268,913,228,4,122.46,0
2269,914,82,1,404.21,0
2270,915,218,5,233.72,0
2271,916,205,5,495.18,5
2272,916,222,5,115.95,15
2273,916,223,3,371.38,0
2274,917,49,1,123.05,5
2275,917,70,3,469.25,30
2276,917,161,3,522.52,0
2277,918,78,1,239.68,10
2278,919,200,1,189.19,5
2279,920,186,4,80.44,5
2280,920,124,3,68.7,5
2281,920,223,5,265.59,10
2282,921,60,4,510.72,0
2283,921,119,3,398.92,0
2284,921,88,5,329.2,5
2285,922,24,5,483.2,30
2286,922,97,3,441.59,0
2287,922,190,5,82.03,0
2288,922,176,3,72.56,0
2289,923,64,1,495.75,5
2290,923,97,-4,387.75,10
2291,924,99,3,597.98,15
2292,925,147,3,367.99,25
2293,925,98,1,223.01,20
2294,925,4,3,218.12,0
2295,926,106,2,395.58,20
2296,926,210,1,698.71,30
2297,927,190,5,77.65,5
2298,928,151,5,222.78,0
2299,929,168,1,488.28,0
2300,930,171,1,334.07,30
2301,930,211,4,98.73,0
2302,930,151,4,207.21,0
2303,930,86,5,77.39,10
2304,931,116,3,52.78,15
2305,931,205,1,453.95,0
2306,931,91,1,753.87,15
2307,931,220,5,670.69,25
2308,932,91,4,538.01,20
2309,932,69,5,738.85,25
2310,933,142,1,191.51,25
2311,934,242,4,219.63,5
2312,934,158,3,847.61,10
2313,934,61,5,117.28,25
2314,934,46,1,45.7,5
2315,935,229,5,553.31,20
2316,935,29,5,403.29,5
2317,935,62,2,756.07,5
2318,935,123,1,197.05,20
2319,936,96,3,204.2,0
2320,936,44,5,542.9,30
2321,936,65,1,597.58,30
2322,936,152,5,312.53,15
2323,937,147,2,496.79,5
2324,937,166,4,431.57,0
2325,938,176,4,84.12,0
2326,938,248,4,375.36,0
2327,938,53,2,455.95,5
2328,939,53,5,516.53,0
2329,939,85,1,316.4,0
2330,939,118,5,9.76,0
2331,940,98,3,201.72,15
2332,940,48,3,725.05,0
2333,941,228,4,116.94,30
2334,941,84,5,439.62,5
2335,941,149,3,138.42,0
2336,941,184,3,502.32,25
2337,942,67,3,287.62,0
2338,942,246,5,11.84,30
2339,942,164,5,113.23,0
2340,942,40,5,228.33,25
2341,943,54,5,600.83,0
2342,943,84,1,592.24,10
2343,943,102,1,559.05,20
2344,944,99,3,556.51,10
2345,944,42,2,200.92,5
2346,945,204,2,87.94,5
2347,945,2,1,386.9,5
2348,945,59,4,494.76,15
2349,946,121,1,234.38,5
2350,946,135,1,484.98,15
2351,946,49,1,134.07,0
2352,947,234,3,141.8,25
2353,948,99,5,639.76,10
2354,949,136,3,607.55,5
2355,950,112,1,677.29,15
2356,950,153,1,168.33,20
2357,951,142,5,190.24,15
2358,951,141,1,383.1,0
2359,951,78,2,300.37,0
2360,952,167,5,248.89,10
2361,953,29,1,357.42,30
2362,953,178,5,527.2,0
2363,953,44,-2,637.8,0
2364,954,28,1,570.65,30
2365,955,112,5,741.34,30
2366,955,94,5,254.15,30
2367,955,48,5,739.5,20
2368,956,244,1,446.51,10
2369,956,178,1,514.72,15
2370,956,39,5,610.92,0
2371,957,133,2,591.15,15
2372,958,228,3,122.65,10
2373,958,250,2,310.45,10
2374,959,123,2,218.39,0
2375,959,36,3,622.03,30
2376,959,205,4,361.21,0
2377,959,35,2,442.46,30
2378,960,182,4,635.05,30
2379,960,230,4,200.77,0
2380,960,167,3,254.88,0
2381,960,214,1,270.53,15
2382,961,177,5,650.65,25
2383,962,73,2,262.19,0
2384,962,75,4,607.81,30
2385,963,152,4,238.45,5
2386,963,82,2,443.1,0
2387,964,204,5,107.76,20
2388,964,249,2,70.46,25
2389,965,133,1,516.24,5
2390,965,235,2,328.49,15
2391,965,19,4,280.93,0
2392,965,167,2,238.87,25
2393,966,2,1,437.38,15
2394,966,143,3,293.73,20
2395,966,89,5,572.8,20
2396,967,61,1,125.88,15
2397,968,142,3,204.88,0
2398,968,95,3,146.27,5
2399,968,191,1,294.45,0
2400,969,169,1,40.36,0
2401,969,106,3,487.7,5
2402,970,59,3,522.08,0
2403,970,86,3,87.19,5
2404,970,236,2,126.55,0
2405,970,180,5,176.41,25
2406,971,182,2,582.97,30
2407,972,113,5,304.32,5
2408,973,173,3,356.12,0
2409,973,42,3,244.85,20
2410,973,220,2,572.31,10
2411,974,62,1,844.23,30
2412,974,42,1,298.28,15
2413,975,173,1,412.59,30
2414,975,206,4,87.45,15
2415,975,174,1,55.83,30
2416,976,181,5,445.63,0
2417,977,249,4,63.91,25
2418,977,165,2,133.39,0
2419,977,156,1,664.36,0
2420,978,49,4,151.67,5
2421,978,34,4,436.95,0
2422,978,76,1,405.4,10
2423,979,61,3,115.48,25
2424,980,13,2,467.58,0
2425,980,153,4,177.94,25
2426,981,126,1,605.46,30
2427,982,184,4,620.46,25
2428,982,235,1,317.05,25
2429,982,20,2,395.19,0
2430,982,147,4,371.43,0
2431,983,58,3,146.86,10
2432,983,190,5,91.73,0
2433,983,203,2,635.94,30
2434,983,176,5,62.77,10
2435,984,64,1,479.13,25
2436,985,159,5,417.78,30
2437,985,62,2,751.39,10
2438,985,154,2,623.93,25
2439,986,65,4,489.4,15
2440,986,230,2,172.11,25
2441,986,20,2,513.8,10
2442,987,92,3,53.6,5
2443,987,69,1,585.69,30
2444,987,174,4,66.13,30
2445,988,165,2,129.72,0
2446,988,9,4,180.74,0
2447,989,197,3,469.64,0
2448,990,76,4,342.53,25
2449,990,4,3,255.54,0
2450,991,142,4,218.19,20
2451,991,70,4,463.28,10
2452,991,243,1,830.01,30
2453,992,30,1,267.52,25
2454,993,63,4,89.79,10
2455,993,58,1,200.66,0
2456,994,169,5,36.38,25
2457,994,66,1,466.76,0
2458,994,246,1,13.18,25
2459,994,225,5,209.56,10
2460,995,73,3,231.16,0
2461,995,240,1,412.03,20
2462,996,63,1,88.91,15
2463,996,209,5,368.06,0
2464,996,153,4,125.08,5
2465,997,70,2,473.82,20
2466,997,121,3,200.41,0
2467,997,225,2,202.58,0
2468,997,67,1,231.35,0
2469,998,98,1,156.58,20
2470,999,14,3,66.07,0
2471,999,173,2,336.61,20
2472,1000,168,2,590.99,15
2473,1000,144,2,76.07,20
2474,1000,214,3,293.78,10
2475,1000,37,1,583.33,15
2476,1001,196,3,348.81,0
2477,1001,33,5,187.28,30
2478,1001,218,3,256.18,0
2479,1001,35,5,370.79,5
2480,1002,178,3,430.27,0
2481,1003,87,4,428.96,25
2482,1004,150,4,219.83,15
2483,1005,234,2,139.26,25
2484,1005,124,3,57.14,10
2485,1005,63,4,84.67,0
2486,1006,99,5,653.42,20
2487,1007,33,4,203.83,15
2488,1007,128,2,520.57,30
2489,1007,167,-4,312.36,0
2490,1007,6,-3,625.79,0
2491,1008,208,2,630.53,0
2492,1008,112,5,583.39,5
2493,1008,162,4,382.56,0
2494,1009,93,1,42.11,10
2495,1009,176,1,74.01,15
2496,1010,192,5,393.83,30
2497,1010,67,2,323.33,15
2498,1011,110,4,187.81,10
2499,1011,186,3,80.96,15
2500,1012,216,5,340.24,0
2501,1012,50,4,759.54,10
2502,1012,221,2,668.15,0
2503,1013,218,3,210.38,0
2504,1013,248,2,333.98,0
2505,1014,182,3,538.34,10
2506,1014,100,3,473.55,0
2507,1014,60,1,521.93,15
2508,1015,182,2,760.81,0
2509,1015,199,3,615.23,0
2510,1016,114,4,663.99,10
2511,1016,160,3,542.12,5
2512,1017,50,2,761.15,30
2513,1017,156,5,624.16,15
2514,1017,4,1,188.88,0
2515,1017,50,3,806.46,30
2516,1018,249,3,73.61,25
2517,1018,232,2,533.49,0
2518,1018,2,5,397.8,30
2519,1018,8,5,76.36,0
2520,1019,216,4,309.28,5
2521,1019,34,2,542.39,10
2522,1020,133,2,597.6,25
2523,1020,96,1,238.45,20
2524,1020,5,1,519.74,0
2525,1021,22,1,19.42,10
2526,1021,63,3,108.07,0
2527,1021,54,3,493.12,30
2528,1021,243,4,658.91,0
2529,1022,4,5,249.05,0
2530,1022,222,5,97.97,0
2531,1023,44,3,781.26,5
2532,1024,114,5,600.31,15
2533,1025,84,5,510.28,0
2534,1025,148,3,323.33,10
2535,1025,233,2,448.05,10
2536,1025,33,5,168.37,15
2537,1026,74,2,7.47,5
2538,1027,196,1,334.74,10
2539,1027,38,4,452.29,5
2540,1027,155,5,287.18,0
2541,1028,115,1,332.63,30
2542,1028,178,5,471.85,15
2543,1028,115,1,334.74,0
2544,1028,166,4,493.14,0
2545,1029,244,4,358.29,25
2546,1029,229,4,568.74,0
2547,1029,72,1,355.4,10
2548,1030,238,2,77.91,25
2549,1030,70,3,526.12,5
2550,1031,206,4,108.69,0
2551,1032,194,2,532.83,0
2552,1032,54,4,704.24,15
2553,1033,48,2,751.96,0
2554,1033,200,5,191.26,15
2555,1033,30,2,225.77,0
2556,1033,100,1,482.53,0
2557,1034,235,5,333.1,0
2558,1034,53,3,446.42,5
2559,1034,104,2,489.28,30
2560,1035,158,5,836.47,25
2561,1035,206,1,105.75,0
2562,1035,7,4,388.03,10
2563,1036,224,1,684.48,0
2564,1036,170,3,323.87,10
2565,1037,22,4,17.99,25
2566,1037,224,3,582.08,25
2567,1037,214,3,244.62,15
2568,1037,112,5,687.77,30
2569,1038,18,4,488.0,5
2570,1038,65,5,508.13,25
2571,1038,54,5,643.63,0
2572,1039,148,5,337.01,0
2573,1039,145,1,637.41,0
2574,1040,170,3,350.93,30
2575,1040,200,4,192.05,25
2576,1041,29,4,427.81,20
2577,1041,76,5,330.15,5
2578,1041,229,3,515.15,20
2579,1042,193,3,122.82,20
2580,1042,221,4,565.86,15
2581,1042,129,3,518.51,0
2582,1042,80,3,377.41,0
2583,1043,74,5,6.95,30
2584,1044,37,3,596.6,0
2585,1044,111,5,356.65,0
2586,1044,156,5,560.14,5
2587,1044,111,3,478.24,20
2588,1045,79,4,474.97,0
2589,1045,205,3,507.75,5
2590,1046,146,2,382.63,0
2591,1046,28,5,680.47,0
2592,1047,129,3,491.45,15
2593,1047,179,2,380.94,0
2594,1047,71,5,295.25,10
2595,1048,82,4,340.27,30
2596,1048,129,1,476.79,15
2597,1049,245,5,694.33,5
2598,1049,53,5,617.23,15
2599,1049,191,3,321.0,30
2600,1049,84,4,641.92,0
2601,1050,199,4,655.25,20
2602,1051,163,2,616.87,20
2603,1051,176,3,90.75,30
2604,1051,215,5,311.9,20
2605,1052,24,1,554.93,25
2606,1053,174,5,76.36,0
2607,1054,139,4,695.79,0
2608,1054,221,1,704.07,10
2609,1055,44,3,747.29,0
2610,1055,25,4,125.86,5
2611,1055,174,5,64.47,5
2612,1055,99,2,541.46,0
2613,1056,61,4,101.51,30
2614,1057,173,2,331.42,10
2615,1058,193,1,128.65,15
2616,1058,245,2,786.39,5
2617,1059,219,5,105.3,25
2618,1060,70,2,432.01,0
2619,1060,25,2,140.52,15
2620,1060,62,2,829.6,25
2621,1061,126,3,620.33,20
2622,1061,33,4,168.27,15
2623,1062,74,1,6.66,20
2624,1063,87,2,611.57,0
2625,1064,119,2,537.22,15
2626,1064,165,3,100.22,5
2627,1065,112,5,610.9,30
2628,1066,130,3,601.7,25
2629,1066,181,5,570.59,0
2630,1066,155,2,286.65,0
2631,1067,38,3,641.35,15
2632,1068,243,2,641.27,0
2633,1069,46,4,39.53,15
2634,1069,12,3,438.33,5
2635,1070,101,3,519.01,0
2636,1070,145,4,642.65,10
2637,1071,162,2,286.78,25
2638,1072,82,5,354.11,30
2639,1072,236,5,106.53,25
2640,1073,49,3,145.72,0
2641,1073,12,4,634.25,0
2642,1074,166,4,518.8,10
2643,1074,142,4,216.9,10
2644,1074,168,3,401.3,20
2645,1074,57,3,314.85,15
2646,1075,220,3,656.12,0
2647,1075,192,2,354.22,25
2648,1075,53,1,508.58,30
2649,1075,202,4,247.19,20
2650,1076,234,3,168.56,0
2651,1076,238,2,71.09,25
2652,1076,40,4,180.37,30
2653,1077,23,2,353.25,0
2654,1077,188,3,313.41,15
2655,1078,117,2,668.33,20
2656,1078,18,4,490.3,0
2657,1079,12,2,556.73,0
2658,1079,144,1,71.94,5
2659,1079,194,2,558.41,0
2660,1079,95,3,115.13,0
2661,1080,118,5,12.69,5
2662,1081,138,3,542.33,20
2663,1081,160,4,496.46,10
2664,1081,111,4,511.8,30
2665,1081,238,1,72.27,10
2666,1082,130,3,595.59,0
2667,1082,86,3,82.25,20
2668,1082,123,4,215.24,0
2669,1082,234,3,181.5,0
2670,1083,184,4,687.08,0
2671,1083,15,3,511.84,5
2672,1083,175,3,308.31,20
2673,1084,12,3,514.8,20
2674,1085,97,4,486.5,30
2675,1086,242,2,219.59,10
2676,1086,66,2,518.58,15
2677,1086,246,3,14.36,0
2678,1086,77,5,95.89,5
2679,1087,223,2,271.87,0
2680,1087,190,4,80.33,0
2681,1088,127,5,338.87,5
2682,1088,157,1,725.21,0
2683,1089,20,1,442.85,15
2684,1090,161,5,384.16,0
2685,1091,63,4,117.13,5
2686,1091,75,5,583.1,0
2687,1092,47,5,488.01,20
2688,1093,214,5,257.57,0
2689,1094,26,4,197.13,15
2690,1094,148,-1,316.8,0
2691,1095,244,3,421.88,5
2692,1096,241,3,540.31,10
2693,1096,201,4,382.09,0
2694,1097,78,1,282.15,0
2695,1097,177,1,621.26,0
2696,1097,48,3,731.1,5
2697,1097,188,1,376.13,30
2698,1098,73,5,246.15,0
2699,1098,43,-1,90.43,5
2700,1099,140,3,372.35,25
2701,1100,38,1,570.3,0
2702,1100,26,5,180.37,10
2703,1100,245,2,832.14,20
2704,1101,26,1,203.51,30
2705,1102,237,5,320.5,0
2706,1102,2,1,338.63,30
2707,1102,66,4,494.27,0
2708,1102,11,3,665.27,15
2709,1103,73,1,275.97,5
2710,1104,200,-3,169.43,15
2711,1104,1,5,245.23,30
2712,1104,238,1,67.02,25
2713,1105,116,1,62.55,30
2714,1105,59,4,651.26,10
2715,1105,87,2,620.54,0
2716,1105,232,2,489.78,25
2717,1106,141,1,386.09,30
2718,1106,34,1,417.52,0
2719,1107,66,2,363.91,30
2720,1107,227,1,554.07,0
2721,1108,81,4,469.18,10
2722,1108,122,1,443.19,20
2723,1108,91,4,773.29,30
2724,1108,244,1,376.03,10
2725,1109,189,1,472.95,10
2726,1109,21,5,452.17,30
2727,1109,16,1,347.52,10
2728,1109,86,4,86.06,20
2729,1110,231,3,547.86,20
2730,1110,25,5,130.76,0
2731,1110,79,4,458.5,25
2732,1110,11,2,541.65,150
2733,1111,79,2,482.3,0
2734,1111,49,1,156.51,15
2735,1112,137,5,161.08,5
2736,1112,129,4,485.06,5
2737,1113,180,1,175.4,10
2738,1113,209,5,405.44,20
2739,1113,156,3,722.68,10
2740,1114,35,2,452.3,5
2741,1114,195,3,692.05,5
2742,1114,142,4,245.65,20
2743,1115,122,2,355.72,10
2744,1115,241,2,563.02,0
2745,1116,63,1,94.5,0
2746,1116,102,3,732.36,15
2747,1117,55,5,461.67,0
2748,1117,50,1,658.88,10
2749,1117,205,3,481.16,10
2750,1117,22,4,14.05,10
2751,1118,123,2,203.58,0
2752,1118,137,2,193.1,10
2753,1118,130,3,582.04,0
2754,1119,70,5,593.39,10
2755,1119,74,5,5.88,25
2756,1119,113,3,402.46,30
2757,1119,96,5,252.92,15
2758,1120,16,1,293.95,0
2759,1121,220,5,521.89,5
2760,1121,246,5,14.59,15
2761,1122,7,1,423.05,20
2762,1123,191,4,313.56,10
2763,1123,13,1,513.47,20
2764,1124,189,4,487.75,0
2765,1124,222,4,126.92,25
2766,1124,156,2,542.66,0
2767,1124,126,1,661.47,0
2768,1125,113,-5,307.33,0
2769,1125,82,2,328.67,150
2770,1125,195,4,593.67,30
2771,1126,164,2,92.39,20
2772,1126,68,5,744.7,0
2773,1127,159,4,456.32,25
2774,1127,67,1,237.35,10
2775,1127,215,3,334.41,25
2776,1127,126,5,552.45,0
2777,1128,149,5,124.02,15
2778,1128,182,3,760.19,15
2779,1128,179,4,405.44,30
2780,1129,8,4,67.04,25
2781,1129,154,2,752.09,20
2782,1130,185,1,425.1,5
2783,1130,187,1,492.01,10
2784,1130,59,2,558.58,20
2785,1131,136,5,523.85,20
2786,1131,4,4,252.19,10
2787,1132,5,3,755.28,0
2788,1132,23,2,439.72,0
2789,1132,215,1,391.24,0
2790,1132,89,1,602.27,5
2791,1133,62,3,659.56,25
2792,1133,196,5,343.26,25
2793,1133,107,3,774.27,15
2794,1134,125,3,854.28,15
2795,1134,192,1,316.59,15
2796,1135,108,5,533.93,0
2797,1135,126,2,714.36,25
2798,1135,163,5,726.04,20
2799,1136,54,4,662.1,0
2800,1136,210,5,525.09,0
2801,1137,144,1,75.96,0
2802,1138,37,3,583.75,15
2803,1138,178,1,496.02,5
2804,1138,156,4,740.96,15
2805,1139,107,2,548.75,0
2806,1139,16,-2,299.48,5
2807,1139,227,1,509.56,25
2808,1140,115,2,316.04,15
2809,1140,229,2,694.74,0
2810,1141,124,4,52.88,5
2811,1142,16,3,298.7,0
2812,1142,78,4,260.65,0
2813,1143,23,5,390.85,0
2814,1143,18,2,435.93,25
2815,1144,128,4,621.38,20
2816,1144,245,3,703.48,10
2817,1144,227,3,435.6,30
2818,1144,85,3,355.84,0
2819,1145,36,2,640.5,15
2820,1146,138,2,484.0,5
2821,1147,53,1,519.93,30
2822,1148,119,4,401.32,20
2823,1149,4,3,210.75,15
2824,1149,32,3,162.41,30
2825,1149,41,4,156.16,30
2826,1149,189,2,531.36,25
2827,1150,150,4,186.75,25
2828,1150,89,1,505.56,15
2829,1151,117,1,623.02,30
2830,1151,68,5,685.94,0
2831,1152,213,1,492.06,15
2832,1152,18,5,589.95,20
2833,1152,76,4,427.49,15
2834,1153,8,3,64.69,0
2835,1154,127,3,290.06,0
2836,1154,129,4,502.35,15
2837,1154,32,3,171.1,0
2838,1154,158,2,775.41,0
2839,1155,232,2,462.85,0
2840,1155,177,1,562.14,0
2841,1155,127,4,256.11,5
2842,1156,57,1,384.03,0
2843,1157,99,3,734.06,0
2844,1158,166,5,382.29,5
2845,1158,195,4,740.83,30
2846,1158,24,1,583.9,20
2847,1159,89,4,550.07,15
2848,1160,174,4,66.21,10
2849,1160,145,2,512.48,20
2850,1160,88,3,312.76,20
2851,1160,233,2,380.78,20
2852,1161,34,3,469.41,30
2853,1161,102,1,709.83,0
2854,1162,232,3,581.26,20
2855,1162,142,4,207.1,30
2856,1162,105,1,455.93,5
2857,1162,42,1,250.2,5
2858,1163,47,5,600.53,20
2859,1163,61,1,99.07,10
2860,1164,29,2,389.29,0
2861,1165,63,1,102.68,15
2862,1165,58,1,202.57,0
2863,1165,4,3,213.19,5
2864,1165,91,3,655.21,10
2865,1166,205,3,365.73,0
2866,1166,191,-2,273.19,0
2867,1166,135,4,369.54,20
2868,1167,33,2,184.78,20
2869,1167,143,-2,289.5,5
2870,1167,139,4,471.68,15
2871,1168,248,1,323.4,5
2872,1168,248,1,402.92,0
2873,1168,42,1,250.99,0
2874,1168,54,4,626.7,5
2875,1169,123,1,167.64,0
2876,1169,218,5,228.16,0
2877,1169,176,1,77.01,10
2878,1170,214,3,271.29,5
2879,1171,169,3,33.04,0
2880,1172,244,4,460.55,0
2881,1172,88,2,249.29,20
2882,1172,143,1,237.32,20
2883,1172,73,5,266.96,30
2884,1173,41,5,207.43,5
2885,1173,231,1,573.79,0
2886,1173,71,4,348.33,10
2887,1174,103,4,159.37,25
2888,1174,89,2,498.55,20
2889,1175,169,5,34.06,0
2890,1175,245,3,610.36,10
2891,1175,76,3,312.19,15
2892,1176,222,2,117.15,30
2893,1176,88,1,319.66,0
2894,1176,150,3,233.31,20
2895,1176,132,2,450.4,15
2896,1177,99,1,714.17,10
2897,1177,164,4,106.51,30
2898,1178,105,5,338.57,0
2899,1178,113,-2,315.04,5
2900,1179,141,1,518.9,0
2901,1179,234,4,168.42,25
2902,1180,114,1,516.87,25
2903,1180,199,2,522.45,20
2904,1181,1,1,238.67,0
2905,1181,169,4,42.89,5
2906,1181,126,3,631.06,25
2907,1181,63,3,86.42,0
2908,1182,70,5,644.11,25
2909,1182,62,1,767.48,30
2910,1182,110,1,227.6,15
2911,1183,35,2,501.34,20
2912,1184,127,1,317.37,15
2913,1184,79,1,396.15,20
2914,1184,81,4,592.87,0
2915,1185,235,1,344.97,0
2916,1186,66,2,429.38,25
2917,1186,217,5,289.18,0
2918,1186,71,1,283.37,15
2919,1187,128,2,437.08,5
2920,1187,90,5,630.95,0
2921,1187,18,5,451.42,5
2922,1187,154,1,654.97,0
2923,1188,17,3,172.81,0
2924,1188,59,2,599.99,30
2925,1188,174,4,66.28,20
2926,1189,213,5,409.27,15
2927,1189,215,2,305.14,10
2928,1189,55,4,493.01,30
2929,1189,75,-2,562.26,0
2930,1190,62,5,610.07,25
2931,1190,47,4,518.54,0
2932,1190,121,3,185.26,30
2933,1190,57,1,320.54,25
2934,1191,88,4,296.81,25
2935,1192,181,5,550.35,0
2936,1192,224,2,623.6,25
2937,1193,70,5,438.39,0
2938,1193,215,-4,296.58,25
2939,1193,124,2,53.53,25
2940,1193,45,3,540.32,25
2941,1194,73,4,241.38,10
2942,1194,25,3,141.84,25
2943,1194,46,3,45.79,10
2944,1194,243,5,791.44,15
2945,1195,168,5,562.75,0
2946,1195,209,1,391.19,0
2947,1195,81,4,621.83,5
2948,1195,89,4,483.83,20
2949,1196,167,4,258.17,30
2950,1197,130,1,754.63,5
2951,1197,83,2,283.83,15
2952,1198,14,3,53.36,15
2953,1198,177,2,545.46,0
2954,1198,160,3,728.87,15
2955,1198,87,3,439.35,30
2956,1199,104,-5,458.73,5
2957,1199,247,2,646.07,20
2958,1200,198,5,350.28,20
2959,1200,119,3,586.97,0
2960,1200,56,1,72.83,30
2961,1200,72,4,340.85,0
2962,1201,147,2,499.69,0
2963,1202,24,2,546.89,5
2964,1202,193,4,117.7,5
2965,1202,65,1,690.95,15
2966,1203,72,5,284.93,15
2967,1203,136,2,642.22,0
2968,1203,60,-2,489.11,0
2969,1204,122,3,346.52,0
2970,1204,115,5,380.27,15
2971,1204,110,5,254.06,20
2972,1204,24,3,433.01,20
2973,1205,233,4,466.16,5
2974,1205,99,5,521.69,30
2975,1205,6,3,558.71,0
2976,1205,203,3,686.38,5
2977,1206,102,1,599.66,10
2978,1207,121,4,188.34,0
2979,1208,61,4,145.55,0
2980,1209,201,4,385.08,0
2981,1209,111,2,482.0,5
2982,1209,175,1,279.92,0
2983,1210,197,2,404.76,0
2984,1210,93,3,44.77,0
2985,1211,117,4,661.79,15
2986,1211,215,1,310.01,30
2987,1211,10,4,428.83,0
2988,1212,229,4,492.42,0
2989,1212,157,2,756.22,0
2990,1212,185,2,385.27,10
2991,1212,7,4,375.25,10
2992,1213,224,2,820.19,20
2993,1213,224,3,609.62,5
2994,1213,147,3,366.73,0
2995,1213,205,1,366.23,0
2996,1214,7,1,336.82,0
2997,1214,112,3,692.14,5
2998,1214,169,1,33.01,0
2999,1215,92,1,45.06,30
3000,1215,75,5,580.09,0
3001,1215,47,5,545.25,0
3002,1216,36,4,567.59,110
3003,1216,107,2,691.07,0
3004,1216,195,2,594.92,0
3005,1217,60,3,601.69,5
3006,1218,94,2,198.13,20
3007,1218,202,5,269.3,10
3008,1219,124,3,67.02,10
3009,1219,188,3,354.44,0
3010,1220,134,3,545.15,10
3011,1221,213,1,402.23,0
3012,1221,15,3,516.78,30
3013,1222,86,3,82.42,0
3014,1223,125,1,644.8,25
3015,1223,66,2,443.39,0
3016,1223,125,-1,873.34,10
3017,1223,136,5,595.92,30
3018,1224,194,3,573.88,20
3019,1224,243,2,561.97,20
3020,1224,197,4,390.59,0
3021,1224,28,2,592.31,5
3022,1225,92,2,56.75,110
3023,1225,149,3,117.67,0
3024,1226,124,3,75.43,20
3025,1226,75,1,620.83,0
3026,1226,103,1,144.4,0
3027,1227,64,4,426.58,10
3028,1228,194,1,679.18,15
3029,1228,94,4,206.83,30
3030,1229,47,5,565.35,5
3031,1229,222,1,99.3,25
3032,1230,117,3,753.63,5
3033,1230,168,4,484.76,0
3034,1230,107,1,651.73,15
3035,1231,221,4,587.14,5
3036,1231,25,1,146.34,10
3037,1231,121,4,192.52,0
3038,1231,133,1,731.77,0
3039,1232,248,4,436.04,10
3040,1232,9,2,163.17,30
3041,1232,130,4,677.68,20
3042,1232,148,4,303.97,25
3043,1233,64,1,421.09,10
3044,1233,85,5,309.39,20
3045,1233,234,2,137.88,25
3046,1233,141,5,499.86,0
3047,1234,195,5,741.02,0
3048,1234,245,1,765.81,20
3049,1234,136,3,509.76,30
3050,1234,225,4,181.06,0
3051,1235,55,4,472.16,30
3052,1235,145,-4,550.02,0
3053,1235,160,3,695.27,0
3054,1236,1,3,194.5,25
3055,1236,12,1,470.08,20
3056,1236,199,5,473.72,20
3057,1237,46,5,53.13,15
3058,1237,79,2,423.64,10
3059,1238,148,5,331.52,15
3060,1238,219,5,107.65,5
3061,1238,105,3,437.88,25
3062,1238,94,4,242.96,5
3063,1239,233,1,379.9,15
3064,1239,151,2,230.81,0
3065,1239,178,4,547.35,15
3066,1239,103,1,117.05,5
3067,1240,16,2,353.37,0
3068,1240,31,1,228.65,20
3069,1240,120,4,292.75,0
3070,1241,226,4,534.35,20
3071,1241,246,4,13.76,10
3072,1242,41,5,190.4,10
3073,1242,141,4,464.05,20
3074,1242,35,2,495.48,25
3075,1242,189,2,417.4,20
3076,1243,148,5,242.73,20
3077,1243,124,4,53.92,10
3078,1244,229,1,616.69,20
3079,1244,101,1,616.69,15
3080,1244,209,1,339.07,0
3081,1244,223,2,386.91,0
3082,1245,209,4,436.71,20
3083,1246,74,3,7.17,0
3084,1246,161,1,530.15,20
3085,1246,72,2,306.57,30
3086,1247,120,1,317.4,0
3087,1248,245,2,668.19,5
3088,1249,220,5,586.03,15
3089,1249,96,1,195.17,0
3090,1249,189,3,417.4,0
3091,1249,245,3,617.64,20
3092,1250,75,2,440.82,30
3093,1250,168,3,430.1,0
3094,1250,64,1,422.08,0
3095,1251,17,4,144.71,25
3096,1251,93,5,32.75,30
3097,1251,86,2,70.73,5
3098,1252,207,5,492.74,0
3099,1252,127,2,276.89,10
3100,1252,23,4,421.49,0
3101,1253,198,2,378.6,0
3102,1253,203,4,585.57,30
3103,1253,1,5,204.44,0
3104,1253,114,5,494.99,0
3105,1254,64,3,446.49,0
3106,1254,229,1,589.56,5
3107,1254,4,1,222.73,30
3108,1255,85,5,361.78,0
3109,1256,56,1,63.15,0
3110,1256,190,1,77.46,5
3111,1257,208,5,593.31,0
3112,1257,200,1,182.64,20
3113,1257,108,2,439.24,0
3114,1257,245,4,824.91,20
3115,1258,130,3,583.44,5
3116,1258,41,3,152.02,30
3117,1259,150,3,237.45,0
3118,1259,221,1,648.04,0
3119,1259,67,3,301.1,15
3120,1260,195,3,699.77,30
3121,1261,6,5,495.57,0
3122,1261,238,4,67.34,0
3123,1262,11,2,643.28,15
3124,1262,228,2,88.13,0
3125,1262,38,5,642.82,20
3126,1263,106,2,409.77,15
3127,1263,239,4,550.68,30
3128,1264,177,5,565.39,5
3129,1265,133,3,566.79,10
3130,1266,132,5,521.0,30
3131,1266,45,5,457.88,20
3132,1266,46,5,46.08,0
3133,1266,112,2,761.18,30
3134,1267,121,3,204.29,5
3135,1267,156,3,697.85,25
3136,1268,42,2,291.37,0
3137,1269,128,1,439.82,10
3138,1269,235,4,269.8,10
3139,1269,58,2,200.02,10
3140,1269,160,2,508.52,5
3141,1270,212,4,629.25,0
3142,1271,164,3,107.66,0
3143,1271,183,1,620.32,0
3144,1271,142,3,200.47,25
3145,1271,45,1,544.01,25
3146,1272,202,3,237.39,5
3147,1272,192,2,430.85,5
3148,1272,241,2,616.14,15
3149,1272,127,2,283.03,10
3150,1273,13,1,372.05,30
3151,1273,89,1,509.98,10
3152,1273,111,2,514.33,5
3153,1274,183,4,586.22,30
3154,1274,46,1,54.65,10
3155,1274,231,5,711.02,5
3156,1274,129,3,541.88,25
3157,1275,148,2,317.28,0
3158,1275,62,1,601.53,15
3159,1275,21,4,438.66,10
3160,1275,114,5,631.75,0
3161,1276,56,1,75.18,15
3162,1276,75,3,585.67,0
3163,1276,17,5,129.33,25
3164,1276,244,1,450.94,10
3165,1277,125,2,763.8,5
3166,1277,201,3,344.67,25
3167,1277,146,4,282.95,0
3168,1277,204,1,78.58,0
3169,1278,25,2,144.37,20
3170,1279,102,1,594.17,15
3171,1280,65,1,690.82,20
3172,1281,170,1,326.87,15
3173,1282,231,2,577.53,25
3174,1282,231,5,698.6,20
3175,1282,169,3,31.95,5
3176,1282,244,1,512.87,25
3177,1283,17,2,133.33,10
3178,1283,242,2,164.7,25
3179,1283,115,4,395.05,10
3180,1284,100,3,567.35,25
3181,1284,53,1,585.96,25
3182,1285,1,4,239.67,0
3183,1285,8,4,84.68,0
3184,1285,68,4,812.17,20
3185,1286,214,4,325.38,0
3186,1286,193,3,128.11,15
3187,1286,129,2,515.65,0
3188,1286,90,4,758.41,15
3189,1287,84,4,551.99,15
3190,1287,122,1,469.71,25
3191,1287,177,5,541.31,25
3192,1288,243,1,764.09,20
3193,1288,157,5,766.89,20
3194,1288,61,5,104.16,25
3195,1289,66,1,398.96,0
3196,1289,215,4,344.31,0
3197,1289,101,2,503.85,0
3198,1290,92,4,53.52,25
3199,1291,224,5,643.98,5
3200,1292,196,2,360.07,25
3201,1292,172,5,368.03,0
3202,1292,161,5,515.02,30
3203,1293,121,3,235.41,30
3204,1293,183,4,587.16,0
3205,1293,236,5,113.46,0
3206,1293,181,-4,504.23,0
3207,1294,199,1,625.81,0
3208,1294,147,3,366.72,0
3209,1295,195,5,736.05,15
3210,1295,22,5,18.21,30
3211,1295,180,3,186.24,15
3212,1295,193,4,90.98,15
3213,1296,40,3,183.49,0
3214,1296,83,1,268.48,20
3215,1297,197,2,365.99,5
3216,1297,92,5,58.95,30
3217,1298,96,2,249.4,20
3218,1299,106,3,493.24,25
3219,1299,71,3,360.28,0
3220,1300,27,1,349.4,15
3221,1300,13,1,434.17,25
3222,1301,210,3,693.07,15
3223,1301,167,-5,219.33,0
3224,1301,165,4,122.09,25
3225,1302,65,1,602.28,25
3226,1302,198,4,442.55,20
3227,1302,76,3,340.56,5
3228,1303,114,5,543.77,5
3229,1303,123,2,198.62,20
3230,1303,44,5,661.55,110
3231,1303,125,5,680.39,25
3232,1304,13,2,399.25,10
3233,1304,233,3,484.01,20
3234,1304,123,5,220.75,0
3235,1305,116,4,53.59,30
3236,1305,240,1,356.22,0
3237,1305,77,2,104.82,15
3238,1305,113,5,390.23,25
3239,1306,232,3,600.98,5
3240,1306,162,3,364.27,10
3241,1306,186,4,93.07,20
3242,1307,47,3,508.57,25
3243,1307,113,1,389.44,30
3244,1307,117,4,618.53,0
3245,1308,238,5,68.6,25
3246,1309,152,5,314.28,5
3247,1309,48,1,707.92,0
3248,1309,83,3,271.93,0
3249,1309,98,3,180.75,15
3250,1310,147,3,371.58,10
3251,1311,27,2,377.59,5
3252,1311,234,4,134.28,5
3253,1311,203,3,568.23,25
3254,1311,233,-5,518.52,20
3255,1312,129,1,424.31,0
3256,1312,144,3,83.56,30
3257,1313,200,4,220.67,25
3258,1313,109,5,281.47,25
3259,1314,223,4,315.32,25
3260,1314,128,3,529.15,0
3261,1315,176,3,81.69,0
3262,1316,154,5,683.3,0
3263,1316,5,5,761.08,0
3264,1317,104,4,492.9,15
3265,1317,61,5,99.63,0
3266,1318,128,4,448.36,5
3267,1318,216,4,383.76,15
3268,1318,184,5,699.56,0
3269,1318,172,1,349.82,15
3270,1319,94,4,212.65,25
3271,1320,223,3,338.85,25
3272,1320,250,1,312.25,0
3273,1321,115,2,321.61,15
3274,1321,63,1,106.27,0
3275,1321,242,3,185.75,30
3276,1321,29,5,358.14,0
3277,1322,123,4,172.74,0
3278,1323,136,4,492.76,30
3279,1323,221,5,609.43,20
3280,1323,51,4,489.49,20
3281,1324,122,3,392.39,25
3282,1324,189,3,518.07,0
3283,1324,191,4,348.83,0
3284,1324,4,2,202.63,30
3285,1325,7,3,408.14,30
3286,1326,88,3,302.5,25
3287,1326,12,2,552.63,0
3288,1327,22,4,16.02,10
3289,1327,30,1,229.45,0
3290,1327,175,1,388.27,15
3291,1328,23,-3,392.34,10
3292,1328,168,1,466.31,10
3293,1328,78,5,235.64,0
3294,1328,6,5,521.75,0
3295,1329,80,3,422.36,15
3296,1329,90,5,753.44,5
3297,1329,101,2,506.22,25
3298,1329,43,3,98.61,0
3299,1330,61,3,116.13,0
3300,1330,166,5,462.44,20
3301,1331,172,1,364.74,10
3302,1331,152,-5,318.3,30
3303,1332,127,3,300.75,0
3304,1332,97,4,357.57,30
3305,1332,54,1,492.68,30
3306,1332,228,4,99.21,30
3307,1333,59,5,621.21,0
3308,1334,94,4,198.98,10
3309,1335,40,2,195.86,15
3310,1335,28,4,495.42,25
3311,1335,198,5,464.77,25
3312,1335,164,3,111.91,15
3313,1336,162,5,357.58,25
3314,1337,167,3,242.06,0
3315,1337,10,2,520.83,0
3316,1338,115,4,307.74,10
3317,1338,27,4,300.22,15
3318,1338,129,2,531.84,20
3319,1339,187,3,549.7,0
3320,1339,239,4,540.97,10
3321,1339,125,-2,840.32,5
3322,1340,114,4,536.61,0
3323,1340,45,-4,640.01,25
3324,1341,80,-3,394.75,0
3325,1342,49,3,134.93,15
3326,1343,143,4,252.96,0
3327,1344,241,3,500.0,0
3328,1344,91,2,598.07,15
3329,1344,222,1,121.36,30
3330,1345,131,5,604.89,0
3331,1346,19,2,214.27,0
3332,1346,48,2,668.33,0
3333,1346,64,4,392.49,5
3334,1346,225,4,184.23,20
3335,1347,226,5,570.7,0
3336,1347,217,4,276.06,25
3337,1347,118,5,12.45,10
3338,1347,157,1,623.68,25
3339,1348,41,4,221.42,10
3340,1348,155,1,296.6,15
3341,1348,167,4,264.11,5
3342,1348,9,4,144.54,5
3343,1349,116,3,62.23,0
3344,1349,142,2,240.93,0
3345,1349,204,1,109.41,0
3346,1349,72,1,350.64,20
3347,1350,223,5,274.17,30
3348,1351,245,1,628.38,5
3349,1351,140,3,484.99,10
3350,1351,221,-1,582.4,20
3351,1352,129,2,469.8,20
3352,1353,102,2,554.87,0
3353,1353,80,4,463.81,0
3354,1353,237,1,384.24,30
3355,1354,223,4,382.72,0
3356,1354,199,1,521.17,0
3357,1355,9,4,137.02,25
3358,1355,5,5,622.23,0
3359,1355,157,3,704.34,20
3360,1356,239,5,470.41,30
3361,1356,101,2,585.42,0
3362,1356,58,2,177.99,25
3363,1356,72,-5,380.16,0
3364,1357,7,3,452.43,20
3365,1357,204,1,75.06,10
3366,1358,229,5,651.27,30
3367,1358,158,2,628.59,5
3368,1358,228,2,96.4,5
3369,1359,172,3,374.75,0
3370,1359,172,2,399.16,10
3371,1359,227,2,501.14,30
3372,1359,202,5,209.35,30
3373,1360,209,5,408.04,10
3374,1360,56,5,66.39,5
3375,1360,90,3,649.02,10
3376,1360,87,5,538.13,0
3377,1361,192,1,362.14,0
3378,1361,30,2,233.05,0
3379,1361,197,5,402.58,0
3380,1361,54,3,531.4,20
3381,1362,13,4,358.05,5
3382,1363,84,4,476.47,0
3383,1363,99,5,522.72,20
3384,1364,195,2,690.16,20
3385,1364,14,2,68.92,0
3386,1365,177,5,596.05,10
3387,1366,12,1,510.64,15
3388,1366,19,-1,258.76,15
3389,1366,113,2,412.71,0
3390,1367,94,1,251.62,20
3391,1367,47,2,492.21,0
3392,1368,207,5,503.1,20
3393,1368,26,4,152.07,20
3394,1369,149,2,113.51,25
3395,1369,74,3,5.62,15
3396,1369,128,2,494.04,25
3397,1370,178,3,544.58,0
3398,1370,119,5,584.05,30
3399,1370,183,5,448.35,0
3400,1370,28,1,539.68,10
3401,1371,30,5,205.72,15
3402,1371,248,2,365.4,5
3403,1371,237,3,355.92,0
3404,1372,153,3,139.54,30
3405,1372,190,2,103.21,0
3406,1372,204,4,76.95,0
3407,1372,100,1,426.51,0
3408,1373,220,5,478.94,0
3409,1373,8,3,84.16,20
3410,1374,67,1,220.71,15
3411,1374,34,1,577.45,25
3412,1374,246,3,12.71,20
3413,1374,53,2,499.27,0
3414,1375,225,3,229.28,20
3415,1375,37,5,549.88,5
3416,1375,16,3,315.36,0
3417,1376,236,4,109.37,30
3418,1376,242,3,191.42,15
3419,1376,61,4,112.65,0
3420,1376,193,4,108.89,5
3421,1377,26,3,218.11,15
3422,1377,9,3,183.31,5
3423,1378,239,3,440.61,5
3424,1379,243,5,699.72,0
3425,1380,148,3,333.03,20
3426,1380,143,5,322.41,0
3427,1380,179,3,444.85,25
3428,1380,128,3,473.6,15
3429,1381,64,5,443.67,0
3430,1381,129,2,538.03,15
3431,1381,20,4,494.87,15
3432,1381,2,2,434.28,0
3433,1382,133,4,594.43,25
3434,1383,189,2,465.83,15
3435,1384,9,4,171.42,0
3436,1384,136,2,504.14,30
3437,1384,243,5,618.19,0
3438,1385,241,1,620.73,10
3439,1385,177,4,662.3,25
3440,1385,229,1,709.98,30
3441,1385,191,4,336.04,5
3442,1386,39,1,664.99,15
3443,1387,200,2,230.84,0
3444,1387,100,2,503.89,5
3445,1388,242,4,203.14,0
3446,1388,180,3,150.11,10
3447,1388,128,4,560.75,5
3448,1389,60,3,562.55,0
3449,1389,80,1,441.07,0
3450,1389,153,4,134.56,15
3451,1389,117,5,522.66,15
3452,1390,146,3,289.74,0
3453,1390,148,5,277.65,5
3454,1390,172,4,389.4,15
3455,1391,134,1,615.43,0
3456,1391,39,3,468.43,0
3457,1392,13,4,362.09,15
3458,1392,174,3,56.02,10
3459,1393,183,1,578.98,0
3460,1393,33,2,150.2,30
3461,1393,64,3,460.4,25
3462,1394,54,1,614.16,0
3463,1394,250,4,363.04,5
3464,1394,44,1,561.57,30
3465,1395,167,1,223.92,5
3466,1395,96,2,192.73,25
3467,1395,78,5,262.98,5
3468,1395,51,3,471.84,25
3469,1396,140,2,353.99,25
3470,1396,65,4,620.42,15
3471,1397,113,-1,421.32,5
3472,1398,167,5,320.86,5
3473,1398,142,1,244.79,0
3474,1398,208,2,461.44,15
3475,1399,187,3,535.84,30
3476,1399,247,4,666.36,5
3477,1400,110,1,248.83,5
3478,1400,9,1,161.35,20
3479,1400,127,4,235.49,5
3480,1401,184,1,590.58,15
3481,1402,7,4,402.98,0
3482,1402,66,2,481.91,0
3483,1403,199,4,684.44,5
3484,1404,208,2,537.51,0
3485,1405,133,4,543.89,0
3486,1405,213,3,429.11,20
3487,1405,239,2,491.02,15
3488,1406,242,2,171.59,0
3489,1406,229,4,544.64,0
3490,1406,209,2,380.28,0
3491,1406,123,-5,196.43,5
3492,1407,3,5,111.95,20
3493,1407,205,3,520.3,20
3494,1407,181,5,483.98,25
3495,1408,9,3,195.88,15
3496,1408,250,3,446.39,15
3497,1409,3,2,98.29,20
3498,1409,205,5,410.2,0
3499,1409,7,3,321.7,0
3500,1410,90,5,753.07,25
3501,1411,216,3,312.32,15
3502,1412,2,1,462.42,10
3503,1412,75,3,571.55,10
3504,1412,99,2,643.28,30
3505,1413,44,1,624.34,30
3506,1413,37,4,691.28,15
3507,1413,16,2,248.44,25
3508,1414,23,1,525.42,0
3509,1415,91,3,572.74,0
3510,1415,85,3,329.93,15
3511,1415,113,1,423.04,10
3512,1415,111,4,460.84,25
3513,1416,225,1,167.36,5
3514,1416,41,1,200.11,20
3515,1416,42,4,236.92,30
3516,1416,75,5,479.88,15
3517,1417,65,1,646.52,30
3518,1417,131,1,602.8,5
3519,1418,70,3,634.19,0
3520,1418,118,3,12.43,0
3521,1419,235,5,379.01,10
3522,1419,2,3,399.99,30
3523,1419,104,5,467.57,10
3524,1420,144,4,67.77,25
3525,1420,164,4,115.77,10
3526,1420,121,4,255.34,15
3527,1420,220,1,492.12,30
3528,1421,33,5,196.01,25
3529,1421,118,4,11.0,0
3530,1421,154,3,623.51,10
3531,1421,148,5,312.15,25
3532,1422,217,1,352.56,15
3533,1422,220,5,560.73,15
3534,1422,112,2,774.01,20
3535,1422,170,3,299.77,25
3536,1423,70,4,438.51,25
3537,1424,35,1,501.62,15
3538,1425,66,1,469.8,30
3539,1425,208,3,492.05,5
3540,1425,244,5,497.86,15
3541,1426,100,4,596.35,15
3542,1426,249,-3,57.61,15
3543,1426,200,4,164.17,25
3544,1426,161,2,482.9,15
3545,1427,16,5,351.44,10
3546,1427,222,4,105.53,0
3547,1427,237,5,314.7,0
3548,1427,112,3,759.2,0
3549,1428,51,1,519.65,25
3550,1428,102,4,762.92,25
3551,1428,200,5,201.52,10
3552,1429,74,1,6.92,20
3553,1429,175,-3,334.09,25
3554,1429,88,3,317.47,20
3555,1429,90,4,667.62,25
3556,1430,54,-1,487.92,0
3557,1430,194,3,740.7,0
3558,1431,77,4,94.15,0
3559,1431,72,1,362.09,0
3560,1431,173,3,375.67,0
3561,1431,178,3,424.09,10
3562,1432,28,5,592.11,0
3563,1433,152,1,257.17,0
3564,1433,212,1,555.07,20
3565,1433,175,5,334.69,5
3566,1434,212,2,544.72,15
3567,1434,174,3,75.24,30
3568,1434,99,4,570.49,30
3569,1435,14,1,64.9,0
3570,1435,122,1,441.35,5
3571,1435,103,1,126.19,15
3572,1436,109,5,306.01,10
3573,1436,180,4,178.13,30
3574,1437,151,5,242.6,30
3575,1437,69,1,734.06,30
3576,1437,114,4,517.31,25
3577,1437,99,1,742.73,0
3578,1438,153,5,142.9,20
3579,1438,214,1,335.23,25
3580,1439,37,1,487.88,0
3581,1440,146,5,280.66,10
3582,1441,117,2,520.32,25
3583,1441,26,4,169.59,15
3584,1442,150,2,180.83,0
3585,1443,185,3,376.14,25
3586,1444,209,1,344.36,0
3587,1445,71,1,345.65,25
3588,1445,244,4,347.34,0
3589,1445,27,4,342.75,5
3590,1445,153,1,149.15,0
3591,1446,145,2,496.98,30
3592,1446,41,2,216.32,10
3593,1446,1,2,234.39,15
3594,1447,238,2,64.69,15
3595,1447,250,2,455.12,0
3596,1447,213,1,467.04,0
3597,1447,9,3,195.03,15
3598,1448,182,3,560.11,20
3599,1449,124,2,61.03,10
3600,1449,194,4,648.28,20
3601,1450,66,3,522.76,15
3602,1450,3,2,108.77,20
3603,1450,194,5,534.58,30
3604,1451,200,4,222.91,10
3605,1452,128,1,587.06,10
3606,1452,212,4,693.99,30
3607,1453,146,3,339.01,25
3608,1454,103,5,145.69,15
3609,1454,68,3,615.5,10
3610,1455,192,3,314.04,20
3611,1455,162,5,281.54,15
3612,1455,17,1,142.4,30
3613,1456,106,5,490.04,25
3614,1456,37,4,545.06,30
3615,1457,224,1,813.64,20
3616,1457,21,1,375.13,30
3617,1458,57,5,349.76,5
3618,1458,167,4,303.8,0
3619,1458,81,4,511.77,15
3620,1459,111,4,345.82,0
3621,1459,138,1,532.49,25
3622,1459,46,3,48.73,20
3623,1459,161,4,433.15,0
3624,1460,34,5,558.12,0
3625,1460,60,1,479.16,0
3626,1460,152,1,306.08,25
3627,1460,191,4,299.03,5
3628,1461,234,1,194.24,0
3629,1461,198,5,331.51,10
3630,1461,177,4,600.05,30
3631,1461,139,2,477.79,0
3632,1462,205,5,377.1,0
3633,1462,221,1,643.18,25
3634,1462,10,4,502.53,0
3635,1462,189,2,471.8,5
3636,1463,159,5,448.08,0
3637,1463,231,1,629.21,20
3638,1463,147,3,401.95,20
3639,1464,99,1,726.59,15
3640,1464,221,4,597.03,0
3641,1465,46,3,45.22,30
3642,1465,234,5,131.95,25
3643,1466,210,5,520.42,0
3644,1466,138,3,538.81,0
3645,1466,164,4,86.8,10
3646,1466,246,2,17.56,5
3647,1467,71,2,327.26,15
3648,1468,1,5,262.82,25
3649,1468,99,2,579.03,0
3650,1468,120,1,358.9,15
3651,1468,211,3,88.89,0
3652,1469,41,4,211.09,0
3653,1470,176,1,91.01,0
3654,1471,230,3,183.82,15
3655,1472,232,1,575.51,0
3656,1472,7,5,370.03,15
3657,1473,42,2,235.14,15
3658,1473,247,1,722.05,15
3659,1473,30,2,208.71,0
3660,1473,113,4,376.56,15
3661,1474,32,5,130.59,0
3662,1474,163,-5,566.11,0
3663,1474,27,1,269.47,0
3664,1475,18,5,500.27,5
3665,1475,198,4,349.2,0
3666,1475,98,5,199.4,5
3667,1476,11,2,653.2,0
3668,1476,155,1,204.98,5
3669,1477,113,3,306.95,0
3670,1478,157,5,808.87,15
3671,1478,209,2,321.18,20
3672,1479,111,4,394.51,5
3673,1479,79,3,570.61,10
3674,1480,142,3,248.13,30
3675,1480,28,4,679.16,0
3676,1480,159,4,485.96,5
3677,1480,173,2,402.26,10
3678,1481,62,5,794.09,5
3679,1481,146,2,323.74,0
3680,1482,2,3,314.51,30
3681,1482,238,5,64.06,0
3682,1482,167,1,234.69,25
3683,1483,244,4,415.67,15
3684,1483,125,1,651.68,30
3685,1483,38,1,472.74,0
3686,1483,205,5,530.15,25
3687,1484,93,4,33.13,0
3688,1484,170,4,341.72,20
3689,1484,240,2,458.94,0
3690,1484,140,-4,491.38,20
3691,1485,219,5,113.79,0
3692,1485,13,2,397.26,30
3693,1485,97,1,393.68,0
3694,1485,153,3,128.29,25
3695,1486,3,1,84.98,30
3696,1486,144,5,91.49,15
3697,1486,67,5,247.61,30
3698,1486,242,3,207.81,30
3699,1487,107,3,768.68,25
3700,1487,163,1,533.21,5
3701,1487,130,4,741.53,20
3702,1488,237,5,342.79,10
3703,1488,7,-5,393.08,5
3704,1488,45,3,664.0,5
3705,1489,108,5,594.1,0
3706,1489,230,3,145.77,0
3707,1490,52,3,383.72,0
3708,1490,172,2,327.08,10
3709,1490,65,1,541.24,30
3710,1490,58,1,196.1,25
3711,1491,9,1,166.73,25
3712,1491,184,3,708.36,0
3713,1492,76,4,343.07,25
3714,1492,82,3,466.61,15
3715,1492,170,2,371.49,30
3716,1492,103,5,143.5,0
3717,1493,35,4,503.88,10
3718,1493,171,3,311.79,10
3719,1494,113,2,400.81,30
3720,1494,61,2,129.31,30
3721,1495,92,3,52.89,30
3722,1495,48,4,644.78,0
3723,1496,96,5,228.45,10
3724,1496,167,3,318.98,0
3725,1496,124,-3,56.6,20
3726,1496,187,4,382.39,10
3727,1497,150,1,229.1,0
3728,1498,2,1,318.04,15
3729,1499,80,3,379.08,5
3730,1499,25,5,130.27,20
3731,1499,189,3,510.1,0
3732,1500,234,2,172.92,0
3733,1501,176,2,90.59,5
3734,1501,106,3,584.15,20
3735,1501,28,4,476.47,30
3736,1501,104,1,575.62,25
3737,1502,1,3,256.07,0
3738,1502,46,4,41.75,10
3739,1502,214,3,314.01,20
3740,1503,173,3,391.5,15
3741,1503,73,4,234.15,10
3742,1503,106,5,393.4,15
3743,1503,215,5,439.4,25
3744,1504,237,2,300.78,0
3745,1504,226,5,507.12,0
3746,1504,13,1,482.2,10
3747,1504,6,2,631.07,0
3748,1505,118,3,12.24,10
3749,1505,199,2,630.95,10
3750,1505,117,4,639.01,10
3751,1505,14,4,54.46,0
3752,1506,185,5,368.15,30
3753,1506,199,5,533.03,20
3754,1506,230,-1,195.66,25
3755,1506,75,5,628.65,5
3756,1507,34,5,440.4,15
3757,1507,246,1,15.41,0
3758,1507,152,3,226.8,25
3759,1508,93,5,43.66,5
3760,1509,229,1,583.93,5
3761,1509,236,1,98.66,25
3762,1509,132,4,570.78,5
3763,1510,152,3,254.97,25
3764,1510,201,3,354.33,0
3765,1511,177,1,664.04,0
3766,1511,26,2,206.83,0
3767,1512,82,4,370.34,30
3768,1513,163,1,741.98,15
3769,1513,114,3,483.72,0
3770,1513,239,2,422.06,20
3771,1513,66,2,487.05,15
3772,1514,246,5,16.38,10
3773,1515,124,2,63.75,30
3774,1516,42,2,270.84,20
3775,1516,50,1,665.67,10
3776,1516,69,5,540.83,5
3777,1517,116,5,71.25,0
3778,1517,38,1,588.95,15
3779,1517,155,3,272.54,10
3780,1518,246,3,12.42,5
3781,1518,19,4,296.41,5
3782,1518,171,3,341.02,15
3783,1518,226,4,450.46,25
3784,1519,37,1,510.68,0
3785,1520,79,5,523.76,30
3786,1520,194,4,745.47,0
3787,1520,163,3,530.65,0
3788,1520,202,1,219.36,0
3789,1521,228,4,103.26,5
3790,1521,143,5,284.07,0
3791,1522,74,4,7.22,0
3792,1522,132,4,551.04,0
3793,1522,226,3,512.53,5
3794,1522,35,1,483.03,25
3795,1523,80,3,463.54,10
3796,1524,152,4,296.33,15
3797,1525,46,2,51.19,0
3798,1525,243,2,821.88,25
3799,1525,20,4,527.92,5
3800,1525,106,1,493.57,0
3801,1526,230,3,178.1,0
3802,1527,23,4,466.56,0
3803,1527,149,3,110.26,15
3804,1528,159,4,458.83,20
3805,1529,185,3,377.69,0
3806,1530,48,3,601.82,20
3807,1531,95,4,137.01,25
3808,1531,186,4,76.55,10
3809,1531,16,4,278.78,0
3810,1531,206,2,118.11,10
3811,1532,195,1,781.64,25
3812,1532,222,1,118.28,15
3813,1532,215,2,426.89,0
3814,1532,199,3,667.55,0
3815,1533,163,4,721.84,5
3816,1534,29,1,367.97,0
3817,1534,32,1,141.77,25
3818,1534,148,1,241.77,25
3819,1534,111,1,459.29,10
3820,1535,146,4,397.46,30
3821,1536,212,2,514.94,30
3822,1536,132,4,549.65,10
3823,1536,116,5,68.29,30
3824,1536,200,3,181.08,30
3825,1537,46,3,47.57,0
3826,1537,60,1,419.32,25
3827,1537,84,3,492.11,15
3828,1537,208,2,634.02,0
3829,1538,17,4,173.4,30
3830,1539,5,5,658.87,10
3831,1539,104,5,483.04,0
3832,1539,116,3,49.84,10
3833,1540,170,2,365.79,15
3834,1540,105,4,439.15,0
3835,1541,226,5,579.27,0
3836,1542,182,5,594.26,0
3837,1543,153,4,123.12,10
3838,1543,16,5,330.35,0
3839,1543,58,2,188.45,0
3840,1543,181,1,519.44,0
3841,1544,6,4,568.91,0
3842,1545,229,3,726.89,0
3843,1546,223,1,352.22,25
3844,1546,214,2,318.16,20
3845,1546,121,1,178.95,30
3846,1546,89,3,595.73,0
3847,1547,125,5,805.62,15
3848,1547,46,1,44.42,0
3849,1547,94,5,199.94,0
3850,1547,151,4,215.13,0
3851,1548,163,4,731.57,0
3852,1548,151,3,249.35,5
3853,1548,93,5,32.75,0
3854,1549,60,5,461.0,0
3855,1549,193,4,108.5,15
3856,1549,218,4,262.74,5
3857,1549,191,3,298.63,10
3858,1550,24,1,442.15,15
3859,1550,87,5,523.99,0
3860,1551,223,2,384.76,15
3861,1551,207,2,511.32,5
3862,1551,4,2,221.23,5
3863,1552,230,3,151.84,5
3864,1552,61,2,111.27,5
3865,1552,205,5,485.69,15
3866,1553,142,2,180.34,15
3867,1553,108,3,588.56,30
3868,1554,201,5,336.01,0
3869,1554,174,5,69.63,15
3870,1554,134,2,551.89,25
3871,1555,225,3,210.48,25
3872,1555,98,1,157.19,30
3873,1555,174,2,58.53,0
3874,1555,118,1,10.74,15
3875,1556,163,1,734.37,5
3876,1556,197,3,357.07,25
3877,1557,194,5,618.48,20
3878,1557,125,4,620.84,30
3879,1557,135,3,345.22,0
3880,1558,205,2,385.38,5
3881,1559,206,4,122.49,15
3882,1559,195,4,765.01,10
3883,1559,41,4,194.61,0
3884,1559,139,2,698.05,20
3885,1560,205,5,528.27,20
3886,1560,133,1,525.32,20
3887,1560,187,5,447.81,5
3888,1561,88,4,252.56,30
3889,1561,185,2,348.4,0
3890,1561,133,-4,766.17,0
3891,1562,180,1,177.02,5
3892,1562,49,3,151.08,15
3893,1562,167,2,300.4,0
3894,1563,158,2,665.72,0
3895,1563,140,1,435.87,30
3896,1563,195,4,799.21,30
3897,1563,227,4,612.89,0
3898,1564,181,2,474.79,20
3899,1564,130,5,731.16,10
3900,1565,54,4,665.82,0
3901,1565,45,4,552.48,20
3902,1565,144,2,93.39,0
3903,1566,176,1,90.33,5
3904,1567,179,5,372.81,25
3905,1567,198,3,385.15,30
3906,1567,195,1,856.29,25
3907,1568,154,2,595.54,0
3908,1568,92,4,52.33,0
3909,1569,176,2,68.39,30
3910,1569,202,3,249.19,5
3911,1570,220,5,530.31,0
3912,1570,157,1,799.37,0
3913,1570,30,2,227.07,0
3914,1570,23,5,449.01,15
3915,1571,5,1,772.64,0
3916,1572,58,2,172.65,30
3917,1573,56,1,73.66,30
3918,1574,214,1,316.63,10
3919,1575,22,2,19.38,0
3920,1575,127,4,244.86,10
3921,1575,179,-5,451.39,5
3922,1575,228,2,119.35,5
3923,1576,245,2,688.04,15
3924,1577,80,5,460.61,0
3925,1578,225,1,221.31,15
3926,1579,169,5,31.91,5
3927,1579,222,2,143.52,0
3928,1580,164,3,123.08,20
3929,1581,61,2,126.71,5
3930,1581,133,3,754.93,5
3931,1582,151,-5,195.1,0
3932,1583,27,4,302.99,0
3933,1583,80,2,393.77,10
3934,1583,2,1,460.69,10
3935,1584,223,5,367.69,10
3936,1584,191,2,289.41,30
3937,1584,166,1,511.35,150
3938,1585,27,5,329.37,0
3939,1585,5,1,738.73,15
3940,1585,249,5,61.83,20
3941,1586,122,1,416.62,0
3942,1586,166,2,378.83,30
3943,1586,73,5,280.3,15
3944,1586,226,5,598.88,25
3945,1587,3,1,82.12,30
3946,1587,21,2,444.44,15
3947,1588,97,1,466.49,0
3948,1588,182,4,758.43,25
3949,1588,87,3,469.12,15
3950,1588,246,1,15.14,0
3951,1589,79,3,485.91,10
3952,1589,115,5,396.24,20
3953,1589,10,-5,531.66,30
3954,1590,83,5,216.0,20
3955,1590,114,2,487.56,25
3956,1590,126,-4,524.35,0
3957,1591,83,2,305.42,0
3958,1591,191,4,264.84,0
3959,1591,233,3,473.46,25
3960,1592,25,4,125.73,15
3961,1593,142,1,194.57,5
3962,1593,218,4,256.07,0
3963,1593,235,5,395.74,20
3964,1594,112,2,835.89,20
3965,1594,72,4,375.53,25
3966,1594,92,3,47.6,30
3967,1595,15,1,515.04,10
3968,1595,213,5,560.41,15
3969,1595,4,5,254.49,30
3970,1596,37,3,609.4,0
3971,1597,83,-2,281.83,0
3972,1597,173,5,418.2,15
3973,1598,138,1,510.67,30
3974,1599,48,2,636.5,0
3975,1599,87,4,464.23,0
3976,1599,139,1,523.88,30
3977,1600,189,4,432.16,20
3978,1601,149,1,150.04,15
3979,1602,226,4,458.75,15
3980,1602,76,3,423.66,10
3981,1602,112,1,733.64,5
3982,1602,205,2,431.11,10
3983,1603,191,4,354.37,15
3984,1603,119,5,520.78,20
3985,1603,184,2,601.55,5
3986,1604,49,5,153.52,0
3987,1605,196,1,291.87,10
3988,1605,60,1,480.99,20
3989,1605,220,5,511.06,25
3990,1605,178,4,496.79,15
3991,1606,150,1,172.13,10
3992,1607,110,4,246.96,5
3993,1607,137,2,145.27,30
3994,1608,74,3,5.6,25
3995,1608,207,5,418.75,0
3996,1609,119,-2,472.53,5
3997,1609,138,2,458.71,10
3998,1609,212,3,737.65,20
3999,1610,232,2,664.97,0
4000,1610,132,5,521.7,20
4001,1610,164,1,118.05,30
4002,1610,69,2,570.59,10
4003,1611,122,1,396.55,20
4004,1611,136,3,660.05,30
4005,1611,10,2,495.14,20
4006,1612,143,2,290.88,25
4007,1612,178,5,463.68,20
4008,1613,68,1,694.95,5
4009,1614,196,2,270.56,0
4010,1614,2,1,411.72,30
4011,1615,71,1,345.71,25
4012,1615,149,4,114.42,20
4013,1616,53,4,632.6,0
4014,1617,143,3,238.89,0
4015,1618,9,1,193.42,25
4016,1618,14,2,62.92,0
4017,1619,195,-4,729.13,30
4018,1619,154,4,852.55,10
4019,1619,19,1,199.58,0
4020,1619,138,5,383.49,5
4021,1620,155,3,264.99,5
4022,1620,15,2,521.12,0
4023,1621,71,3,326.6,15
4024,1622,152,2,275.54,0
4025,1622,43,5,112.64,0
4026,1622,205,2,511.77,0
4027,1622,100,1,506.37,10
4028,1623,22,1,15.4,30
4029,1624,66,1,411.86,0
4030,1625,194,3,628.9,10
4031,1625,104,4,457.36,30
4032,1626,123,2,225.56,25
4033,1627,181,2,477.91,15
4034,1628,105,5,425.61,15
4035,1628,75,4,436.99,10
4036,1629,104,2,613.38,25
4037,1629,214,1,289.17,30
4038,1629,57,4,337.75,25
4039,1629,93,5,40.44,15
4040,1630,19,5,252.56,5
4041,1630,80,5,411.73,5
4042,1630,227,1,632.7,10
4043,1630,2,4,339.08,0
4044,1631,208,5,532.97,30
4045,1631,19,1,290.15,5
4046,1631,106,2,431.17,0
4047,1631,203,1,649.32,25
4048,1632,112,5,739.26,30
4049,1632,82,-1,380.68,20
4050,1633,158,4,817.8,0
4051,1634,160,1,684.5,10
4052,1634,174,3,67.71,0
4053,1635,17,4,176.58,15
4054,1636,78,2,292.12,30
4055,1636,3,4,102.95,0
4056,1636,101,3,471.45,25
4057,1636,184,3,637.91,20
4058,1637,192,4,357.27,20
4059,1638,169,1,35.17,20
4060,1639,76,3,326.76,25
4061,1639,24,3,495.27,20
4062,1640,85,3,311.74,0
4063,1640,49,2,130.11,15
4064,1640,223,2,326.65,10
4065,1640,151,5,248.28,0
4066,1641,132,3,507.79,0
4067,1642,164,4,87.45,10
4068,1642,67,2,255.97,20
4069,1642,145,4,659.0,0
4070,1643,226,3,441.39,0
4071,1643,22,3,18.87,15
4072,1644,156,1,673.88,25
4073,1644,103,5,139.57,5
4074,1644,165,4,105.55,30
4075,1644,114,3,644.39,0
4076,1645,103,4,145.32,25
4077,1645,206,2,111.77,0
4078,1646,123,1,170.95,25
4079,1646,200,1,200.25,0
4080,1646,79,1,459.16,30
4081,1646,227,3,568.85,30
4082,1647,104,1,538.04,20
4083,1647,70,5,596.43,30
4084,1647,150,1,195.67,25
4085,1647,60,1,534.48,10
4086,1648,83,5,271.39,0
4087,1648,203,4,593.16,25
4088,1649,93,3,36.3,25
4089,1649,17,3,126.04,0
4090,1650,232,3,465.19,5
4091,1650,239,1,446.32,30
4092,1650,144,1,98.73,20
4093,1651,174,5,79.58,15
4094,1652,118,4,9.05,0
4095,1652,168,2,528.85,0
4096,1652,101,4,679.58,25
4097,1652,78,4,321.29,0
4098,1653,200,5,202.77,20
4099,1653,113,5,403.4,20
4100,1653,204,5,81.94,30
4101,1653,3,2,112.64,20
4102,1654,78,3,234.86,15
4103,1654,71,4,345.62,15
4104,1654,77,2,95.72,15
4105,1654,34,4,437.88,0
4106,1655,218,2,203.63,5
4107,1656,137,1,142.71,0
4108,1656,91,4,590.95,10
4109,1657,135,4,412.41,0
4110,1657,154,2,617.72,15
4111,1657,77,3,84.99,0
4112,1657,164,5,106.36,0
4113,1658,250,2,439.0,5
4114,1658,58,3,161.28,10
4115,1658,6,3,453.99,15
4116,1658,247,4,677.06,0
4117,1659,14,3,64.82,5
4118,1659,79,4,405.76,0
4119,1659,95,2,160.07,20
4120,1660,73,1,227.63,0
4121,1660,195,4,735.07,0
4122,1660,78,1,309.89,30
4123,1661,229,2,564.58,5
4124,1662,212,4,542.55,30
4125,1662,109,1,351.41,30
4126,1662,195,5,650.17,25
4127,1663,63,3,114.02,25
4128,1664,129,-3,556.99,30
4129,1665,172,3,316.2,15
4130,1665,107,1,718.94,20
4131,1666,28,3,488.08,25
4132,1666,113,2,317.95,5
4133,1666,137,3,161.44,10
4134,1666,214,-5,336.34,15
4135,1667,16,2,308.23,5
4136,1668,240,4,449.66,5
4137,1668,219,2,95.44,0
4138,1668,70,2,567.86,0
4139,1669,7,3,449.35,15
4140,1669,241,4,689.74,30
4141,1670,96,3,218.14,25
4142,1670,57,2,408.63,10
4143,1670,8,3,73.87,30
4144,1670,91,5,726.65,0
4145,1671,174,3,78.0,30
4146,1672,133,1,561.51,30
4147,1672,93,5,41.52,30
4148,1672,194,1,726.01,10
4149,1672,108,3,468.63,20
4150,1673,230,2,154.81,30
4151,1674,92,3,50.36,30
4152,1674,171,4,328.54,0
4153,1674,103,5,163.3,25
4154,1674,54,4,613.26,30
4155,1675,49,1,149.93,10
4156,1675,200,4,185.33,0
4157,1675,21,5,447.39,0
4158,1675,47,2,447.46,25
4159,1676,189,3,425.76,20
4160,1677,107,3,705.66,0
4161,1677,147,2,370.87,20
4162,1677,180,5,192.05,5
4163,1677,2,4,322.43,30
4164,1678,85,5,273.71,0
4165,1679,76,4,295.05,10
4166,1679,10,1,458.93,0
4167,1679,170,4,290.93,5
4168,1679,77,3,100.49,25
4169,1680,13,1,479.61,5
4170,1680,117,5,639.79,10
4171,1680,31,4,211.86,0
4172,1680,66,5,443.46,0
4173,1681,16,4,326.16,20
4174,1681,139,4,619.19,25
4175,1681,227,2,470.97,25
4176,1681,82,3,432.26,0
4177,1682,210,5,609.86,5
4178,1683,136,4,507.57,5
4179,1683,138,3,370.53,5
4180,1683,55,5,389.31,0
4181,1683,119,-1,565.16,20
4182,1684,90,4,642.99,20
4183,1684,203,4,702.0,0
4184,1684,27,2,313.03,5
4185,1684,216,5,389.1,25
4186,1685,100,2,599.27,30
4187,1685,14,3,66.04,0
4188,1686,226,1,588.22,15
4189,1686,78,2,266.99,15
4190,1686,200,4,201.3,0
4191,1686,28,5,629.37,30
4192,1687,107,2,768.74,0
4193,1687,39,4,658.72,25
4194,1687,4,1,216.62,30
4195,1687,166,4,426.84,10
4196,1688,227,5,473.07,20
4197,1688,86,4,69.88,0
4198,1688,82,4,403.71,25
4199,1688,208,5,583.02,20
4200,1689,9,2,146.73,5
4201,1689,190,1,103.73,0
4202,1689,91,1,713.65,0
4203,1689,197,5,357.43,5
4204,1690,167,4,251.49,20
4205,1691,93,5,41.64,15
4206,1692,59,5,609.56,0
4207,1692,237,5,357.95,0
4208,1693,83,4,285.63,5
4209,1694,90,5,809.16,5
4210,1695,105,4,374.41,30
4211,1695,158,2,760.92,0
4212,1696,25,4,142.34,0
4213,1696,126,-2,699.02,20
4214,1696,78,2,246.82,30
4215,1697,134,5,561.47,0
4216,1697,86,2,67.1,0
4217,1697,90,2,622.98,25
4218,1698,58,2,151.41,0
4219,1698,197,5,502.85,20
4220,1699,69,1,515.02,10
4221,1699,120,2,301.87,0
4222,1700,133,1,714.67,0
4223,1700,95,1,117.35,0
4224,1700,77,-4,98.2,15
4225,1700,6,4,510.54,15
4226,1701,125,3,717.77,30
4227,1702,140,1,444.55,20
4228,1702,138,2,512.6,10
4229,1703,236,2,98.26,30
4230,1703,100,2,582.25,5
4231,1704,109,3,338.15,0
4232,1704,26,5,155.68,0
4233,1704,75,4,563.2,0
4234,1704,213,2,487.08,15
4235,1705,144,1,100.17,0
4236,1705,19,4,212.69,0
4237,1705,99,3,673.49,0
4238,1706,175,3,337.19,10
4239,1707,169,5,32.91,0
4240,1708,221,1,603.72,20
4241,1709,9,5,142.11,20
4242,1709,33,3,194.27,0
4243,1709,238,5,58.38,15
4244,1710,12,-5,653.5,30
4245,1710,223,5,274.28,30
4246,1710,179,1,373.93,5
4247,1710,40,4,210.44,25
4248,1711,14,-2,69.02,0
4249,1711,220,4,582.47,0
4250,1712,224,4,757.96,20
4251,1712,94,3,219.75,0
4252,1713,115,2,295.21,0
4253,1714,213,5,533.29,0
4254,1714,105,5,368.91,5
4255,1715,181,2,570.09,30
4256,1715,168,3,449.1,0
4257,1716,198,2,449.68,15
4258,1716,135,4,425.64,0
4259,1717,68,2,650.51,0
4260,1717,21,1,409.5,30
4261,1718,5,2,701.09,0
4262,1718,150,1,212.9,10
4263,1719,145,2,532.67,0
4264,1719,200,5,238.23,0
4265,1719,218,5,221.97,0
4266,1719,158,4,856.26,30
4267,1720,138,3,506.26,0
4268,1720,148,4,336.92,30
4269,1720,89,1,637.86,25
4270,1721,213,1,388.57,0
4271,1722,74,3,7.73,0
4272,1722,158,3,616.16,15
4273,1722,108,5,543.11,150
4274,1722,178,1,517.46,5
4275,1723,70,3,582.88,10
4276,1723,174,2,55.82,15
4277,1724,101,4,663.06,10
4278,1725,13,3,450.52,25
4279,1725,230,3,151.31,25
4280,1725,99,1,570.61,30
4281,1725,113,5,314.48,0
4282,1726,10,4,488.85,25
4283,1727,130,3,555.75,0
4284,1728,41,3,162.63,25
4285,1728,117,4,569.14,0
4286,1729,97,4,397.36,15
4287,1729,85,5,318.17,20
4288,1729,93,4,31.95,10
4289,1729,129,2,480.81,10
4290,1730,29,1,348.02,15
4291,1730,104,3,552.61,5
4292,1730,160,2,615.58,30
4293,1730,117,1,507.62,10
4294,1731,171,2,423.0,25
4295,1731,155,1,291.15,30
4296,1731,101,2,606.3,25
4297,1732,168,3,517.87,0
4298,1732,135,2,499.59,0
4299,1732,158,4,772.13,25
4300,1733,134,1,453.56,20
4301,1734,76,2,419.28,10
4302,1734,249,5,52.83,0
4303,1734,67,4,243.87,10
4304,1734,155,3,220.7,20
4305,1735,184,1,608.78,0
4306,1735,135,4,453.03,15
4307,1736,139,1,539.87,20
4308,1737,186,4,73.98,0
4309,1737,8,2,81.93,0
4310,1738,95,4,131.31,0
4311,1739,238,3,62.89,25
4312,1739,83,1,249.36,20
4313,1739,59,5,442.28,5
4314,1740,90,3,710.1,5
4315,1740,67,2,255.33,15
4316,1741,247,3,782.66,25
4317,1742,197,2,406.1,25
4318,1743,86,3,67.05,30
4319,1743,52,1,301.65,0
4320,1744,34,1,524.2,150
4321,1745,60,3,589.82,10
4322,1745,1,4,211.65,5
4323,1745,94,1,232.24,0
4324,1745,141,4,470.21,0
4325,1746,93,1,42.94,5
4326,1747,122,2,337.02,30
4327,1748,187,3,505.23,0
4328,1748,163,2,720.01,5
4329,1748,168,2,488.92,15
4330,1749,206,2,121.87,20
4331,1749,247,2,602.39,0
4332,1749,168,5,500.85,15
4333,1750,51,5,437.8,15
4334,1750,204,2,106.83,15
4335,1751,62,5,708.32,30
4336,1751,143,2,260.24,25
4337,1751,203,5,618.67,15
4338,1751,126,2,690.42,5
4339,1752,118,2,11.87,150
4340,1753,78,-3,260.89,25
4341,1754,86,4,76.93,15
4342,1755,166,5,420.63,25
4343,1756,42,3,220.85,10
4344,1756,16,1,286.14,0
4345,1757,215,2,419.29,5
4346,1757,21,1,424.76,0
4347,1757,250,5,437.57,0
4348,1757,56,4,59.7,0
4349,1758,163,3,571.18,0
4350,1758,153,3,129.62,0
4351,1759,199,-1,627.45,5
4352,1759,135,2,499.43,0
4353,1760,86,5,65.74,0
4354,1760,60,2,486.72,20
4355,1761,106,3,426.38,30
4356,1761,189,4,442.37,30
4357,1761,230,4,200.44,15
4358,1761,18,1,623.42,0
4359,1762,153,2,123.46,5
4360,1763,125,1,875.94,15
4361,1763,215,4,401.35,5
4362,1764,75,5,488.98,25
4363,1764,222,5,120.07,0
4364,1765,243,1,701.43,0
4365,1765,43,2,93.55,5
4366,1766,51,3,482.61,0
4367,1767,99,1,545.61,10
4368,1768,225,1,207.91,10
4369,1769,87,2,618.57,0
4370,1769,95,1,135.23,5
4371,1769,59,3,631.45,20
4372,1770,51,4,510.15,15
4373,1770,220,2,536.56,30
4374,1771,202,-5,237.68,5
4375,1771,149,3,138.2,25
4376,1771,89,2,480.25,25
4377,1772,190,-2,98.95,150
4378,1772,224,5,808.59,10
4379,1773,101,3,613.84,15
4380,1773,159,5,399.73,15
4381,1773,98,1,223.35,20
4382,1774,118,1,12.87,15
4383,1774,174,3,73.52,0
4384,1775,229,3,675.12,20
4385,1776,19,4,213.43,30
4386,1776,166,3,514.63,15
4387,1776,78,2,287.77,10
4388,1777,216,2,383.07,0
4389,1777,82,2,372.74,20
4390,1777,76,3,426.08,5
4391,1778,39,3,649.18,0
4392,1778,17,4,142.81,0
4393,1778,229,2,671.86,0
4394,1779,42,2,300.03,20
4395,1779,114,5,545.01,20
4396,1780,75,5,480.67,5
4397,1780,169,4,41.09,0
4398,1780,188,2,281.74,10
4399,1780,3,5,90.93,0
4400,1781,79,-1,534.29,10
4401,1781,212,1,511.31,5
4402,1781,188,3,392.87,0
4403,1781,73,-2,240.65,20
4404,1782,22,1,14.4,10
4405,1782,53,3,456.14,0
4406,1782,94,5,264.19,15
4407,1783,4,4,244.78,15
4408,1783,69,5,542.99,0
4409,1783,6,1,556.59,0
4410,1783,122,2,324.53,5
4411,1784,27,1,375.55,20
4412,1785,217,2,252.38,5
4413,1785,10,4,430.68,0
4414,1785,245,4,772.61,15
4415,1785,32,1,168.5,25
4416,1786,38,2,431.0,0
4417,1786,79,2,456.48,0
4418,1787,185,5,451.88,0
4419,1787,242,2,164.35,0
4420,1787,237,5,380.54,0
4421,1787,152,3,326.61,0
4422,1788,43,5,121.3,0
4423,1789,170,2,351.55,25
4424,1789,79,3,537.54,10
4425,1790,68,3,714.45,0
4426,1790,110,2,203.06,30
4427,1790,111,4,450.81,10
4428,1791,10,2,420.13,0
4429,1792,38,-2,605.44,20
4430,1792,128,2,553.31,25
4431,1792,18,1,431.68,0
4432,1792,14,2,59.4,0
4433,1793,49,1,157.3,25
4434,1793,15,2,480.75,20
4435,1794,165,1,103.36,0
4436,1794,248,1,351.63,20
4437,1794,224,5,672.17,20
4438,1794,109,1,347.63,0
4439,1795,173,1,326.42,0
4440,1796,101,2,663.5,0
4441,1796,107,2,590.68,15
4442,1796,101,4,618.63,15
4443,1796,135,1,449.68,0
4444,1797,141,4,391.51,0
4445,1798,90,3,820.68,10
4446,1799,150,3,210.65,0
4447,1800,17,-3,146.32,0
4448,1800,193,5,128.84,25
4449,1800,149,5,110.9,10
4450,1800,138,4,408.62,0
4451,1801,116,5,58.53,0
4452,1802,112,-3,690.55,0
4453,1802,212,2,620.57,0
4454,1802,115,2,347.07,15
4455,1802,138,5,415.51,5
4456,1803,55,3,466.16,25
4457,1804,121,2,257.63,15
4458,1804,228,3,95.79,25
4459,1804,154,-4,835.46,0
4460,1804,118,1,11.52,30
4461,1805,30,2,191.02,0
4462,1806,66,-4,521.66,0
4463,1806,89,5,580.5,15
4464,1807,103,1,121.86,20
4465,1807,69,1,743.08,10
4466,1807,181,4,572.04,20
4467,1807,37,2,513.72,25
4468,1808,5,1,608.14,20
4469,1809,134,4,599.15,15
4470,1809,232,5,473.39,20
4471,1810,232,5,509.42,5
4472,1810,172,3,361.6,0
4473,1810,46,3,43.41,20
4474,1810,164,3,99.76,5
4475,1811,232,1,505.27,0
4476,1811,113,4,345.08,25
4477,1811,56,2,58.23,0
4478,1811,5,3,523.06,0
4479,1812,41,3,210.96,0
4480,1812,203,2,770.63,20
4481,1812,189,5,356.38,20
4482,1813,97,4,499.27,30
4483,1814,129,3,519.77,15
4484,1814,93,5,40.28,15
4485,1814,164,3,126.29,15
4486,1814,60,5,600.42,30
4487,1815,192,4,331.14,0
4488,1815,66,5,411.75,0
4489,1816,204,2,85.78,30
4490,1816,58,3,206.42,5
4491,1816,5,5,640.83,0
4492,1816,204,5,84.34,30
4493,1817,20,5,437.91,5
4494,1818,239,3,593.67,30
4495,1818,166,3,481.35,0
4496,1819,200,5,203.9,25
4497,1819,182,-3,611.83,10
4498,1820,12,5,617.02,0
4499,1820,206,5,89.04,25
4500,1821,1,3,197.39,15
4501,1821,233,4,523.88,5
4502,1821,116,4,52.94,0
4503,1822,72,3,287.7,0
4504,1822,189,5,395.38,20
4505,1822,165,2,108.68,10
4506,1822,107,3,610.09,30
4507,1823,175,4,324.92,0
4508,1823,18,-4,485.08,25
4509,1823,197,4,355.45,0
4510,1823,187,3,476.46,30
4511,1824,238,4,70.01,25
4512,1824,161,5,500.81,25
4513,1824,67,2,219.39,25
4514,1825,89,2,493.14,0
4515,1825,137,2,188.05,15
4516,1825,166,3,486.2,5
4517,1826,123,2,182.04,10
4518,1826,212,2,562.03,30
4519,1826,249,5,67.87,15
4520,1826,103,2,155.32,0
4521,1827,113,3,299.97,25
4522,1827,92,2,50.04,0
4523,1827,144,4,91.61,0
4524,1828,70,5,616.06,0
4525,1829,17,3,174.38,30
4526,1829,167,3,324.03,0
4527,1829,159,4,512.37,5
4528,1829,80,2,367.82,0
4529,1830,210,1,681.75,20
4530,1830,99,5,687.59,30
4531,1830,12,4,555.44,10
4532,1831,125,4,643.37,0
4533,1831,115,2,375.89,30
4534,1832,32,4,167.88,25
4535,1832,239,1,490.14,30
4536,1832,51,1,398.25,5
4537,1832,146,1,365.01,20
4538,1833,109,4,271.71,30
4539,1834,123,4,221.95,0
4540,1834,47,5,502.71,0
4541,1834,127,5,274.8,0
4542,1834,117,4,532.03,10
4543,1835,118,3,11.81,15
4544,1835,50,2,823.9,0
4545,1835,7,2,432.51,0
4546,1836,62,3,635.5,10
4547,1836,224,1,788.94,15
4548,1836,133,2,764.11,30
4549,1836,145,4,533.93,0
4550,1837,112,4,695.45,5
4551,1838,54,4,498.31,10
4552,1839,50,3,668.86,15
4553,1839,219,3,90.57,0
4554,1840,9,3,138.53,20
4555,1841,75,5,543.34,25
4556,1842,25,-4,142.29,20
4557,1842,186,5,76.07,0
4558,1843,206,3,126.61,20
4559,1843,222,4,107.26,30
4560,1843,206,2,129.24,20
4561,1844,172,3,323.4,30
4562,1844,8,2,76.26,20
4563,1844,195,2,634.21,20
4564,1845,71,5,288.21,0
4565,1846,158,3,818.96,5
4566,1847,13,4,417.76,0
4567,1847,149,5,143.38,0
4568,1847,239,5,399.95,30
4569,1848,27,1,300.11,15
4570,1849,126,1,759.89,0
4571,1849,100,2,509.32,0
4572,1849,249,3,61.38,30
4573,1850,31,3,292.96,5
4574,1850,235,3,315.27,0
4575,1851,31,3,302.3,15
4576,1852,148,4,244.52,0
4577,1852,216,5,414.31,0
4578,1853,61,1,117.6,20
4579,1854,5,3,755.8,10
4580,1854,53,1,612.46,0
4581,1855,108,1,613.55,0
4582,1856,190,5,88.61,5
4583,1856,94,2,254.87,25
4584,1857,1,4,276.53,0
4585,1858,52,1,396.4,0
4586,1858,89,2,691.55,30
4587,1858,220,-5,586.88,10
4588,1859,12,3,495.39,15
4589,1859,25,5,141.25,0
4590,1859,9,4,187.54,10
4591,1859,234,2,172.49,0
4592,1860,132,5,544.38,20
4593,1860,103,1,146.02,15
4594,1861,174,4,68.62,0
4595,1861,49,2,149.49,0
4596,1861,132,5,551.16,0
4597,1862,124,2,63.76,30
4598,1862,123,4,155.97,0
4599,1862,95,5,168.04,10
4600,1863,178,3,402.05,30
4601,1863,49,1,129.42,15
4602,1864,237,3,295.24,0
4603,1865,182,4,754.19,150
4604,1865,132,3,580.58,0
4605,1866,175,3,301.62,0
4606,1866,186,3,92.42,15
4607,1867,38,3,498.92,10
4608,1867,240,5,331.36,0
4609,1867,216,2,285.13,0
4610,1867,151,4,189.69,0
4611,1868,132,2,611.41,0
4612,1868,192,2,344.22,20
4613,1868,34,4,440.89,10
4614,1869,1,2,201.51,5
4615,1870,32,5,143.1,15
4616,1871,167,2,268.69,30
4617,1871,205,2,528.59,10
4618,1871,62,4,651.35,0
4619,1871,6,3,596.3,0
4620,1872,132,5,550.55,0
4621,1872,158,5,685.15,10
4622,1873,112,4,720.14,25
4623,1874,7,4,419.31,10
4624,1875,245,3,587.27,15
4625,1876,96,1,214.03,15
4626,1877,43,3,112.23,15
4627,1877,25,2,130.76,0
4628,1877,135,2,421.46,0
4629,1878,229,1,528.95,25
4630,1879,81,2,630.72,0
4631,1879,161,4,416.68,0
4632,1879,63,3,87.7,20
4633,1879,96,2,203.74,0
4634,1880,57,1,290.61,0
4635,1881,214,1,281.35,25
4636,1881,129,1,519.81,15
4637,1881,233,2,481.03,25
4638,1882,110,3,184.42,20
4639,1882,167,5,269.6,30
4640,1883,90,5,660.95,10
4641,1883,55,4,451.38,10
4642,1884,116,4,51.95,5
4643,1884,106,1,489.29,0
4644,1884,73,1,234.16,15
4645,1884,33,1,140.84,25
4646,1885,188,2,315.68,15
4647,1886,61,2,130.93,30
4648,1886,78,1,258.62,0
4649,1887,190,4,104.98,10
4650,1887,106,1,504.17,0
4651,1887,135,5,477.13,0
4652,1887,31,5,246.21,0
4653,1888,234,1,143.56,15
4654,1889,3,3,83.64,20
4655,1889,186,3,101.65,30
4656,1889,74,5,7.32,25
4657,1889,72,5,339.76,0
4658,1890,92,4,52.87,0
4659,1891,136,3,502.19,0
4660,1891,125,5,839.37,0
4661,1891,240,5,343.0,20
4662,1891,245,3,587.77,20
4663,1892,30,5,202.13,0
4664,1892,190,4,91.31,10
4665,1892,119,4,453.97,30
4666,1892,96,4,247.03,5
4667,1893,164,5,108.97,20
4668,1894,31,3,292.9,15
4669,1894,113,1,383.09,0
4670,1894,114,3,631.05,15
4671,1895,7,1,464.48,0
4672,1895,68,4,570.37,15
4673,1896,164,5,94.55,25
4674,1897,14,3,56.16,0
4675,1897,215,4,310.08,30
4676,1897,83,4,226.43,0
4677,1898,56,2,67.44,0
4678,1898,7,1,339.29,0
4679,1898,232,1,582.02,20
4680,1899,245,1,810.16,30
4681,1900,160,2,591.42,15
4682,1901,42,5,298.3,5
4683,1901,16,1,283.19,15
4684,1902,234,3,171.72,30
4685,1902,172,2,328.9,10
4686,1902,232,1,620.93,0
4687,1902,146,4,322.2,10
4688,1903,37,2,542.68,15
4689,1903,247,3,805.77,20
4690,1903,203,5,564.11,15
4691,1903,91,3,587.86,5
4692,1904,46,1,39.52,5
4693,1904,176,4,63.22,0
4694,1905,65,5,630.79,30
4695,1905,188,3,332.04,20
4696,1905,125,4,824.05,30
4697,1905,55,5,558.65,0
4698,1906,9,2,174.98,0
4699,1906,136,2,494.27,25
4700,1907,70,5,492.94,20
4701,1908,68,5,617.62,10
4702,1908,72,2,392.56,20
4703,1909,84,2,573.57,5
4704,1909,151,1,216.18,10
4705,1909,20,5,508.89,0
4706,1910,19,5,204.23,15
4707,1910,22,1,17.49,10
4708,1910,120,2,356.82,20
4709,1910,225,1,155.44,20
4710,1911,61,2,145.78,10
4711,1911,69,-4,711.22,30
4712,1912,224,5,584.06,20
4713,1912,101,2,625.46,20
4714,1912,19,1,274.95,30
4715,1913,89,2,607.02,0
4716,1913,149,5,108.78,0
4717,1914,226,2,621.71,5
4718,1914,19,3,254.18,25
4719,1915,23,3,437.88,0
4720,1915,67,3,314.01,30
4721,1915,225,-4,170.94,30
4722,1915,170,5,297.12,5
4723,1916,101,1,652.53,0
4724,1916,107,4,668.59,0
4725,1917,124,4,65.66,0
4726,1918,208,-3,453.8,5
4727,1918,169,3,42.25,0
4728,1919,61,4,143.08,10
4729,1920,56,3,77.59,0
4730,1921,149,2,113.92,30
4731,1921,224,3,719.6,20
4732,1922,157,2,638.6,30
4733,1922,193,4,100.78,30
4734,1923,157,4,711.37,30
4735,1923,205,1,443.89,30
4736,1923,68,2,547.35,0
4737,1924,200,2,188.05,15
4738,1924,35,2,403.71,25
4739,1924,230,3,150.5,5
4740,1925,199,5,486.72,5
4741,1926,146,4,397.77,0
4742,1926,171,1,368.98,30
4743,1927,214,3,316.16,5
4744,1927,109,1,303.82,15
4745,1927,83,5,298.67,10
4746,1928,17,1,182.02,5
4747,1928,35,4,449.09,0
4748,1928,23,4,446.22,15
4749,1928,199,2,559.73,30
4750,1929,249,4,62.74,15
4751,1930,242,4,217.97,20
4752,1931,16,2,326.85,10
4753,1931,147,3,452.63,10
4754,1931,171,3,308.87,10
4755,1931,76,4,371.7,5
4756,1932,121,3,241.26,0
4757,1932,48,2,674.15,0
4758,1932,204,4,95.34,30
4759,1932,188,-5,397.56,5
4760,1933,27,1,310.83,0
4761,1933,94,5,246.03,30
4762,1934,44,1,654.13,5
4763,1934,83,2,219.25,20
4764,1935,58,4,148.77,0
4765,1935,98,2,173.6,10
4766,1935,22,3,18.27,5
4767,1936,83,4,241.84,30
4768,1936,37,2,650.1,30
4769,1937,88,1,337.57,30
4770,1937,89,5,573.92,0
4771,1937,170,1,344.21,0
4772,1938,153,1,156.6,15
4773,1938,108,2,508.02,30
4774,1938,29,4,436.04,10
4775,1939,111,1,360.68,5
4776,1940,124,2,69.8,0
4777,1941,124,5,50.83,15
4778,1941,206,1,90.02,30
4779,1941,153,1,138.42,20
4780,1942,36,4,803.32,0
4781,1942,70,4,450.37,5
4782,1942,194,4,773.9,30
4783,1942,162,5,341.99,10
4784,1943,4,1,255.19,0
4785,1943,89,1,523.99,15
4786,1943,1,1,219.31,10
4787,1944,13,4,382.68,20
4788,1944,73,4,219.78,0
4789,1944,23,3,397.09,0
4790,1945,51,1,464.97,15
4791,1945,42,5,251.45,0
4792,1945,39,4,588.1,5
4793,1945,221,3,580.18,15
4794,1946,224,4,729.65,30
4795,1947,181,5,554.03,15
4796,1947,179,2,497.19,20
4797,1947,104,4,455.43,25
4798,1947,248,3,424.55,15
4799,1948,89,5,694.35,15
4800,1948,109,5,333.8,30
4801,1948,33,5,179.5,0
4802,1949,181,3,425.38,10
4803,1949,149,5,115.44,5
4804,1949,230,1,179.81,0
4805,1949,80,1,441.03,25
4806,1950,80,5,471.42,15
4807,1950,9,3,152.31,25
4808,1951,238,2,75.12,25
4809,1951,240,2,432.54,25
4810,1951,169,5,43.26,25
4811,1951,171,-5,407.52,15
4812,1952,160,1,699.25,5
4813,1953,27,1,299.28,0
4814,1953,132,2,443.28,0
4815,1953,23,2,484.86,0
4816,1953,177,1,573.42,0
4817,1954,232,4,605.47,0
4818,1954,95,2,131.5,5
4819,1954,8,4,64.53,10
4820,1955,73,4,200.17,5
4821,1955,63,5,115.59,10
4822,1955,222,1,118.09,0
4823,1956,144,1,73.86,10
4824,1956,11,1,538.75,10
4825,1956,190,5,82.99,15
4826,1957,224,1,838.51,25
4827,1957,161,2,531.78,5
4828,1958,246,4,16.32,0
4829,1959,161,2,508.57,20
4830,1960,171,2,337.19,0
4831,1960,97,5,417.21,0
4832,1960,211,1,80.35,5
4833,1960,143,4,257.97,25
4834,1961,205,3,503.05,15
4835,1961,92,3,48.41,0
4836,1962,90,4,630.46,30
4837,1962,152,4,326.25,0
4838,1963,129,5,524.57,5
4839,1963,163,1,585.52,0
4840,1964,168,3,433.64,0
4841,1965,158,3,648.77,0
4842,1965,218,2,266.56,30
4843,1965,99,3,755.67,10
4844,1965,14,3,67.85,20
4845,1966,61,3,146.45,15
4846,1966,7,1,321.99,15
4847,1967,199,3,535.9,150
4848,1967,15,5,444.06,25
4849,1967,49,2,153.64,25
4850,1968,35,3,396.05,30
4851,1969,7,2,459.84,10
4852,1970,59,2,573.81,0
4853,1971,233,5,505.88,15
4854,1971,115,3,342.99,0
4855,1972,119,1,407.87,20
4856,1972,239,2,526.1,0
4857,1973,90,4,578.6,30
4858,1973,45,2,481.26,20
4859,1974,55,5,442.78,15
4860,1974,164,3,113.56,15
4861,1975,149,5,154.72,15
4862,1976,150,5,237.02,10
4863,1977,128,2,499.82,20
4864,1977,194,5,637.23,0
4865,1977,107,5,777.99,20
4866,1978,112,3,684.55,15
4867,1978,125,3,808.95,20
4868,1978,241,4,666.94,20
4869,1978,222,1,114.31,0
4870,1979,224,3,839.17,110
4871,1979,109,5,283.32,15
4872,1980,202,4,251.5,0
4873,1981,57,2,361.48,0
4874,1981,27,4,306.25,0
4875,1981,158,3,624.57,0
4876,1981,209,1,345.19,10
4877,1982,225,4,217.3,15
4878,1982,25,3,151.98,10
4879,1982,121,3,229.57,0
4880,1982,243,3,652.76,30
4881,1983,58,2,208.71,10
4882,1983,161,5,505.95,0
4883,1983,89,3,518.41,15
4884,1984,167,1,292.11,0
4885,1984,12,1,451.86,10
4886,1984,118,1,10.18,10
4887,1984,109,4,280.37,30
4888,1985,238,3,77.28,10
4889,1986,155,1,275.38,25
4890,1986,247,1,646.03,15
4891,1986,94,2,268.9,10
4892,1987,44,3,552.35,30
4893,1987,209,5,324.33,20
4894,1987,146,4,276.18,0
4895,1988,181,1,469.45,0
4896,1989,118,4,10.72,0
4897,1989,219,5,99.53,0
4898,1990,24,4,573.78,0
4899,1990,94,2,272.74,10
4900,1990,143,5,253.83,15
4901,1990,94,2,245.8,0
4902,1991,227,5,452.17,0
4903,1991,100,3,519.56,20
4904,1992,128,-1,512.55,5
4905,1992,20,1,493.44,10
4906,1993,150,4,172.66,10
4907,1993,226,3,479.08,20
4908,1993,123,5,181.77,10
4909,1993,22,5,15.17,30
4910,1994,29,1,400.76,0
4911,1995,60,5,582.72,0
4912,1995,25,2,119.29,25
4913,1996,225,1,210.92,30
4914,1996,155,2,241.79,25
4915,1996,158,5,765.81,5
4916,1996,45,1,493.66,0
4917,1997,79,3,448.82,5
4918,1998,155,5,249.25,10
4919,1999,29,1,438.62,0
4920,1999,88,-5,364.25,0
4921,1999,43,1,91.28,0
4922,1999,200,2,216.75,0
4923,2000,174,3,62.36,0
4924,2000,190,5,97.83,0
4925,2000,58,3,161.77,5
4926,2000,42,1,276.82,15
4927,2001,158,3,699.98,20
4928,2001,24,-4,470.63,0
4929,2001,12,1,549.95,10
4930,2001,215,4,408.86,15
4931,2002,100,5,436.25,5
4932,2002,86,1,65.18,10
4933,2003,139,5,687.3,0
4934,2003,22,5,19.22,10
4935,2003,172,5,407.26,25
4936,2003,76,2,351.61,0
4937,2004,202,2,256.73,25
4938,2004,106,3,435.58,10
4939,2004,84,3,458.0,10
4940,2005,125,1,686.12,15
4941,2005,35,5,456.69,30
4942,2005,101,3,526.09,30
4943,2006,65,1,539.31,30
4944,2007,61,1,145.28,20
4945,2008,88,2,275.25,25
4946,2008,230,4,210.18,15
4947,2008,39,1,485.99,15
4948,2008,204,2,73.66,5
4949,2009,48,2,575.59,25
4950,2010,114,1,548.79,15
4951,2011,13,1,505.77,5
4952,2011,153,5,175.35,30
4953,2011,241,2,578.47,0
4954,2011,1,5,245.56,25
4955,2012,249,2,63.71,0
4956,2012,72,3,386.46,0
4957,2013,196,5,315.29,0
4958,2013,234,5,137.18,0
4959,2013,128,5,595.67,0
4960,2014,106,2,440.32,15
4961,2015,51,5,422.29,0
4962,2015,114,1,508.2,5
4963,2015,38,2,489.01,0
4964,2016,175,4,377.03,20
4965,2017,76,1,377.52,25
4966,2017,44,4,609.67,0
4967,2018,230,2,149.63,30
4968,2019,240,1,399.74,10
4969,2019,146,2,405.49,0
4970,2019,75,3,558.54,0
4971,2019,147,1,431.53,30
4972,2020,240,4,426.5,15
4973,2021,92,1,57.03,30
4974,2021,96,1,208.22,25
4975,2021,16,2,252.49,20
4976,2021,216,-1,342.31,0
4977,2022,221,5,605.89,10
4978,2022,200,4,239.44,5
4979,2022,220,1,641.02,30
4980,2022,233,1,434.88,5
4981,2023,28,1,506.32,5
4982,2023,219,2,100.83,0
4983,2024,191,1,363.16,20
4984,2025,7,4,366.94,10
4985,2025,239,3,430.83,0
4986,2025,84,4,497.34,10
4987,2025,57,4,405.38,10
4988,2026,53,2,524.25,10
4989,2027,113,3,318.49,25
4990,2027,191,2,359.94,25
4991,2028,78,-5,306.32,15
4992,2028,86,2,93.75,0
4993,2028,93,4,40.99,0
4994,2028,155,1,245.16,5
4995,2029,11,2,685.57,30
4996,2029,234,1,192.44,0
4997,2029,98,2,221.52,15
4998,2029,24,3,413.51,0
4999,2030,89,3,471.78,25
5000,2031,181,-5,499.4,30
5001,2032,229,5,577.39,5
5002,2032,83,5,237.66,25
5003,2032,198,4,447.63,15
5004,2033,162,1,359.93,10
5005,2033,136,4,482.05,30
5006,2034,227,3,565.49,25
5007,2034,165,4,137.28,15
5008,2034,195,3,726.38,30
5009,2034,247,5,694.39,0
5010,2035,174,2,79.62,20
5011,2035,166,5,476.09,0
5012,2036,56,-1,67.48,0
5013,2036,187,3,514.87,20
5014,2037,206,4,119.84,0
5015,2038,11,2,652.02,5
5016,2038,6,3,447.8,10
5017,2039,160,2,725.49,10
5018,2040,55,3,466.71,0
5019,2041,40,5,223.91,10
5020,2041,246,1,12.37,0
5021,2042,8,1,75.04,20
5022,2042,152,4,225.22,5
5023,2042,249,4,69.57,0
5024,2042,157,3,616.72,0
5025,2043,249,5,63.31,25
5026,2044,1,4,251.71,30
5027,2045,162,4,373.13,0
5028,2045,97,5,354.9,5
5029,2045,11,1,510.49,0
5030,2046,193,1,93.41,20
5031,2046,56,5,79.51,0
5032,2047,32,1,172.84,30
5033,2048,145,3,502.5,0
5034,2048,98,4,226.97,25
5035,2048,11,1,722.26,10
5036,2048,203,4,725.79,0
5037,2049,93,4,33.33,0
5038,2049,235,3,346.33,20
5039,2050,38,-4,452.83,0
5040,2050,65,5,687.63,15
5041,2050,41,2,200.52,0
5042,2050,170,2,385.86,10
5043,2051,85,3,341.81,110
5044,2052,37,2,717.56,5
5045,2052,46,4,43.3,10
5046,2052,128,2,622.11,0
5047,2053,177,-2,537.02,0
5048,2054,116,4,58.12,30
5049,2054,46,4,48.8,25
5050,2054,158,3,596.75,5
5051,2054,149,4,152.63,25
5052,2055,45,1,583.41,20
5053,2055,80,5,460.82,0
5054,2055,183,4,528.34,15
5055,2055,213,5,561.38,10
5056,2056,120,1,306.41,25
5057,2056,51,4,435.24,5
5058,2056,45,4,572.83,0
5059,2057,207,4,424.07,15
5060,2057,188,3,350.58,10
5061,2058,110,3,241.51,0
5062,2058,187,1,373.72,0
5063,2058,60,3,496.95,10
5064,2059,142,2,268.75,5
5065,2059,64,3,420.62,5
5066,2060,132,2,578.37,30
5067,2060,188,3,382.52,15
5068,2060,231,1,696.82,5
5069,2060,158,1,737.24,25
5070,2061,203,3,676.13,25
5071,2062,235,1,308.98,0
5072,2063,163,2,594.37,15
5073,2064,42,1,255.64,25
5074,2064,236,1,104.75,0
5075,2064,230,-3,182.2,25
5076,2065,31,3,298.33,30
5077,2065,16,5,242.15,10
5078,2066,36,2,661.38,0
5079,2067,102,2,698.63,20
5080,2067,142,5,180.53,5
5081,2067,224,4,670.05,5
5082,2068,23,1,406.13,25
5083,2069,21,3,350.09,0
5084,2069,230,5,160.6,20
5085,2069,206,4,97.79,10
5086,2069,130,5,754.21,0
5087,2070,182,5,722.3,15
5088,2070,224,5,574.18,25
5089,2070,143,3,321.23,15
5090,2071,206,3,122.32,25
5091,2071,143,5,338.74,10
5092,2071,178,3,447.6,0
5093,2071,77,5,111.21,0
5094,2072,115,3,372.48,0
5095,2072,113,5,398.77,0
5096,2072,111,2,445.52,15
5097,2072,238,1,78.87,0
5098,2073,242,3,161.78,0
5099,2073,95,2,135.94,25
5100,2073,56,3,58.25,15
5101,2074,207,2,349.08,0
5102,2074,90,2,583.68,15
5103,2074,106,3,418.23,0
5104,2074,23,5,411.48,5
5105,2075,18,1,527.39,5
5106,2075,179,5,444.08,0
5107,2075,201,5,376.35,0
5108,2075,41,4,201.67,20
5109,2076,173,1,405.04,110
5110,2076,239,5,505.13,25
5111,2077,171,4,415.21,15
5112,2077,169,2,36.63,25
5113,2078,10,4,508.79,0
5114,2078,165,5,101.67,20
5115,2078,145,3,654.74,10
5116,2079,53,1,461.48,20
5117,2079,182,3,673.97,0
5118,2080,26,4,186.38,0
5119,2080,193,2,129.91,15
5120,2081,222,5,106.22,20
5121,2081,103,1,122.38,5
5122,2081,132,1,608.37,10
5123,2082,245,-2,650.43,25
5124,2082,201,4,311.78,25
5125,2082,32,3,156.61,15
5126,2083,25,2,126.42,15
5127,2083,202,2,267.34,5
5128,2084,189,5,418.36,20
5129,2084,117,2,759.04,15
5130,2084,185,4,483.83,20
5131,2084,173,5,343.58,0
5132,2085,108,4,545.86,5
5133,2086,128,1,480.09,10
5134,2086,173,3,331.18,20
5135,2086,132,3,585.52,20
5136,2087,226,-2,451.27,30
5137,2088,162,5,309.14,5
5138,2088,149,2,137.8,0
5139,2088,148,5,329.64,0
5140,2088,137,5,176.0,20
5141,2089,218,1,247.62,15
5142,2090,27,5,318.14,25
5143,2091,192,4,312.24,0
5144,2091,176,2,77.85,0
5145,2091,214,4,293.09,0
5146,2092,52,1,293.72,25
5147,2092,146,2,304.66,25
5148,2092,110,3,251.52,5
5149,2092,109,1,333.02,30
5150,2093,112,4,779.61,15
5151,2093,55,4,499.16,0
5152,2093,65,2,610.77,30
5153,2094,74,-3,5.73,5
5154,2094,4,3,239.73,20
5155,2095,84,3,533.21,15
5156,2095,65,1,611.75,25
5157,2095,143,1,306.15,15
5158,2095,131,4,529.62,10
5159,2096,15,1,416.2,5
5160,2096,171,1,366.61,20
5161,2096,108,4,569.05,5
5162,2097,76,4,353.48,10
5163,2097,87,5,580.46,5
5164,2097,213,4,394.52,25
5165,2098,157,5,776.18,20
5166,2098,94,2,234.54,0
5167,2099,162,2,285.79,5
5168,2099,97,4,413.7,10
5169,2099,9,5,188.79,25
5170,2099,192,1,407.29,0
5171,2100,172,3,408.06,5
5172,2100,194,4,652.64,0
5173,2101,51,2,518.79,0
5174,2101,171,4,309.83,20
5175,2101,25,5,149.64,25
5176,2101,131,5,520.27,30
5177,2102,90,4,784.93,15
5178,2102,149,1,129.72,0
5179,2102,247,3,740.66,0
5180,2103,205,5,394.15,0
5181,2103,221,2,665.78,25
5182,2104,101,4,576.97,30
5183,2104,5,2,525.1,15
5184,2104,59,3,651.22,10
5185,2104,70,1,593.92,20
5186,2105,207,3,381.9,10
5187,2106,112,5,581.3,0
5188,2106,139,5,534.59,25
5189,2106,198,5,375.67,30
5190,2106,18,5,459.98,25
5191,2107,244,2,451.65,15
5192,2108,72,1,375.58,5
5193,2109,176,5,89.01,15
5194,2109,239,1,409.43,15
5195,2110,80,1,331.76,10
5196,2111,9,3,146.09,5
5197,2111,186,1,80.45,0
5198,2111,75,4,607.62,30
5199,2111,124,4,72.82,0
5200,2112,156,3,736.53,0
5201,2112,209,2,326.47,10
5202,2112,35,3,351.54,25
5203,2112,6,4,592.42,20
5204,2113,37,1,549.67,10
5205,2113,210,4,491.15,15
5206,2114,101,1,497.18,25
5207,2114,109,5,290.09,20
5208,2114,112,2,612.41,15
5209,2114,115,4,363.01,0
5210,2115,219,5,109.77,25
5211,2115,191,4,313.54,0
5212,2116,148,2,336.1,10
5213,2116,114,3,598.53,0
5214,2116,3,5,85.08,0
5215,2116,201,4,395.85,15
5216,2117,189,5,461.68,10
5217,2117,131,3,517.81,5
5218,2117,2,5,343.29,20
5219,2118,129,2,479.61,15
5220,2118,189,5,496.47,10
5221,2118,181,4,532.83,110
5222,2118,67,4,301.33,0
5223,2119,57,2,306.94,25
5224,2120,20,4,396.92,5
5225,2120,96,1,249.83,15
5226,2120,190,4,97.07,10
5227,2121,169,4,44.39,10
5228,2121,110,5,179.87,30
5229,2122,16,3,244.36,30
5230,2123,70,4,455.58,5
5231,2123,215,4,352.01,5
5232,2123,157,2,786.26,5
5233,2123,210,5,573.61,20
5234,2124,89,4,586.02,20
5235,2124,27,4,368.77,0
5236,2125,126,5,715.08,5
5237,2126,60,3,569.47,30
5238,2126,242,5,185.44,5
5239,2126,238,5,61.63,15
5240,2126,102,2,670.82,20
5241,2127,230,4,144.11,25
5242,2128,247,2,695.55,25
5243,2128,18,1,640.2,25
5244,2128,111,5,429.52,5
5245,2128,93,4,34.96,20
5246,2129,36,1,642.14,5
5247,2129,143,4,310.0,15
5248,2129,138,5,420.31,30
5249,2130,21,5,340.12,20
5250,2130,94,2,287.8,20
5251,2130,154,4,726.3,20
5252,2130,134,1,525.24,30
5253,2131,216,3,308.41,0
5254,2131,160,5,689.68,0
5255,2131,250,3,349.85,15
5256,2132,158,5,587.18,5
5257,2132,156,3,642.11,10
5258,2132,83,4,234.71,20
5259,2133,125,5,742.57,25
5260,2134,42,4,214.77,20
5261,2134,22,3,18.64,5
5262,2135,38,2,536.2,15
5263,2136,216,5,335.12,20
5264,2136,63,1,118.91,0
5265,2136,62,4,810.44,0
5266,2136,112,1,712.3,0
5267,2137,14,5,48.06,0
5268,2138,136,3,641.51,5
5269,2138,229,2,653.34,10
5270,2138,242,2,179.52,0
5271,2139,72,2,381.87,15
5272,2139,233,5,449.79,5
5273,2139,62,3,720.33,15
5274,2140,124,4,51.06,0
5275,2141,211,4,111.66,0
5276,2141,133,3,728.29,30
5277,2141,17,2,150.04,20
5278,2141,154,5,634.75,10
5279,2142,228,5,124.08,20
5280,2142,148,-2,347.84,0
5281,2142,15,1,442.97,0
5282,2142,222,2,100.38,0
5283,2143,14,5,53.69,30
5284,2143,84,5,493.44,10
5285,2143,4,2,229.19,20
5286,2143,79,5,483.66,25
5287,2144,176,3,91.28,10
5288,2145,87,2,507.46,0
5289,2146,2,3,401.54,20
5290,2146,93,1,31.73,5
5291,2146,14,3,57.36,20
5292,2146,217,-3,359.42,15
5293,2147,165,4,113.33,25
5294,2147,148,4,259.88,5
5295,2147,238,4,70.05,25
5296,2148,181,2,433.34,20
5297,2149,152,2,232.63,10
5298,2150,48,2,566.33,0
5299,2150,162,2,359.93,20
5300,2150,35,4,377.5,30
5301,2151,243,-2,800.6,30
5302,2151,68,2,642.37,30
5303,2152,54,2,548.56,0
5304,2153,163,3,537.68,20
5305,2153,233,4,469.14,0
5306,2153,246,5,13.81,0
5307,2154,236,2,125.46,15
5308,2154,96,1,262.11,15
5309,2154,176,3,78.62,0
5310,2155,247,5,706.29,10
5311,2156,205,5,404.2,0
5312,2157,245,4,657.31,15
5313,2158,24,4,401.61,20
5314,2158,234,4,156.51,15
5315,2158,201,3,308.68,20
5316,2158,239,4,555.32,15
5317,2159,44,3,704.04,0
5318,2160,214,2,296.04,10
5319,2161,158,5,765.91,0
5320,2161,227,5,457.19,5
5321,2161,138,3,543.56,5
5322,2162,22,1,17.78,5
5323,2162,30,4,268.47,0
5324,2162,75,3,521.33,5
5325,2163,59,1,602.05,20
5326,2163,179,4,494.49,0
5327,2164,171,3,454.09,0
5328,2164,181,4,544.22,30
5329,2164,115,4,335.2,25
5330,2165,27,3,347.84,25
5331,2165,147,1,469.47,30
5332,2165,190,2,83.95,0
5333,2165,153,3,139.24,0
5334,2166,237,4,276.49,30
5335,2166,18,1,635.81,0
5336,2166,167,3,290.79,0
5337,2167,55,4,576.68,15
5338,2167,6,3,454.58,0
5339,2167,241,4,629.62,10
5340,2168,226,2,540.06,30
5341,2168,186,2,93.72,25
5342,2168,4,4,231.34,15
5343,2169,169,3,44.39,15
5344,2170,84,2,552.03,5
5345,2170,10,4,531.97,20
5346,2170,20,5,528.13,10
5347,2171,98,3,220.11,25
5348,2172,167,5,314.55,25
5349,2172,202,4,209.39,110
5350,2173,97,3,452.85,0
5351,2174,131,5,433.9,5
5352,2175,127,4,301.46,0
5353,2175,117,2,552.48,5
5354,2176,16,2,269.74,20
5355,2176,85,3,327.84,15
5356,2176,216,4,296.53,15
5357,2177,14,3,70.37,25
5358,2177,197,3,392.81,15
5359,2178,76,1,305.83,0
5360,2178,157,4,728.23,10
5361,2178,180,3,164.17,5
5362,2178,219,1,97.25,0
5363,2179,94,1,234.36,0
5364,2179,237,2,297.16,0
5365,2179,139,5,648.08,0
5366,2179,67,4,241.71,5
5367,2180,237,3,334.11,30
5368,2180,40,4,192.25,25
5369,2180,153,4,136.51,20
5370,2181,42,5,252.24,15
5371,2182,138,4,404.49,15
5372,2182,15,1,414.74,0
5373,2183,58,5,190.45,5
5374,2183,175,2,383.18,10
5375,2184,212,3,694.99,15
5376,2184,117,5,579.1,5
5377,2185,144,3,90.42,10
5378,2185,160,3,700.79,15
5379,2186,91,2,542.82,10
5380,2187,243,4,798.8,0
5381,2187,66,3,443.33,15
5382,2187,27,1,255.53,0
5383,2187,55,2,542.06,0
5384,2188,150,3,191.36,0
5385,2188,107,2,688.17,0
5386,2189,26,2,167.42,20
5387,2189,161,2,380.55,10
5388,2189,233,3,454.86,10
5389,2190,126,4,647.68,30
5390,2190,197,1,482.17,15
5391,2190,26,4,163.44,0
5392,2190,45,4,614.9,15
5393,2191,157,2,762.01,20
5394,2191,145,1,619.16,15
5395,2191,146,2,333.01,30
5396,2191,76,2,333.72,30
5397,2192,164,-4,120.3,0
5398,2192,85,1,308.1,5
5399,2192,157,5,784.57,0
5400,2192,96,5,184.1,20
5401,2193,171,1,389.01,0
5402,2193,161,5,458.17,25
5403,2194,45,1,507.71,0
5404,2195,24,1,466.07,15
5405,2195,102,4,791.25,5
5406,2195,226,2,539.95,20
5407,2196,129,5,472.23,30
5408,2196,69,1,567.75,0
5409,2196,172,3,376.85,0
5410,2196,158,4,652.11,20
5411,2197,192,1,323.38,25
5412,2197,170,2,266.21,0
5413,2197,147,5,403.37,30
5414,2198,141,4,420.63,15
5415,2198,77,2,92.97,10
5416,2198,197,1,397.62,30
5417,2199,36,1,710.66,30
5418,2199,12,1,586.69,0
5419,2199,205,1,525.0,15
5420,2199,143,1,270.37,10
5421,2200,184,5,525.18,5
5422,2200,66,2,371.9,20
5423,2200,35,3,391.98,0
5424,2201,154,-4,833.78,10
5425,2201,7,1,393.96,10
5426,2202,238,4,69.22,15
5427,2202,48,4,616.91,0
5428,2203,141,1,467.31,10
5429,2204,100,3,430.29,30
5430,2204,206,-2,107.79,25
5431,2204,4,2,230.35,0
5432,2204,176,1,71.66,15
5433,2205,31,2,253.46,15
5434,2205,62,-4,705.43,20
5435,2206,120,3,343.94,0
5436,2206,51,4,476.26,0
5437,2207,59,2,440.12,0
5438,2207,98,4,200.46,10
5439,2208,49,2,167.72,0
5440,2209,129,3,432.25,10
5441,2209,106,2,518.57,10
5442,2209,5,-5,673.76,5
5443,2209,168,5,582.56,0
5444,2210,164,4,101.44,0
5445,2210,79,2,475.73,10
5446,2210,48,2,632.72,15
5447,2210,213,3,436.39,25
5448,2211,183,4,478.09,25
5449,2211,141,2,395.36,0
5450,2212,1,4,289.05,20
5451,2212,37,1,530.92,0
5452,2212,67,5,326.86,25
5453,2212,4,2,186.15,0
5454,2213,147,1,353.36,15
5455,2213,243,4,730.23,20
5456,2213,43,2,105.46,0
5457,2214,243,3,825.92,5
5458,2214,108,4,545.16,20
5459,2214,79,2,470.05,30
5460,2214,50,1,558.66,5
5461,2215,158,5,803.14,0
5462,2215,1,4,210.63,25
5463,2215,146,3,323.49,10
5464,2215,220,1,581.94,25
5465,2216,250,1,372.69,30
5466,2217,250,-4,415.15,20
5467,2217,48,5,714.64,15
5468,2217,19,1,229.76,20
5469,2218,158,2,627.99,15
5470,2218,116,1,60.58,30
5471,2218,227,-5,432.45,0
5472,2219,74,4,7.39,0
5473,2219,13,-2,367.32,0
5474,2220,164,3,111.43,0
5475,2220,36,2,697.17,0
5476,2220,38,2,471.82,30
5477,2221,148,3,298.42,0
5478,2221,161,5,493.2,25
5479,2222,139,4,664.85,25
5480,2222,120,4,297.47,0
5481,2223,163,3,637.05,20
5482,2224,85,3,266.83,30
5483,2224,118,1,10.27,0
5484,2224,98,3,196.76,30
5485,2224,208,1,543.35,25
5486,2225,216,1,358.76,0
5487,2225,133,2,580.18,10
5488,2226,194,4,777.07,5
5489,2227,161,1,417.04,10
5490,2228,14,3,68.06,0
5491,2228,212,2,706.87,0
5492,2228,134,3,515.78,0
5493,2229,23,5,470.28,20
5494,2229,70,5,610.3,15
5495,2229,30,4,280.79,5
5496,2229,51,3,480.67,10
5497,2230,122,2,381.34,15
5498,2230,32,2,160.77,30
5499,2231,22,2,18.95,30
5500,2231,205,3,375.25,10
5501,2231,106,3,551.08,0
5502,2232,176,1,89.97,0
5503,2232,228,5,90.09,15
5504,2233,176,1,65.56,30
5505,2233,31,1,293.64,20
5506,2233,49,3,158.65,15
5507,2234,131,-5,450.43,10
5508,2234,138,2,390.72,15
5509,2234,208,4,440.77,20
5510,2234,116,5,50.21,25
5511,2235,223,4,319.36,30
5512,2235,158,5,636.4,25
5513,2235,114,3,656.19,0
5514,2236,122,1,353.13,30
5515,2236,133,1,552.83,0
5516,2236,215,3,369.99,0
5517,2237,189,3,397.19,10
5518,2237,119,5,502.44,15
5519,2237,57,1,331.65,0
5520,2238,135,5,462.35,10
5521,2238,16,5,269.33,0
5522,2238,12,4,484.4,20
5523,2238,2,1,370.88,20
5524,2239,219,5,98.35,0
5525,2239,250,5,313.32,0
5526,2239,197,1,429.96,30
5527,2240,155,3,214.11,10
5528,2240,95,3,138.18,25
5529,2240,203,5,575.4,5
5530,2240,104,5,450.43,0
5531,2241,150,3,219.09,25
5532,2241,41,1,212.24,0
5533,2241,15,4,506.42,30
5534,2242,210,1,575.57,15
5535,2242,148,3,260.19,10
5536,2243,207,4,481.75,15
5537,2244,212,2,720.73,15
5538,2245,99,3,726.86,20
5539,2245,100,1,490.42,0
5540,2245,211,1,83.98,0
5541,2246,178,5,455.89,5
5542,2247,126,2,669.98,20
5543,2247,185,2,464.87,20
5544,2247,8,2,77.68,30
5545,2247,138,5,378.43,30
5546,2248,193,3,87.71,0
5547,2248,155,4,287.62,5
5548,2249,177,1,654.72,5
5549,2250,3,-3,98.33,5
5550,2250,209,3,446.19,0
5551,2251,11,4,731.63,0
5552,2251,91,4,644.62,0
5553,2251,157,4,584.57,0
5554,2252,102,1,709.19,0
5555,2252,50,4,771.44,30
5556,2253,98,5,166.03,20
5557,2253,180,4,155.63,25
5558,2254,235,3,362.29,20
5559,2254,175,3,353.66,0
5560,2254,160,3,514.91,25
5561,2254,140,3,454.95,0
5562,2255,204,4,89.97,0
5563,2255,206,3,128.86,0
5564,2256,68,5,622.13,30
5565,2256,211,4,115.52,15
5566,2257,58,1,207.96,5
5567,2258,113,1,430.85,0
5568,2259,71,5,381.88,5
5569,2259,228,5,113.65,0
5570,2260,5,2,595.79,30
5571,2260,187,3,404.27,0
5572,2260,170,2,281.49,30
5573,2261,62,3,650.93,30
5574,2262,247,1,786.11,0
5575,2262,153,5,139.58,20
5576,2263,206,2,117.74,25
5577,2263,1,1,249.62,30
5578,2263,211,3,116.01,20
5579,2263,5,3,674.71,0
5580,2264,104,2,571.03,20
5581,2264,15,5,559.07,30
5582,2264,117,5,697.92,15
5583,2265,206,3,89.01,0
5584,2266,175,3,307.94,0
5585,2266,112,-2,610.1,0
5586,2266,139,5,604.7,0
5587,2266,118,2,9.18,20
5588,2267,248,4,444.97,5
5589,2268,133,2,761.18,0
5590,2268,120,4,359.85,20
5591,2268,157,4,831.24,30
5592,2269,71,3,285.0,0
5593,2269,144,5,87.44,25
5594,2270,223,3,340.71,15
5595,2270,174,5,75.35,10
5596,2270,199,2,625.84,25
5597,2270,68,2,646.69,30
5598,2271,103,2,137.15,25
5599,2272,84,5,459.52,30
5600,2272,67,1,328.39,30
5601,2273,113,4,339.34,25
5602,2273,20,1,548.38,30
5603,2273,219,2,113.11,20
5604,2273,224,5,674.59,30
5605,2274,171,3,418.28,0
5606,2274,85,1,340.63,15
5607,2274,248,2,347.19,0
5608,2274,68,3,751.23,20
5609,2275,89,2,520.71,0
5610,2276,183,5,534.38,25
5611,2276,137,4,195.24,20
5612,2277,236,4,114.94,0
5613,2278,127,3,230.15,20
5614,2279,230,3,197.25,0
5615,2280,20,3,508.28,15
5616,2280,177,5,646.97,25
5617,2280,248,2,422.47,0
5618,2281,36,2,539.36,25
5619,2281,22,1,14.97,0
5620,2282,154,1,717.22,30
5621,2282,250,3,414.34,25
5622,2282,176,2,81.77,5
5623,2283,49,1,122.03,5
5624,2284,160,3,617.5,0
5625,2284,100,4,527.07,25
5626,2284,131,3,473.31,25
5627,2285,120,2,255.57,10
5628,2285,157,3,717.87,0
5629,2286,103,1,171.3,25
5630,2286,250,4,316.98,20
5631,2286,185,5,483.23,30
5632,2286,69,3,581.96,5
5633,2287,204,1,78.75,0
5634,2287,150,5,183.79,30
5635,2287,21,1,329.63,0
5636,2288,36,5,711.39,5
5637,2289,9,1,153.33,15
5638,2289,59,1,540.92,25
5639,2289,96,1,190.04,5
5640,2290,7,3,384.47,25
5641,2290,74,4,6.05,10
5642,2290,80,2,392.43,0
5643,2290,54,2,508.55,15
5644,2291,115,4,400.27,15
5645,2291,138,5,401.88,10
5646,2292,140,3,358.19,0
5647,2292,226,3,454.03,15
5648,2292,129,2,507.3,0
5649,2292,6,1,537.15,0
5650,2293,120,4,251.51,0
5651,2293,213,2,495.17,10
5652,2293,183,3,597.3,25
5653,2294,18,1,451.32,20
5654,2294,214,1,303.18,0
5655,2294,100,3,568.4,20
5656,2294,147,4,492.14,15
5657,2295,207,-5,345.75,15
5658,2296,129,2,526.43,0
5659,2296,122,2,371.7,0
5660,2296,100,1,467.33,0
5661,2297,209,5,335.59,30
5662,2297,64,4,444.16,10
5663,2297,127,5,233.32,0
5664,2297,175,5,361.93,10
5665,2298,89,2,563.0,0
5666,2298,228,1,85.94,30
5667,2299,246,5,11.86,0
5668,2300,92,2,44.67,5
5669,2301,99,1,759.66,30
5670,2301,109,4,298.42,0
5671,2301,74,5,6.67,25
5672,2302,197,4,361.55,0
5673,2303,83,4,216.17,30
5674,2303,184,1,590.31,5
5675,2303,6,3,485.42,10
5676,2303,88,2,245.42,25
5677,2304,239,3,533.15,10
5678,2305,156,3,726.22,10
5679,2305,107,4,630.54,10
5680,2305,220,3,673.09,30
5681,2305,5,1,520.98,0
5682,2306,68,5,593.96,0
5683,2306,122,2,354.35,0
5684,2306,217,5,327.9,5
5685,2306,200,2,226.31,0
5686,2307,185,3,361.89,15
5687,2307,121,3,217.68,20
5688,2308,21,1,314.1,15
5689,2308,219,5,121.71,0
5690,2308,69,2,641.41,5
5691,2308,131,1,554.91,0
5692,2309,247,2,831.0,15
5693,2309,89,5,614.15,0
5694,2309,95,3,141.49,0
5695,2309,55,2,405.62,30
5696,2310,126,5,523.07,10
5697,2310,239,1,522.73,5
5698,2311,63,3,104.34,30
5699,2312,158,4,644.21,15
5700,2312,17,4,151.06,25
5701,2313,13,2,416.28,15
5702,2314,22,5,14.77,0
5703,2314,225,4,182.6,20
5704,2314,237,5,354.13,0
5705,2314,6,5,498.88,20
5706,2315,99,1,611.35,30
5707,2315,148,1,250.12,25
5708,2315,111,3,395.67,5
5709,2316,83,2,233.49,5
5710,2316,68,2,698.82,20
5711,2316,25,4,132.45,25
5712,2316,102,2,693.08,15
5713,2317,240,2,350.49,20
5714,2317,197,5,437.55,15
5715,2317,136,-1,616.86,15
5716,2317,170,5,351.81,15
5717,2318,66,5,492.56,0
5718,2318,90,3,781.97,30
5719,2319,229,2,640.15,0
5720,2320,130,3,767.92,5
5721,2320,246,5,14.8,25
5722,2320,250,1,384.3,5
5723,2320,45,4,466.53,20
5724,2321,82,3,403.0,0
5725,2321,164,1,109.49,0
5726,2321,225,2,216.1,0
5727,2322,212,1,633.97,0
5728,2322,187,2,519.32,0
5729,2322,170,1,343.14,25
5730,2323,69,4,587.27,10
5731,2323,20,3,467.39,0
5732,2324,53,3,640.14,25
5733,2324,227,5,432.71,30
5734,2325,155,5,218.66,30
5735,2326,242,2,185.86,20
5736,2326,32,5,151.78,20
5737,2327,35,4,401.56,0
5738,2328,187,4,500.2,0
5739,2328,129,4,545.81,20
5740,2329,238,4,68.36,25
5741,2329,245,4,664.41,25
5742,2329,171,-5,430.25,25
5743,2330,135,2,362.57,5
5744,2330,58,3,184.82,10
5745,2330,238,2,71.73,30
5746,2330,209,1,362.82,30
5747,2331,67,1,311.52,15
5748,2331,250,2,379.5,5
5749,2331,164,4,100.99,0
5750,2332,43,2,127.66,15
5751,2333,102,2,712.96,30
5752,2333,128,1,594.88,0
5753,2333,173,1,379.16,5
5754,2333,167,3,227.09,10
5755,2334,145,3,646.83,150
5756,2335,125,4,631.03,0
5757,2335,136,5,585.16,10
5758,2335,96,1,258.93,10
5759,2335,239,4,424.27,0
5760,2336,42,4,256.72,5
5761,2336,26,4,175.59,0
5762,2336,222,5,128.13,25
5763,2336,69,5,714.92,0
5764,2337,122,5,444.46,30
5765,2338,39,2,488.06,30
5766,2339,9,2,152.57,20
5767,2339,237,4,342.01,0
5768,2339,124,3,73.53,10
5769,2339,242,3,172.84,0
5770,2340,240,3,458.83,20
5771,2340,194,5,598.2,20
5772,2341,177,2,534.59,20
5773,2342,86,4,64.39,10
5774,2342,46,3,56.36,0
5775,2342,146,3,283.18,10
5776,2342,207,4,411.08,25
5777,2343,211,3,112.81,15
5778,2344,141,3,518.32,0
5779,2344,81,1,503.7,10
5780,2344,90,1,752.28,10
5781,2345,241,2,520.21,10
5782,2345,104,2,494.64,25
5783,2345,9,5,151.65,0
5784,2345,245,3,857.3,5
5785,2346,194,1,642.48,30
5786,2346,206,1,93.49,0
5787,2346,220,5,506.61,0
5788,2347,33,2,159.6,30
5789,2347,126,1,699.43,0
5790,2347,147,2,458.32,110
5791,2347,110,2,195.21,0
5792,2348,69,4,606.64,0
5793,2348,103,5,124.08,25
5794,2349,25,5,130.15,0
5795,2350,145,2,485.78,0
5796,2350,64,2,429.12,30
5797,2350,185,3,346.02,0
5798,2351,148,3,264.68,25
5799,2352,141,5,382.28,0
5800,2352,33,4,157.7,0
5801,2352,97,-4,361.08,30
5802,2352,165,4,109.14,0
5803,2353,56,2,80.4,20
5804,2353,223,2,330.7,0
5805,2354,27,2,290.55,25
5806,2354,139,3,536.86,10
5807,2354,73,4,252.66,5
5808,2355,1,5,227.43,0
5809,2356,47,2,599.17,5
5810,2356,69,3,589.92,5
5811,2356,96,5,193.82,0
5812,2357,124,3,58.79,30
5813,2357,191,-4,293.8,20
5814,2357,89,1,651.08,20
5815,2357,48,2,509.76,25
5816,2358,67,3,286.57,25
5817,2359,150,4,242.79,0
5818,2359,224,-2,771.62,20
5819,2359,187,5,377.63,30
5820,2360,165,1,119.52,30
5821,2360,44,5,792.74,15
5822,2360,30,5,191.1,0
5823,2360,89,4,624.73,5
5824,2361,126,5,729.61,0
5825,2361,23,2,355.72,30
5826,2362,217,4,284.27,30
5827,2362,64,5,425.6,10
5828,2363,111,2,479.06,0
5829,2363,142,4,180.16,0
5830,2364,198,4,410.82,15
5831,2364,98,2,197.87,0
5832,2364,229,5,736.07,0
5833,2364,13,1,436.75,0
5834,2365,166,4,501.74,0
5835,2365,147,4,431.61,10
5836,2366,27,1,352.07,0
5837,2367,214,4,356.17,0
5838,2367,158,1,773.7,0
5839,2367,148,3,284.93,5
5840,2368,179,5,355.27,25
5841,2368,170,4,315.83,10
5842,2369,208,5,597.69,15
5843,2369,237,3,374.94,0
5844,2370,113,4,394.06,25
5845,2370,154,1,800.77,5
5846,2370,209,3,344.97,0
5847,2371,46,1,42.81,0
5848,2371,137,5,210.41,20
5849,2371,210,3,691.59,30
5850,2371,97,3,357.64,0
5851,2372,157,1,641.56,20
5852,2372,149,4,122.32,20
5853,2372,109,1,288.72,0
5854,2373,231,1,598.81,30
5855,2373,30,1,269.48,5
5856,2373,47,3,494.38,20
5857,2373,68,5,803.73,15
5858,2374,165,5,123.2,15
5859,2375,116,3,62.26,5
5860,2376,229,2,648.37,10
5861,2377,8,3,85.22,0
5862,2377,156,1,742.95,20
5863,2378,157,5,722.34,5
5864,2378,249,2,78.93,25
5865,2378,195,4,627.14,5
5866,2378,115,3,345.98,0
5867,2379,72,1,278.88,25
5868,2379,148,5,247.17,0
5869,2379,206,5,129.65,0
5870,2379,85,4,280.92,10
5871,2380,183,5,536.87,30
5872,2380,216,4,378.24,15
5873,2380,145,3,678.39,30
5874,2381,197,5,509.59,0
5875,2381,161,5,521.38,5
5876,2382,154,-2,701.7,30
5877,2383,33,2,154.9,30
5878,2383,22,5,17.9,0
5879,2383,119,3,479.85,30
5880,2383,129,3,555.09,20
5881,2384,16,2,268.81,15
5882,2385,81,2,567.54,10
5883,2385,140,4,383.67,15
5884,2385,101,5,472.47,0
5885,2385,18,-3,640.86,0
5886,2386,80,4,462.71,15
5887,2386,29,2,378.82,25
5888,2386,244,2,481.75,0
5889,2387,100,4,555.97,0
5890,2387,165,1,109.74,5
5891,2387,197,5,395.46,0
5892,2387,231,5,620.85,0
5893,2388,204,5,91.01,5
5894,2389,189,1,446.52,0
5895,2389,196,4,349.11,5
5896,2389,232,1,547.76,25
5897,2389,107,5,621.11,5
5898,2390,26,3,162.1,25
5899,2390,226,5,437.77,5
5900,2390,218,1,209.16,15
5901,2390,176,3,68.71,20
5902,2391,5,1,722.56,15
5903,2391,29,3,431.9,30
5904,2391,218,5,236.83,15
5905,2392,199,5,582.54,5
5906,2393,145,3,492.15,20
5907,2393,244,1,431.82,5
5908,2393,54,2,645.97,0
5909,2394,120,5,249.32,0
5910,2395,87,1,526.54,15
5911,2395,27,2,322.36,5
5912,2395,219,4,108.03,0
5913,2396,69,3,768.23,25
5914,2396,189,5,424.59,20
5915,2396,52,1,340.83,0
5916,2397,59,3,501.03,25
5917,2398,162,4,415.52,15
5918,2399,54,1,711.5,0
5919,2399,46,4,41.39,20
5920,2400,170,3,355.37,25
5921,2400,41,1,216.21,0
5922,2401,114,1,657.33,5
5923,2401,108,4,610.8,0
5924,2402,187,4,510.51,5
5925,2403,11,1,664.7,10
5926,2404,211,1,92.41,15
5927,2405,137,3,199.64,5
5928,2405,153,4,141.77,0
5929,2405,198,5,438.68,0
5930,2405,3,2,83.05,10
5931,2406,126,4,706.09,20
5932,2407,204,3,88.29,15
5933,2407,245,5,619.86,20
5934,2407,19,3,215.75,5
5935,2407,67,1,283.21,20
5936,2408,174,5,76.9,0
5937,2408,38,3,464.6,10
5938,2408,202,3,254.01,30
5939,2409,200,3,213.95,15
5940,2409,68,3,590.1,0
5941,2409,98,4,211.56,5
5942,2409,22,5,15.35,20
5943,2410,30,2,280.54,15
5944,2410,94,2,265.34,0
5945,2410,114,1,518.99,25
5946,2410,221,1,670.28,25
5947,2411,219,2,106.41,30
5948,2411,14,3,64.41,5
5949,2412,195,5,769.1,30
5950,2413,131,2,591.52,15
5951,2414,160,5,613.29,15
5952,2414,93,5,32.14,0
5953,2415,107,5,565.39,20
5954,2415,121,4,256.17,25
5955,2415,46,5,44.9,10
5956,2416,105,3,477.4,10
5957,2416,116,1,56.15,10
5958,2416,55,3,431.48,10
5959,2417,23,2,373.72,30
5960,2418,144,1,70.51,0
5961,2418,225,1,199.31,30
5962,2418,60,5,421.73,0
5963,2419,43,3,116.29,25
5964,2420,12,4,616.88,5
5965,2420,41,4,189.15,25
5966,2420,176,1,90.58,25
5967,2420,84,3,586.61,20
5968,2421,152,1,220.97,5
5969,2421,235,1,292.69,5
5970,2421,51,3,469.4,5
5971,2422,122,4,416.73,0
5972,2422,23,2,398.83,0
5973,2422,67,3,319.16,25
5974,2422,228,3,118.36,5
5975,2423,208,5,628.69,15
5976,2423,40,5,197.33,15
5977,2423,248,2,381.49,0
5978,2423,39,5,670.67,5
5979,2424,204,5,100.43,30
5980,2424,183,4,510.02,30
5981,2425,103,3,153.9,0
5982,2426,245,2,662.09,0
5983,2426,192,1,440.17,0
5984,2426,202,2,265.64,0
5985,2427,128,2,615.6,0
5986,2427,169,3,43.33,10
5987,2428,227,5,623.19,5
5988,2429,122,5,432.47,0
5989,2429,131,1,493.42,0
5990,2429,222,3,110.8,25
5991,2429,163,1,510.38,25
5992,2430,2,5,416.37,15
5993,2430,20,4,431.29,0
5994,2430,30,2,279.89,0
5995,2431,142,1,226.81,25
5996,2431,177,1,544.14,10
5997,2431,165,3,124.02,15
5998,2431,208,5,545.55,25
5999,2432,126,4,718.43,20
6000,2432,200,4,199.69,25
6001,2432,212,4,602.02,10
6002,2432,18,1,569.34,20
6003,2433,151,2,236.37,25
6004,2433,134,4,563.93,15
6005,2433,64,2,414.64,0
6006,2434,7,5,336.29,0
6007,2435,70,1,447.68,0
6008,2436,166,3,430.39,30
6009,2437,176,4,76.51,10
6010,2437,49,1,159.39,0
6011,2437,83,5,294.45,25
6012,2438,192,5,367.03,30
6013,2439,115,2,334.52,10
6014,2439,71,3,293.31,0
6015,2439,99,1,667.73,10
6016,2440,156,1,677.75,0
6017,2440,39,2,478.87,30
6018,2440,250,4,312.47,5
6019,2440,250,3,355.22,25
6020,2441,141,1,383.44,30
6021,2442,100,5,547.34,0
6022,2442,72,2,276.3,5
6023,2442,34,5,552.09,10
6024,2443,28,3,625.24,25
6025,2443,68,3,619.7,5
6026,2443,163,4,650.59,0
6027,2444,6,2,627.95,30
6028,2444,246,1,15.87,0
6029,2444,138,4,371.29,30
6030,2444,69,3,621.49,0
6031,2445,31,5,221.04,0
6032,2445,244,5,397.44,0
6033,2446,59,2,470.9,10
6034,2446,19,4,288.7,30
6035,2447,66,5,494.88,10
6036,2448,172,2,302.72,30
6037,2448,78,4,280.94,25
6038,2449,197,2,427.54,0
6039,2450,115,3,432.92,0
6040,2450,67,3,257.19,10
6041,2451,123,1,156.29,30
6042,2451,236,5,116.78,10
6043,2452,233,3,399.78,25
6044,2452,56,5,68.93,15
6045,2453,201,3,397.35,0
6046,2453,193,1,126.75,0
6047,2454,1,4,256.04,20
6048,2454,98,3,193.27,15
6049,2455,232,1,562.93,15
6050,2455,60,3,463.93,30
6051,2455,197,1,506.13,30
6052,2455,192,3,380.85,0
6053,2456,174,4,77.59,0
6054,2456,190,1,105.84,0
6055,2456,162,3,334.81,15
6056,2457,169,4,32.02,0
6057,2457,184,4,545.56,0
6058,2457,187,1,495.82,25
6059,2458,86,4,85.9,10
6060,2458,95,4,119.6,10
6061,2458,67,5,295.24,0
6062,2459,243,4,595.48,25
6063,2459,216,5,379.32,0
6064,2459,74,5,8.06,5
6065,2459,187,1,368.54,5
6066,2460,207,3,510.86,0
6067,2460,51,2,505.19,5
6068,2460,220,2,672.64,10
6069,2460,212,4,727.06,0
6070,2461,204,3,99.16,30
6071,2461,250,5,448.71,30
6072,2461,94,5,248.42,0
6073,2462,224,5,793.21,0
6074,2462,61,5,142.48,20
6075,2463,162,2,284.35,20
6076,2464,234,1,143.51,30
6077,2464,100,5,522.69,30
6078,2464,11,4,627.84,30
6079,2464,217,3,345.93,10
6080,2465,140,1,391.96,10
6081,2466,200,3,242.75,25
6082,2466,189,5,373.79,30
6083,2466,87,2,529.46,0
6084,2466,165,2,130.48,15
6085,2467,216,4,408.98,0
6086,2467,222,3,103.72,0
6087,2467,99,2,752.61,20
6088,2468,204,2,95.05,25
6089,2468,147,3,419.17,15
6090,2468,237,4,298.8,15
6091,2469,74,1,7.82,30
6092,2469,177,4,644.2,30
6093,2469,110,4,242.08,0
6094,2469,196,2,314.04,0
6095,2470,235,5,390.41,0
6096,2471,9,4,163.72,0
6097,2472,188,4,333.2,0
6098,2472,125,1,795.86,0
6099,2473,188,5,347.94,0
6100,2474,167,3,249.76,15
6101,2474,73,4,259.42,25
6102,2474,127,2,309.56,25
6103,2475,237,4,365.6,20
6104,2475,143,5,274.84,10
6105,2475,2,4,416.55,25
6106,2475,250,2,390.6,20
6107,2476,82,5,488.64,5
6108,2476,140,4,415.51,0
6109,2477,46,2,57.28,5
6110,2478,94,1,235.75,20
6111,2479,194,1,737.44,5
6112,2479,34,5,580.74,10
6113,2479,173,5,318.24,30
6114,2480,222,2,106.03,10
6115,2481,145,5,681.98,0
6116,2482,235,4,350.04,25
6117,2482,7,1,340.52,10
6118,2482,157,4,629.98,5
6119,2482,227,5,611.76,10
6120,2483,189,5,471.67,25
6121,2483,220,1,687.12,15
6122,2483,40,3,165.54,20
6123,2484,24,3,573.47,20
6124,2484,193,5,117.1,10
6125,2484,226,4,458.25,0
6126,2485,43,3,91.54,15
6127,2485,233,5,399.71,0
6128,2485,227,4,585.26,10
6129,2485,174,3,76.15,0
6130,2486,116,5,61.74,10
6131,2487,248,2,369.0,25
6132,2487,134,1,495.49,15
6133,2487,105,1,366.4,0
6134,2487,124,-3,66.49,0
6135,2488,185,5,345.85,0
6136,2488,71,2,341.02,10
6137,2488,198,-3,381.91,0
6138,2488,234,3,192.34,0
6139,2489,192,5,370.64,10
6140,2489,207,2,365.38,20
6141,2489,35,5,360.65,15
6142,2490,170,3,323.8,30
6143,2491,107,5,694.88,15
6144,2491,101,-4,678.47,10
6145,2492,125,2,705.46,0
6146,2493,226,5,647.98,10
6147,2494,237,3,343.44,20
6148,2494,46,1,47.08,25
6149,2495,130,2,776.45,25
6150,2495,239,1,497.62,20
6151,2495,12,3,573.95,30
6152,2496,74,4,7.14,0
6153,2496,164,5,106.2,10
6154,2496,74,-4,7.82,0
6155,2496,164,3,121.02,30
6156,2497,139,4,657.23,5
6157,2497,219,3,100.5,0
6158,2497,83,2,254.77,0
6159,2498,210,4,695.07,20
6160,2498,160,1,629.02,15
6161,2498,207,1,444.59,15
6162,2499,210,3,496.25,20
6163,2499,250,3,414.41,5
6164,2500,125,5,693.63,30
6165,2500,206,1,96.38,5
6166,2501,218,3,224.17,0
6167,2501,240,2,455.3,20
6168,2501,83,4,231.86,0
6169,2502,6,5,466.57,0
6170,2503,230,4,151.91,0
6171,2503,4,5,221.58,10
6172,2504,101,2,680.6,25
6173,2505,1,5,208.37,0
6174,2505,195,2,603.03,0
6175,2505,52,4,334.81,0
6176,2506,246,4,15.34,0
6177,2507,35,2,440.25,0
6178,2507,172,4,286.55,0
6179,2507,119,3,546.48,0
6180,2508,144,3,97.71,25
6181,2508,3,2,94.14,0
6182,2508,57,3,304.97,5
6183,2509,97,4,368.35,0
6184,2509,248,4,398.8,10
6185,2509,72,4,353.48,30
6186,2509,144,2,73.43,25
6187,2510,245,4,758.37,0
6188,2510,135,5,389.22,20
6189,2511,94,1,282.93,0
6190,2511,172,1,392.04,15
6191,2511,49,3,165.49,5
6192,2512,199,3,597.24,25
6193,2513,249,5,59.52,10
6194,2513,198,1,474.96,5
6195,2513,171,4,381.57,20
6196,2514,242,2,157.07,0
6197,2514,2,4,316.01,25
6198,2514,21,1,313.82,30
6199,2515,45,3,533.28,30
6200,2515,37,5,527.66,15
6201,2515,73,4,262.95,15
6202,2516,128,2,468.18,20
6203,2516,214,1,247.88,10
6204,2516,166,2,437.25,30
6205,2516,200,2,225.3,15
6206,2517,163,3,534.02,0
6207,2517,134,1,496.42,25
6208,2517,119,2,570.45,5
6209,2518,216,2,378.1,0
6210,2518,102,2,752.2,15
6211,2518,224,3,779.44,25
6212,2518,192,2,393.79,5
6213,2519,67,4,317.63,25
6214,2520,64,5,461.59,10
6215,2521,139,2,545.16,25
6216,2522,209,1,450.35,10
6217,2523,94,5,267.63,5
6218,2524,170,4,335.81,0
6219,2525,225,5,226.09,30
6220,2525,84,3,549.68,15
6221,2525,119,5,484.06,15
6222,2525,112,3,804.53,0
6223,2526,127,1,267.54,0
6224,2526,34,4,562.26,10
6225,2526,48,2,695.11,20
6226,2526,246,2,17.1,0
6227,2527,20,2,499.2,5
6228,2527,117,4,729.07,0
6229,2527,13,2,393.54,5
6230,2527,194,1,579.32,15
6231,2528,56,2,75.56,25
6232,2528,167,1,265.1,20
6233,2529,131,4,446.23,10
6234,2529,162,5,389.78,0
6235,2529,164,5,124.73,0
6236,2530,193,3,109.54,0
6237,2530,172,3,388.0,0
6238,2530,135,2,485.14,25
6239,2530,160,-3,495.73,20
6240,2531,243,3,777.05,0
6241,2531,77,5,118.4,30
6242,2531,194,4,677.23,0
6243,2532,17,5,152.16,0
6244,2533,211,2,82.41,30
6245,2534,92,2,55.11,10
6246,2535,13,1,408.04,20
6247,2535,124,1,61.31,5
6248,2535,39,5,641.26,0
6249,2535,227,4,486.22,0
6250,2536,45,1,567.26,25
6251,2536,33,4,161.13,0
6252,2537,62,2,793.75,30
6253,2537,196,1,355.02,10
6254,2538,249,4,75.86,0
6255,2538,166,4,465.59,0
6256,2539,196,4,363.18,0
6257,2539,127,2,289.62,15
6258,2539,76,2,336.7,0
6259,2539,25,3,113.11,0
6260,2540,50,1,628.64,0
6261,2540,72,4,371.61,20
6262,2540,227,5,525.47,20
6263,2540,162,2,360.82,0
6264,2541,225,2,178.39,10
6265,2541,3,2,106.52,25
6266,2541,218,3,220.69,30
6267,2542,14,2,51.66,25
6268,2542,176,1,62.0,0
6269,2542,112,2,813.81,25
6270,2543,66,3,520.88,0
6271,2543,151,4,171.4,0
6272,2543,214,5,244.81,20
6273,2544,76,4,313.64,30
6274,2544,85,3,309.98,0
6275,2544,118,3,13.5,10
6276,2545,33,5,205.03,30
6277,2545,167,2,288.9,15
6278,2545,223,-3,359.8,0
6279,2545,115,4,333.39,0
6280,2546,126,2,731.9,0
6281,2546,226,4,544.44,0
6282,2546,202,2,188.63,0
6283,2547,4,2,232.69,10
6284,2547,238,2,80.76,30
6285,2547,54,3,606.61,5
6286,2548,204,1,75.61,20
6287,2549,104,5,497.48,5
6288,2549,87,5,530.43,0
6289,2550,139,3,634.48,0
6290,2550,182,3,700.84,15
6291,2550,64,5,491.88,25
6292,2550,219,3,94.34,0
6293,2551,129,5,513.88,0
6294,2552,103,3,130.35,30
6295,2552,155,3,208.31,0
6296,2552,45,4,521.53,15
6297,2552,67,1,292.52,10
6298,2553,96,4,241.79,0
6299,2553,238,4,80.69,10
6300,2553,229,3,495.23,15
6301,2553,132,3,462.91,5
6302,2554,109,1,356.39,30
6303,2554,181,2,584.06,10
6304,2554,10,4,421.54,15
6305,2555,22,5,14.66,5
6306,2555,236,1,100.11,25
6307,2555,216,2,330.27,0
6308,2555,43,1,121.86,5
6309,2556,193,2,102.06,30
6310,2556,22,1,18.67,30
6311,2557,227,4,598.1,20
6312,2557,235,-2,327.66,0
6313,2557,250,5,323.53,0
6314,2558,101,4,630.24,0
6315,2558,196,1,310.2,15
6316,2559,69,1,757.6,10
6317,2559,17,5,157.97,30
6318,2559,169,1,41.86,10
6319,2559,21,2,355.5,10
6320,2560,21,2,459.15,15
6321,2560,217,5,337.34,5
6322,2560,8,1,73.33,15
6323,2561,58,5,209.51,0
6324,2561,80,5,428.68,10
6325,2561,214,2,336.27,15
6326,2562,231,2,576.29,15
6327,2562,19,4,199.98,0
6328,2562,174,5,76.01,25
6329,2562,249,3,58.38,20
6330,2563,57,5,411.22,10
6331,2563,129,4,564.98,0
6332,2564,73,5,277.91,10
6333,2564,45,2,472.71,20
6334,2564,155,2,289.7,0
6335,2564,38,2,529.13,20
6336,2565,98,2,162.62,30
6337,2565,137,3,175.74,20
6338,2566,128,3,577.68,0
6339,2566,14,3,60.96,10
6340,2566,157,2,648.03,30
6341,2567,104,1,569.64,20
6342,2567,142,4,262.27,25
6343,2567,86,2,71.14,25
6344,2568,157,2,628.04,0
6345,2568,147,2,428.22,0
6346,2569,29,4,411.9,10
6347,2569,223,2,384.45,30
6348,2569,189,2,448.82,25
6349,2569,111,-5,398.71,10
6350,2570,177,3,522.47,15
6351,2571,82,2,399.57,5
6352,2571,250,1,417.46,0
6353,2571,208,2,453.25,0
6354,2571,248,1,416.65,25
6355,2572,232,5,459.73,5
6356,2572,12,1,637.73,5
6357,2573,214,2,329.41,25
6358,2573,89,1,605.69,0
6359,2573,175,5,360.6,0
6360,2573,54,3,580.69,25
6361,2574,170,3,332.22,25
6362,2575,237,2,385.46,30
6363,2576,149,3,126.86,30
6364,2576,198,2,394.37,30
6365,2576,5,2,705.26,30
6366,2576,61,4,144.22,5
6367,2577,18,1,493.39,20
6368,2577,74,4,7.79,15
6369,2577,130,-1,582.47,10
6370,2577,39,5,628.76,5
6371,2578,191,3,316.87,30
6372,2578,54,2,628.29,0
6373,2578,144,5,87.27,0
6374,2578,59,2,466.88,25
6375,2579,133,1,571.32,10
6376,2579,2,5,389.82,10
6377,2579,87,3,475.53,10
6378,2579,127,5,285.81,25
6379,2580,150,2,174.37,0
6380,2580,234,-1,135.14,5
6381,2581,197,2,439.31,5
6382,2581,231,2,553.01,10
6383,2581,12,4,507.92,0
6384,2581,196,5,271.31,0
6385,2582,204,4,102.47,30
6386,2582,23,4,473.03,25
6387,2582,145,2,676.69,0
6388,2582,197,3,440.78,30
6389,2583,243,3,586.8,0
6390,2584,89,2,681.21,20
6391,2584,30,5,236.38,15
6392,2585,228,5,89.03,0
6393,2585,233,1,444.16,10
6394,2585,7,1,368.57,15
6395,2586,122,1,434.68,0
6396,2587,123,1,170.38,25
6397,2587,211,2,96.76,0
6398,2587,192,3,370.58,5
6399,2588,83,1,268.02,0
6400,2588,123,-1,211.8,5
6401,2589,139,3,503.73,0
6402,2589,120,1,287.54,15
6403,2589,14,5,68.67,30
6404,2590,68,1,568.04,15
6405,2591,208,5,574.53,30
6406,2591,216,3,319.6,25
6407,2592,161,2,409.45,5
6408,2592,210,1,475.98,15
6409,2592,21,3,384.63,15
6410,2592,1,4,276.96,0
6411,2593,188,5,380.31,0
6412,2594,199,2,520.12,0
6413,2594,214,2,318.84,20
6414,2594,220,4,539.05,15
6415,2595,220,-2,494.02,30
6416,2596,140,4,451.25,0
6417,2596,95,2,116.97,10
6418,2597,140,3,364.92,0
6419,2598,162,1,302.24,0
6420,2599,71,4,271.73,0
6421,2599,167,1,263.94,0
6422,2600,199,4,489.84,10
6423,2600,186,2,91.78,15
6424,2601,218,4,256.63,15
6425,2601,127,2,340.76,30
6426,2602,240,3,409.08,0
6427,2602,81,4,585.02,15
6428,2603,137,1,158.25,0
6429,2604,245,1,786.6,30
6430,2604,96,4,272.7,30
6431,2604,223,2,276.38,30
6432,2604,10,2,487.31,10
6433,2605,150,5,175.1,10
6434,2605,185,3,361.44,25
6435,2605,152,4,320.8,20
6436,2606,159,-2,509.05,15
6437,2606,214,3,362.76,25
6438,2607,209,2,365.49,5
6439,2607,57,3,324.41,15
6440,2607,144,2,97.97,30
6441,2608,57,4,322.81,5
6442,2608,68,1,713.03,0
6443,2608,6,1,444.66,0
6444,2609,18,-3,454.12,15
6445,2610,138,2,516.23,20
6446,2610,65,3,603.82,0
6447,2610,78,4,339.05,15
6448,2610,132,2,442.23,30
6449,2611,237,2,310.87,0
6450,2612,176,1,77.76,0
6451,2612,32,2,136.46,10
6452,2612,79,5,478.89,5
6453,2613,46,2,39.9,5
6454,2613,193,1,92.81,10
6455,2613,226,-3,467.28,20
6456,2613,141,2,410.16,30
6457,2614,61,2,134.5,30
6458,2614,91,5,696.61,15
6459,2615,65,5,538.69,0
6460,2616,163,3,692.68,0
6461,2616,67,4,291.4,30
6462,2616,233,1,485.48,0
6463,2616,10,1,433.12,20
6464,2617,90,2,621.83,5
6465,2617,44,3,756.85,20
6466,2618,231,3,599.15,25
6467,2619,192,3,359.99,0
6468,2620,159,4,541.38,30
6469,2620,180,3,149.33,0
6470,2621,197,3,507.69,25
6471,2621,106,5,458.63,0
6472,2622,125,2,721.76,25
6473,2623,107,2,606.57,5
6474,2623,47,4,456.2,25
6475,2624,156,5,771.1,0
6476,2625,56,1,59.46,20
6477,2625,82,4,483.03,10
6478,2625,155,4,220.16,15
6479,2625,26,5,177.66,0
6480,2626,207,1,391.59,5
6481,2626,243,4,732.43,5
6482,2626,159,3,516.47,0
6483,2626,190,2,85.25,20
6484,2627,117,5,719.97,0
6485,2627,189,1,440.49,0
6486,2627,106,2,466.14,0
6487,2627,189,4,469.87,10
6488,2628,68,-2,673.96,10
6489,2628,229,4,545.87,20
6490,2628,243,1,688.51,0
6491,2629,203,2,728.4,0
6492,2629,57,4,293.91,0
6493,2630,164,5,120.01,0
6494,2630,126,3,701.46,5
6495,2631,28,4,583.08,0
6496,2632,99,5,672.35,25
6497,2632,190,1,98.0,25
6498,2633,200,5,236.87,0
6499,2633,76,3,349.07,0
6500,2633,219,1,107.87,20
6501,2634,140,2,407.6,30
6502,2635,60,4,551.68,25
6503,2635,110,4,200.37,15
6504,2635,62,1,678.37,25
6505,2635,3,5,86.51,5
6506,2636,200,1,204.25,25
6507,2636,39,-2,627.66,25
6508,2637,124,5,72.35,30
6509,2637,32,2,172.49,0
6510,2637,67,2,223.77,0
6511,2637,237,2,332.53,0
6512,2638,216,1,330.75,20
6513,2638,122,3,426.89,20
6514,2638,47,3,619.54,0
6515,2639,140,2,468.88,0
6516,2639,249,5,70.53,0
6517,2640,228,4,107.51,10
6518,2640,94,3,237.06,5
6519,2640,146,3,346.29,25
6520,2640,209,3,454.48,0
6521,2641,111,4,389.43,0
6522,2641,106,5,480.17,25
6523,2642,180,5,172.34,5
6524,2643,186,1,105.36,25
6525,2644,103,1,139.33,0
6526,2644,166,4,512.17,0
6527,2644,43,3,91.42,0
6528,2644,80,3,340.46,20
6529,2645,38,1,588.61,10
6530,2646,148,1,264.55,20
6531,2647,41,3,172.6,20
6532,2647,184,2,634.97,15
6533,2647,154,2,755.89,30
6534,2648,95,4,151.58,5
6535,2648,26,2,169.27,20
6536,2648,61,5,138.98,15
6537,2648,148,4,307.93,0
6538,2649,142,2,230.65,25
6539,2650,78,4,298.73,0
6540,2650,109,5,282.26,0
6541,2650,99,5,689.53,15
6542,2651,49,2,149.07,25
6543,2652,159,3,531.15,30
6544,2652,86,5,66.2,15
6545,2652,195,2,651.22,25
6546,2652,14,4,52.92,25
6547,2653,222,1,99.32,5
6548,2654,187,5,494.43,10
6549,2654,3,2,108.2,0
6550,2654,9,5,190.86,15
6551,2654,45,2,612.64,10
6552,2655,158,2,645.16,0
6553,2656,166,4,400.44,25
6554,2656,180,3,164.34,20
6555,2656,238,1,58.96,5
6556,2656,187,5,475.18,10
6557,2657,30,1,234.83,5
6558,2657,11,4,704.49,10
6559,2657,115,2,317.83,20
6560,2657,232,3,563.8,5
6561,2658,99,1,558.18,0
6562,2658,214,1,282.87,30
6563,2659,34,2,542.61,0
6564,2659,196,4,279.71,15
6565,2660,56,5,73.27,0
6566,2661,50,2,567.05,5
6567,2661,86,5,67.72,0
6568,2661,173,2,391.25,15
6569,2662,128,2,554.77,0
6570,2662,40,4,204.38,10
6571,2662,113,3,415.25,0
6572,2662,216,4,284.69,15
6573,2663,227,1,449.74,15
6574,2663,102,3,777.8,20
6575,2664,158,1,707.27,0
6576,2664,243,5,793.04,30
6577,2664,134,3,467.42,5
6578,2665,161,4,389.09,15
6579,2665,92,3,45.75,30
6580,2665,67,3,278.68,0
6581,2666,79,5,440.64,30
6582,2667,160,5,647.66,10
6583,2667,217,1,240.92,20
6584,2667,239,3,403.2,0
6585,2668,27,5,376.98,0
6586,2668,1,4,271.19,5
6587,2669,85,2,282.78,5
6588,2670,205,4,514.78,0
6589,2670,149,2,111.9,0
6590,2670,37,4,709.88,0
6591,2670,37,2,573.82,15
6592,2671,198,1,428.79,0
6593,2671,125,2,675.96,0
6594,2671,216,3,382.68,10
6595,2672,4,3,189.56,0
6596,2672,177,5,503.96,0
6597,2672,64,4,527.23,25
6598,2673,241,3,493.51,20
6599,2673,49,2,164.35,0
6600,2673,46,-3,57.17,10
6601,2674,41,5,153.78,20
6602,2675,231,3,702.54,0
6603,2675,94,1,273.51,0
6604,2676,234,4,141.09,20
6605,2677,89,4,555.86,30
6606,2677,52,2,336.85,0
6607,2677,73,1,236.39,15
6608,2677,227,5,546.54,0
6609,2678,243,1,837.79,10
6610,2678,238,1,67.71,0
6611,2678,211,5,88.33,20
6612,2678,200,3,182.25,20
6613,2679,198,5,328.9,5
6614,2679,68,5,713.49,20
6615,2679,185,4,373.2,25
6616,2680,64,3,454.63,0
6617,2680,167,2,227.48,0
6618,2681,133,5,613.69,20
6619,2682,151,2,236.55,10
6620,2682,7,4,454.07,30
6621,2682,22,4,19.65,0
6622,2682,248,5,336.06,0
6623,2683,144,2,98.4,20
6624,2683,154,4,695.47,10
6625,2683,15,3,431.09,0
6626,2684,81,4,539.87,20
6627,2684,104,1,480.6,0
6628,2684,79,4,484.44,0
6629,2684,92,2,55.45,5
6630,2685,194,4,657.26,20
6631,2685,185,2,421.46,25
6632,2685,48,2,579.91,0
6633,2685,80,1,450.81,30
6634,2686,198,1,473.26,30
6635,2686,250,3,324.84,30
6636,2686,156,3,662.63,30
6637,2686,80,1,436.3,30
6638,2687,89,1,560.12,10
6639,2687,144,2,81.43,30
6640,2687,129,5,574.84,20
6641,2687,71,4,331.23,20
6642,2688,229,-2,568.71,10
6643,2688,203,1,551.15,30
6644,2688,193,-4,100.34,20
6645,2688,97,1,508.33,0
6646,2689,98,1,165.45,5
6647,2689,19,4,219.96,15
6648,2690,240,3,338.48,15
6649,2690,18,1,464.1,30
6650,2691,57,3,390.41,15
6651,2691,210,3,674.98,0
6652,2691,81,1,633.9,20
6653,2691,4,5,209.68,15
6654,2692,55,5,495.9,30
6655,2692,64,3,394.61,0
6656,2692,28,4,561.68,0
6657,2693,135,1,489.29,30
6658,2693,234,4,153.53,0
6659,2694,142,3,189.68,30
6660,2694,248,1,360.48,0
6661,2694,143,4,255.61,10
6662,2694,51,3,440.66,5
6663,2695,111,4,505.29,10
6664,2695,206,1,103.78,15
6665,2696,144,4,88.81,20
6666,2696,15,5,444.74,20
6667,2696,196,1,348.68,30
6668,2696,244,1,449.26,10
6669,2697,59,3,438.43,0
6670,2697,154,2,711.29,25
6671,2697,29,5,441.85,10
6672,2697,96,2,255.7,10
6673,2698,81,5,580.93,5
6674,2698,109,3,320.85,30
6675,2698,101,3,659.97,10
6676,2698,229,3,632.19,25
6677,2699,88,4,320.62,25
6678,2700,89,1,683.28,0
6679,2701,220,4,495.13,20
6680,2701,230,5,146.47,25
6681,2702,101,4,577.7,20
6682,2702,220,5,572.65,0
6683,2702,124,2,59.76,20
6684,2702,163,5,642.77,15
6685,2703,81,2,549.86,10
6686,2703,15,2,452.7,0
6687,2703,209,2,432.67,20
6688,2703,108,2,635.05,25
6689,2704,55,2,418.21,5
6690,2704,52,4,291.94,0
6691,2705,149,1,130.93,0
6692,2705,122,5,404.34,20
6693,2705,95,5,167.92,10
6694,2705,120,1,349.22,30
6695,2706,176,1,72.85,20
6696,2706,7,1,386.28,0
6697,2706,178,3,522.24,30
6698,2707,13,3,349.14,30
6699,2707,137,3,203.33,0
6700,2708,222,-1,133.98,20
6701,2708,89,5,634.6,25
6702,2709,77,1,95.85,0
6703,2710,243,4,600.93,30
6704,2710,237,-4,282.15,20
6705,2710,121,1,230.62,30
6706,2711,157,1,678.8,20
6707,2711,38,3,480.03,15
6708,2711,226,3,523.3,110
6709,2711,105,3,444.38,0
6710,2712,205,2,426.45,0
6711,2712,221,5,712.88,0
6712,2712,36,1,564.85,15
6713,2712,147,2,488.95,10
6714,2713,229,5,563.25,10
6715,2713,194,5,694.48,25
6716,2714,146,3,364.96,10
6717,2714,205,4,374.24,20
6718,2714,99,5,531.57,0
6719,2714,61,2,127.71,0
6720,2715,208,1,504.92,0
6721,2715,101,5,535.64,30
6722,2715,97,1,452.4,15
6723,2715,187,2,389.26,30
6724,2716,155,3,201.99,0
6725,2717,215,1,322.17,5
6726,2717,34,1,577.13,30
6727,2717,16,2,330.57,0
6728,2717,141,4,430.42,20
6729,2718,48,2,572.23,15
6730,2718,180,5,159.5,0
6731,2719,207,5,494.81,0
6732,2719,68,3,700.74,10
6733,2719,191,1,303.63,0
6734,2720,14,4,68.24,10
6735,2720,99,2,525.59,30
6736,2721,177,3,629.91,0
6737,2721,182,3,658.25,0
6738,2721,20,1,466.28,0
6739,2722,207,-5,507.72,25
6740,2723,88,5,270.78,25
6741,2723,39,2,670.08,15
6742,2724,111,3,405.9,15
6743,2724,127,4,311.7,0
6744,2725,182,5,644.41,30
6745,2725,208,1,615.59,0
6746,2725,167,4,325.8,20
6747,2726,126,4,532.78,25
6748,2726,38,1,586.42,0
6749,2726,25,-2,106.16,5
6750,2726,5,5,718.25,5
6751,2727,138,3,519.01,15
6752,2727,64,1,545.33,30
6753,2728,14,2,58.89,25
6754,2728,139,2,593.22,25
6755,2729,78,2,248.01,20
6756,2730,190,1,94.89,25
6757,2731,158,2,702.43,25
6758,2731,156,5,744.43,0
6759,2731,216,5,411.05,0
6760,2731,135,3,394.79,5
6761,2732,161,3,472.54,15
6762,2732,32,3,165.29,0
6763,2732,53,1,496.84,30
6764,2732,245,3,676.68,0
6765,2733,163,4,703.04,0
6766,2733,171,5,377.99,0
6767,2734,74,4,7.22,30
6768,2734,175,3,293.7,25
6769,2734,85,5,283.58,30
6770,2734,116,5,66.95,5
6771,2735,135,-1,353.49,0
6772,2735,39,5,474.97,25
6773,2735,73,2,226.88,30
6774,2735,207,3,510.03,0
6775,2736,183,4,554.16,10
6776,2737,30,4,247.88,0
6777,2737,7,4,369.66,0
6778,2737,168,5,449.56,10
6779,2738,42,4,227.55,25
6780,2738,56,3,57.06,25
6781,2738,177,5,627.97,5
6782,2739,42,2,273.39,15
6783,2739,250,2,458.54,0
6784,2740,191,3,328.64,5
6785,2740,107,3,680.39,20
6786,2740,142,2,226.18,25
6787,2740,122,2,392.57,10
6788,2741,220,5,485.87,10
6789,2741,217,4,254.17,20
6790,2741,73,3,274.45,0
6791,2741,5,3,746.63,20
6792,2742,178,-3,442.0,20
6793,2742,153,3,155.79,5
6794,2742,49,-2,137.49,30
6795,2743,166,5,468.14,0
6796,2744,187,2,371.33,0
6797,2744,248,3,367.15,0
6798,2745,171,1,327.14,20
6799,2745,28,2,671.73,20
6800,2745,250,4,317.68,30
6801,2745,248,1,357.05,10
6802,2746,233,3,457.25,0
6803,2746,136,4,511.94,0
6804,2746,47,5,470.75,20
6805,2746,234,2,145.27,0
6806,2747,58,1,168.23,0
6807,2747,28,5,493.23,30
6808,2748,8,3,80.58,0
6809,2748,157,5,573.58,25
6810,2749,171,3,316.07,5
6811,2749,56,3,56.31,25
6812,2749,132,3,520.23,20
6813,2749,213,5,429.78,15
6814,2750,248,4,433.29,5
6815,2750,11,1,565.52,0
6816,2751,208,2,610.14,0
6817,2751,191,1,334.7,0
6818,2751,207,1,451.67,0
6819,2751,28,5,486.7,0
6820,2752,138,3,461.22,20
6821,2753,167,1,243.8,10
6822,2753,61,4,130.5,25
6823,2753,21,3,346.85,15
6824,2753,68,2,658.1,30
6825,2754,118,4,12.5,0
6826,2754,79,-5,547.24,0
6827,2754,98,2,164.07,0
6828,2755,25,3,133.93,10
6829,2755,80,5,478.52,15
6830,2755,142,5,202.23,10
6831,2756,232,5,538.32,25
6832,2756,110,1,261.76,10
6833,2756,21,3,423.68,0
6834,2757,162,1,291.4,0
6835,2758,44,2,534.96,25
6836,2758,48,3,513.75,0
6837,2758,133,3,746.82,0
6838,2759,119,5,487.17,10
6839,2759,184,4,544.11,0
6840,2759,117,4,563.25,5
6841,2760,129,3,474.53,30
6842,2761,54,3,652.01,0
6843,2761,82,3,470.83,15
6844,2761,70,3,453.89,0
6845,2762,33,-2,198.99,30
6846,2762,143,1,317.35,10
6847,2762,238,3,79.21,15
6848,2762,227,5,569.4,20
6849,2763,200,4,203.96,0
6850,2763,245,1,674.65,0
6851,2764,147,3,390.9,15
6852,2764,83,2,304.26,20
6853,2765,12,3,622.61,30
6854,2765,156,4,658.89,15
6855,2765,26,2,209.05,0
6856,2765,93,4,37.28,0
6857,2766,227,-3,617.75,5
6858,2766,63,2,99.11,0
6859,2767,8,3,65.0,30
6860,2768,100,3,410.7,10
6861,2768,55,4,388.5,20
6862,2768,51,1,445.9,0
6863,2769,127,2,279.92,0
6864,2769,87,2,557.91,0
6865,2769,50,2,579.79,0
6866,2770,143,1,244.55,25
6867,2771,228,4,84.13,30
6868,2772,220,4,589.11,25
6869,2773,221,4,599.5,30
6870,2773,52,1,399.05,0
6871,2773,55,5,427.83,0
6872,2773,202,1,207.73,10
6873,2774,52,2,423.5,30
6874,2774,68,2,671.77,10
6875,2774,82,4,462.23,15
6876,2775,24,3,556.21,15
6877,2776,40,1,236.82,5
6878,2776,3,5,80.95,30
6879,2776,221,1,602.79,30
6880,2776,177,3,575.44,0
6881,2777,212,4,672.92,20
6882,2778,78,4,250.15,10
6883,2779,123,1,212.88,0
6884,2779,129,2,396.04,20
6885,2779,159,3,400.7,25
6886,2779,245,5,858.49,20
6887,2780,39,2,559.77,25
6888,2780,240,3,318.27,25
6889,2780,92,4,48.15,5
6890,2781,50,5,793.67,0
6891,2781,7,1,428.6,0
6892,2781,6,1,631.81,25
6893,2782,100,2,600.26,15
6894,2783,140,3,412.18,0
6895,2783,80,2,405.24,0
6896,2783,125,2,669.49,10
6897,2783,190,4,105.85,0
6898,2784,29,4,381.28,10
6899,2784,172,5,398.55,0
6900,2784,99,5,730.95,0
6901,2784,153,3,138.78,150
6902,2785,224,2,774.03,30
6903,2785,57,5,411.6,10
6904,2786,192,1,316.76,25
6905,2786,60,3,474.64,20
6906,2786,207,4,456.79,10
6907,2787,146,1,287.74,0
6908,2787,96,2,194.59,30
6909,2787,227,3,583.2,30
6910,2788,109,5,350.38,20
6911,2788,169,2,38.32,5
6912,2789,19,5,223.74,0
6913,2790,148,3,315.03,0
6914,2790,121,1,209.68,0
6915,2790,168,2,438.26,0
6916,2791,15,3,471.21,0
6917,2791,113,3,347.83,10
6918,2792,222,4,129.62,5
6919,2792,50,4,558.74,10
6920,2792,117,4,605.31,15
6921,2793,108,3,519.38,0
6922,2794,201,3,341.24,5
6923,2794,229,1,518.84,25
6924,2795,226,2,647.96,10
6925,2795,243,4,588.29,15
6926,2796,203,1,593.05,0
6927,2796,69,1,732.8,5
6928,2796,207,5,481.83,0
6929,2797,195,1,756.54,0
6930,2797,158,5,712.89,20
6931,2797,148,2,316.56,30
6932,2797,6,5,645.42,0
6933,2798,178,1,504.05,25
6934,2798,226,4,506.56,30
6935,2798,111,5,427.96,0
6936,2799,6,5,477.33,15
6937,2799,133,5,604.24,0
6938,2800,243,1,818.44,0
6939,2800,201,3,344.9,30
6940,2800,24,4,410.47,30
6941,2801,131,5,622.29,0
6942,2801,158,4,838.02,25
6943,2801,179,5,491.17,0
6944,2802,201,3,396.72,20
6945,2803,151,4,220.2,5
6946,2803,163,3,657.75,0
6947,2803,141,3,525.81,0
6948,2803,70,1,621.86,30
6949,2804,12,1,481.89,25
6950,2804,212,1,510.49,0
6951,2805,37,2,702.07,15
6952,2805,110,1,194.76,30
6953,2805,52,4,308.35,0
6954,2805,11,4,618.88,10
6955,2806,94,4,284.54,0
6956,2807,171,3,345.42,0
6957,2807,197,-2,460.64,20
6958,2807,36,5,689.41,25
6959,2808,72,4,406.21,10
6960,2809,233,1,475.0,5
6961,2810,10,4,408.45,0
6962,2811,55,5,495.73,150
6963,2811,122,1,322.52,0
6964,2812,176,3,67.17,0
6965,2812,245,5,609.02,0
6966,2812,230,4,155.2,10
6967,2813,151,3,183.68,10
6968,2814,204,2,95.29,30
6969,2815,61,-2,137.23,25
6970,2816,226,3,445.73,10
6971,2816,203,5,741.49,25
6972,2817,133,5,604.97,25
6973,2817,142,3,240.86,25
6974,2817,226,2,470.69,30
6975,2817,66,-3,388.57,20
6976,2818,24,4,578.41,20
6977,2818,210,3,600.68,20
6978,2818,22,3,19.69,0
6979,2818,172,1,285.06,10
6980,2819,214,1,311.48,0
6981,2820,190,5,77.06,20
6982,2820,234,4,177.73,0
6983,2821,121,1,190.34,20
6984,2821,201,1,308.46,0
6985,2821,55,3,419.54,150
6986,2822,220,4,579.89,20
6987,2822,182,2,775.51,25
6988,2822,36,2,753.98,30
6989,2822,10,1,438.1,20
6990,2823,114,3,545.0,25
6991,2823,160,4,509.24,5
6992,2824,219,3,107.04,0
6993,2824,7,5,382.57,5
6994,2825,211,2,91.65,0
6995,2825,50,2,701.57,10
6996,2825,30,2,271.84,0
6997,2825,15,3,453.38,0
6998,2826,81,1,612.6,10
6999,2826,8,5,65.33,15
7000,2827,31,3,235.41,15
7001,2827,105,2,485.39,0
7002,2827,11,2,722.74,0
7003,2828,91,4,771.94,25
7004,2828,153,4,148.34,20
7005,2829,127,4,271.63,0
7006,2829,180,4,178.08,10
7007,2829,55,2,416.46,20
7008,2829,66,2,492.27,10
7009,2830,177,1,641.27,0
7010,2830,73,2,241.0,0
7011,2830,86,1,90.66,30
7012,2831,20,4,513.04,15
7013,2831,22,2,17.15,15
7014,2831,118,1,11.66,25
7015,2832,196,1,283.62,25
7016,2832,248,3,438.78,5
7017,2833,232,1,670.65,20
7018,2833,10,5,382.6,0
7019,2833,39,1,603.98,30
7020,2834,1,1,285.53,0
7021,2834,234,5,168.13,15
7022,2834,45,1,661.88,25
7023,2835,87,2,491.28,0
7024,2835,23,4,370.92,5
7025,2835,12,2,584.17,5
7026,2835,102,3,563.84,0
7027,2836,211,4,82.07,10
7028,2836,140,1,353.55,10
7029,2837,142,2,224.58,0
7030,2837,123,1,155.26,30
7031,2837,227,1,477.77,15
7032,2837,150,4,212.69,5
7033,2838,31,1,228.85,0
7034,2838,66,4,486.09,20
7035,2839,246,4,13.02,0
7036,2840,245,1,819.17,0
7037,2840,243,1,642.28,0
7038,2840,142,5,204.5,25
7039,2841,109,1,364.11,30
7040,2841,52,2,402.94,5
7041,2842,244,5,416.01,25
7042,2842,129,1,393.93,15
7043,2843,87,3,625.8,5
7044,2843,143,4,316.11,5
7045,2844,197,-5,429.61,110
7046,2844,11,5,687.57,0
7047,2844,245,5,768.38,5
7048,2845,114,2,524.01,20
7049,2845,177,2,613.13,25
7050,2845,126,1,515.15,10
7051,2845,182,2,625.36,5
7052,2846,231,2,646.71,0
7053,2846,137,1,205.05,20
7054,2847,4,2,202.65,25
7055,2847,118,1,11.15,30
7056,2847,62,5,659.8,0
7057,2847,151,3,234.94,10
7058,2848,228,1,96.19,30
7059,2848,194,5,673.63,20
7060,2849,224,5,678.08,5
7061,2849,154,3,608.58,30
7062,2850,72,3,325.02,20
7063,2850,182,2,743.9,30
7064,2850,230,3,197.99,25
7065,2850,153,5,172.95,0
7066,2851,76,3,331.07,0
7067,2851,32,3,151.74,0
7068,2851,151,2,190.32,10
7069,2851,121,1,188.61,30
7070,2852,12,1,598.01,25
7071,2852,1,2,248.04,20
7072,2852,167,5,233.64,0
7073,2853,177,2,550.65,0
7074,2853,130,3,785.23,0
7075,2853,238,5,68.45,0
7076,2854,232,3,522.02,15
7077,2854,193,2,118.96,0
7078,2854,56,-4,77.01,25
7079,2854,42,4,219.93,0
7080,2855,202,1,227.31,0
7081,2855,238,3,59.74,5
7082,2855,238,4,70.46,15
7083,2855,204,4,105.16,10
7084,2856,9,5,156.06,0
7085,2856,196,1,297.16,30
7086,2856,248,3,349.96,0
7087,2857,124,2,70.68,30
7088,2857,144,3,94.31,0
7089,2857,10,5,417.81,25
7090,2857,216,5,385.69,30
7091,2858,115,3,329.96,5
7092,2858,217,2,316.87,110
7093,2858,113,3,307.62,15
7094,2858,123,2,215.4,15
7095,2859,101,2,653.31,15
7096,2860,70,4,602.76,10
7097,2860,14,1,53.08,20
7098,2860,220,1,576.54,30
7099,2860,30,3,255.66,10
7100,2861,86,1,71.0,30
7101,2862,47,5,475.4,20
7102,2862,115,3,317.96,0
7103,2862,225,1,175.42,30
7104,2863,206,1,109.52,15
7105,2863,23,3,455.28,25
7106,2864,217,1,356.85,0
7107,2865,13,4,481.52,0
7108,2865,175,3,319.23,0
7109,2865,217,3,342.69,10
7110,2866,243,2,683.72,15
7111,2866,30,1,212.58,5
7112,2867,29,4,324.62,15
7113,2867,215,3,413.92,0
7114,2868,68,1,630.83,30
7115,2868,8,4,76.99,5
7116,2869,99,1,714.35,30
7117,2869,99,4,702.86,15
7118,2869,16,-3,323.38,0
7119,2869,59,-3,473.41,0
7120,2870,11,1,624.44,30
7121,2870,228,2,113.96,0
7122,2870,190,3,78.71,15
7123,2871,41,1,159.69,10
7124,2871,225,1,195.15,30
7125,2871,224,3,789.96,5
7126,2872,121,2,195.51,20
7127,2872,140,1,387.42,20
7128,2873,84,5,600.69,10
7129,2873,246,2,15.42,15
7130,2873,171,3,399.04,0
7131,2874,153,3,165.16,10
7132,2874,2,5,382.66,25
7133,2875,65,1,625.54,0
7134,2875,60,4,428.93,10
7135,2875,211,1,92.35,0
7136,2876,215,1,305.73,25
7137,2877,9,5,165.6,30
7138,2878,122,1,399.86,10
7139,2878,131,3,552.81,10
7140,2879,199,2,694.51,25
7141,2879,250,1,436.19,15
7142,2880,2,3,399.03,0
7143,2881,19,3,239.7,20
7144,2881,225,-1,219.19,30
7145,2882,165,1,115.66,25
7146,2882,43,5,92.44,20
7147,2882,247,2,775.79,10
7148,2882,91,5,601.8,0
7149,2883,52,4,302.96,0
7150,2883,156,2,702.64,25
7151,2883,23,2,368.85,15
7152,2883,50,3,775.4,5
7153,2884,30,3,256.97,10
7154,2884,11,4,677.87,20
7155,2884,122,5,337.59,30
7156,2885,27,5,319.83,0
7157,2886,83,5,280.01,15
7158,2887,198,2,331.54,25
7159,2887,105,4,431.58,5
7160,2887,96,5,264.21,0
7161,2887,237,1,322.78,25
7162,2888,215,-5,313.39,25
7163,2888,40,4,174.88,20
7164,2888,99,2,641.76,10
7165,2888,145,3,656.56,30
7166,2889,75,1,504.33,20
7167,2889,135,5,437.57,5
7168,2889,19,2,261.3,0
7169,2890,33,5,144.25,5
7170,2890,177,3,616.28,15
7171,2890,73,2,216.64,10
7172,2891,231,2,554.56,20
7173,2891,74,4,7.68,0
7174,2891,113,3,381.47,25
7175,2892,30,1,203.38,20
7176,2892,224,-5,748.61,30
7177,2893,152,2,320.24,0
7178,2893,14,5,59.34,25
7179,2893,71,1,289.53,5
7180,2893,194,4,665.72,0
7181,2894,199,4,694.95,5
7182,2894,81,5,656.85,20
7183,2894,23,1,481.29,15
7184,2894,83,5,289.75,10
7185,2895,18,4,522.9,0
7186,2895,37,5,590.11,15
7187,2895,24,5,489.91,0
7188,2896,130,4,618.08,0
7189,2896,198,5,395.08,15
7190,2896,119,2,412.31,15
7191,2896,180,4,183.38,30
7192,2897,5,3,738.74,5
7193,2897,225,3,163.91,20
7194,2898,63,5,122.91,5
7195,2898,143,1,320.95,25
7196,2898,43,1,124.87,20
7197,2899,215,4,304.04,0
7198,2900,203,5,615.09,0
7199,2901,84,4,478.08,0
7200,2901,5,5,693.79,25
7201,2901,224,2,575.81,10
7202,2901,52,1,337.13,0
7203,2902,225,5,160.38,0
7204,2902,17,2,142.37,0
7205,2902,203,2,679.65,5
7206,2902,53,4,443.42,5
7207,2903,155,3,278.43,5
7208,2903,249,4,64.94,10
7209,2903,6,3,552.96,0
7210,2903,248,5,419.25,0
7211,2904,68,1,700.49,5
7212,2904,240,3,398.68,15
7213,2904,235,3,285.5,10
7214,2904,44,1,663.54,5
7215,2905,38,3,504.92,20
7216,2905,61,2,109.29,5
7217,2906,26,2,207.79,0
7218,2906,180,2,159.19,20
7219,2906,177,5,637.81,0
7220,2906,190,2,105.21,0
7221,2907,20,-5,390.56,30
7222,2908,130,5,684.78,5
7223,2909,49,5,144.33,30
7224,2910,211,-2,116.08,30
7225,2910,145,5,550.81,30
7226,2910,61,3,108.94,30
7227,2910,139,3,529.33,30
7228,2911,125,5,789.96,0
7229,2911,143,1,287.21,10
7230,2911,70,2,465.34,30
7231,2911,163,3,679.57,0
7232,2912,176,1,85.7,0
7233,2912,233,2,436.09,0
7234,2913,142,1,232.15,25
7235,2913,148,2,299.49,5
7236,2913,156,3,710.93,20
7237,2914,107,1,709.59,5
7238,2914,138,3,526.89,15
7239,2914,117,2,649.48,0
7240,2914,49,3,127.22,0
7241,2915,19,3,290.98,20
7242,2916,244,3,463.13,20
7243,2917,240,5,397.46,15
7244,2917,13,4,426.79,10
7245,2917,241,2,512.49,15
7246,2918,3,3,91.12,15
7247,2918,228,-3,114.2,10
7248,2918,112,3,571.54,10
7249,2918,180,4,192.47,0
7250,2919,73,3,217.67,30
7251,2919,111,4,455.28,0
7252,2919,234,4,163.81,5
7253,2919,13,3,381.65,0
7254,2920,109,3,305.26,10
7255,2920,146,4,367.18,15
7256,2920,8,2,60.46,10
7257,2921,192,4,306.97,25
7258,2921,160,2,721.52,30
7259,2922,6,4,599.17,0
7260,2922,191,3,318.91,0
7261,2922,232,1,491.09,30
7262,2923,121,5,215.93,0
7263,2923,96,-2,259.72,0
7264,2923,108,5,519.72,0
7265,2924,12,5,454.89,10
7266,2924,208,3,575.25,0
7267,2924,177,4,697.62,15
7268,2925,199,1,509.29,30
7269,2926,120,2,300.57,10
7270,2926,96,1,223.83,30
7271,2927,82,4,490.95,25
7272,2927,118,4,9.55,10
7273,2928,153,1,175.74,30
7274,2928,19,2,211.95,30
7275,2928,38,3,585.01,0
7276,2928,113,5,331.17,0
7277,2929,65,3,682.41,30
7278,2930,22,3,14.99,5
7279,2930,193,1,125.76,0
7280,2930,118,3,11.09,30
7281,2930,216,2,279.18,0
7282,2931,152,5,295.19,20
7283,2931,18,4,574.88,20
7284,2931,147,5,368.33,0
7285,2931,138,2,494.14,0
7286,2932,149,1,131.92,25
7287,2932,240,5,389.5,0
7288,2932,232,5,617.81,5
7289,2932,226,2,439.46,0
7290,2933,21,2,401.34,20
7291,2933,102,3,675.74,20
7292,2934,187,2,501.4,15
7293,2934,79,4,520.96,30
7294,2935,129,1,557.62,15
7295,2935,68,-2,671.96,0
7296,2935,146,2,371.08,5
7297,2936,248,2,347.21,10
7298,2937,202,4,192.27,0
7299,2938,138,3,471.78,20
7300,2938,108,2,503.2,15
7301,2939,81,1,645.86,0
7302,2939,36,3,560.92,30
7303,2939,13,1,400.42,0
7304,2939,127,2,303.04,0
7305,2940,119,1,502.83,30
7306,2940,158,3,777.82,0
7307,2941,144,3,99.21,0
7308,2941,151,1,184.06,30
7309,2942,206,3,124.92,0
7310,2942,161,-1,425.23,15
7311,2943,15,5,427.73,150
7312,2943,71,3,400.82,0
7313,2943,47,1,471.86,0
7314,2943,148,-1,278.66,5
7315,2944,185,1,481.1,0
7316,2944,139,5,545.0,10
7317,2945,60,2,482.82,10
7318,2945,207,4,449.7,0
7319,2945,22,5,17.58,0
7320,2945,1,4,225.92,10
7321,2946,209,5,444.29,10
7322,2946,222,3,109.9,10
7323,2947,160,4,701.08,30
7324,2948,105,1,373.06,0
7325,2948,71,2,377.24,20
7326,2948,14,3,49.32,0
7327,2948,247,5,655.26,0
7328,2949,98,1,229.8,30
7329,2949,46,2,52.6,15
7330,2949,177,2,649.46,0
7331,2950,14,3,65.1,20
7332,2950,119,1,519.57,20
7333,2951,229,4,731.58,10
7334,2952,25,3,117.31,25
7335,2953,64,2,483.19,25
7336,2953,118,1,12.07,20
7337,2954,247,4,726.28,0
7338,2954,212,2,512.83,0
7339,2954,89,-3,533.82,20
7340,2954,110,5,257.26,15
7341,2955,82,2,459.09,30
7342,2956,160,-4,676.09,15
7343,2957,181,1,482.43,25
7344,2957,88,4,324.33,25
7345,2958,38,2,554.43,30
7346,2958,211,3,88.94,15
7347,2958,140,-2,383.07,0
7348,2958,117,2,633.9,0
7349,2959,233,1,508.89,0
7350,2959,93,3,37.87,0
7351,2960,66,5,368.24,20
7352,2960,158,1,814.55,25
7353,2960,179,5,373.31,0
7354,2961,193,3,118.16,0
7355,2961,5,3,673.74,10
7356,2961,23,5,383.83,0
7357,2962,238,3,77.83,0
7358,2962,132,5,460.51,15
7359,2962,228,3,101.73,20
7360,2963,219,3,92.83,15
7361,2964,249,4,64.41,0
7362,2964,51,2,491.54,0
7363,2964,185,5,483.92,15
7364,2965,31,5,298.26,10
7365,2966,27,4,375.17,20
7366,2966,230,4,198.88,20
7367,2967,13,3,504.38,5
7368,2968,21,-3,361.18,15
7369,2969,184,3,583.92,10
7370,2969,250,4,420.84,15
7371,2969,38,2,577.73,20
7372,2970,194,4,643.13,0
7373,2970,32,4,166.02,15
7374,2970,101,4,629.86,0
7375,2971,99,5,599.81,25
7376,2971,15,4,454.57,20
7377,2972,72,4,399.09,5
7378,2972,52,2,342.54,15
7379,2973,48,2,682.57,10
7380,2973,162,4,319.32,5
7381,2973,107,1,726.1,25
7382,2973,242,4,178.7,0
7383,2974,192,1,440.51,30
7384,2974,200,4,242.78,15
7385,2974,157,5,773.52,0
7386,2975,28,3,584.86,30
7387,2975,127,5,271.55,15
7388,2975,231,4,632.51,0
7389,2975,97,2,487.58,10
7390,2976,104,4,455.84,0
7391,2976,58,3,173.6,20
7392,2976,156,1,530.64,0
7393,2976,127,2,315.13,25
7394,2977,118,4,12.21,25
7395,2977,107,2,597.74,0
7396,2977,169,2,41.15,10
7397,2978,209,4,454.32,10
7398,2978,23,3,431.81,0
7399,2978,78,-1,324.38,15
7400,2979,132,5,577.88,30
7401,2979,5,1,647.28,5
7402,2979,90,4,658.45,0
7403,2979,212,1,559.54,15
7404,2980,140,1,446.27,20
7405,2980,79,5,588.94,15
7406,2981,17,-2,124.94,30
7407,2982,224,4,660.22,0
7408,2982,15,3,526.71,20
7409,2982,104,1,551.54,0
7410,2982,84,3,497.94,20
7411,2983,75,1,586.69,0
7412,2984,230,5,158.51,25
7413,2984,182,1,793.98,5
7414,2984,18,5,606.62,0
7415,2984,177,3,542.76,10
7416,2985,202,-5,264.18,25
7417,2985,52,1,374.9,15
7418,2985,20,3,513.55,25
7419,2986,213,4,433.79,20
7420,2986,92,5,42.17,20
7421,2987,159,2,492.59,25
7422,2987,194,5,760.45,20
7423,2987,64,3,436.82,0
7424,2987,85,2,339.44,0
7425,2988,40,2,215.67,20
7426,2988,219,2,91.21,25
7427,2988,204,3,79.98,0
7428,2988,57,-4,380.61,30
7429,2989,197,5,363.48,0
7430,2989,95,3,136.0,5
7431,2989,173,4,414.37,0
7432,2989,4,5,244.33,30
7433,2990,79,3,445.28,5
7434,2990,244,4,454.83,20
7435,2990,29,3,460.07,20
7436,2990,100,-1,409.2,0
7437,2991,55,-2,397.91,20
7438,2991,110,4,224.9,0
7439,2992,153,2,179.06,5
7440,2992,70,1,640.2,30
7441,2992,88,1,332.45,10
7442,2992,142,1,209.43,20
7443,2993,150,1,176.77,5
7444,2993,127,5,291.44,5
7445,2994,99,4,605.14,20
7446,2994,158,1,638.99,5
7447,2994,62,4,818.84,10
7448,2995,60,-3,522.54,30
7449,2995,96,1,244.47,15
7450,2995,65,2,521.37,30
7451,2996,161,1,402.12,10
7452,2996,140,3,340.9,25
7453,2996,152,3,289.99,30
7454,2996,225,4,162.1,30
7455,2997,95,2,158.05,5
7456,2997,187,3,476.79,25
7457,2997,245,1,694.18,10
7458,2997,11,2,658.95,20
7459,2998,75,5,576.48,10
7460,2998,175,5,378.49,0
7461,2998,94,4,214.72,25
7462,2999,240,4,460.95,0
7463,3000,167,5,290.55,10
7464,3000,202,2,193.03,0
7465,3000,149,-5,110.37,25
7466,3000,147,5,363.03,0
7467,4162,89,3,544.18,10
7468,5592,197,3,397.6,10
7469,7307,154,3,664.4,10
7470,7288,98,1,181.62,20
7471,7823,72,1,322.04,10
7472,5320,188,2,322.78,0
7473,5065,27,3,295.58,10
7474,7687,142,3,209.72,10
7475,7124,80,3,378.03,20
7476,4484,8,2,66.85,10
7477,5684,50,1,650.22,10
7478,7704,46,2,45.36,10
7479,4893,239,1,462.32,0
7480,7845,197,2,397.6,20
7481,6798,164,2,101.04,20
